video,frame,track_id,class_id,class_name,cx,cy,crossing_event,total_count
black,66,1,-1,Unknown,119.5,318.0,False,0
black,67,1,-1,Unknown,98.0,326.5,False,0
black,68,1,1,Pineapple,81.7,337.4,False,0
black,69,1,1,Pineapple,68.3,349.2,False,0
black,70,1,1,Pineapple,53.0,360.4,False,0
black,71,1,1,Pineapple,58.0,362.6,False,0
black,72,1,1,Pineapple,48.1,371.4,False,0
black,73,1,1,Pineapple,38.3,380.1,False,0
black,74,1,1,Pineapple,28.4,388.9,False,0
black,75,1,1,Pineapple,18.5,397.7,False,0
black,76,1,1,Pineapple,8.7,406.4,False,0
black,77,1,1,Pineapple,-1.2,415.2,False,0
black,78,1,1,Pineapple,-11.0,424.0,False,0
black,79,1,1,Pineapple,-20.9,432.7,False,0
black,80,1,1,Pineapple,-30.7,441.5,False,0
black,81,1,1,Pineapple,-40.6,450.3,False,0
black,82,1,1,Pineapple,-50.4,459.0,False,0
black,83,1,1,Pineapple,-60.3,467.8,False,0
black,84,1,1,Pineapple,-70.2,476.5,False,0
black,85,1,1,Pineapple,-80.0,485.3,False,0
black,86,1,1,Pineapple,-89.9,494.1,False,0
black,87,1,1,Pineapple,-99.7,502.8,False,0
black,88,1,1,Pineapple,-109.6,511.6,False,0
black,89,1,1,Pineapple,-119.4,520.4,False,0
black,90,1,1,Pineapple,-129.3,529.1,False,0
black,91,1,1,Pineapple,-139.1,537.9,False,0
black,92,2,-1,Unknown,54.5,450.0,False,0
black,93,2,-1,Unknown,54.5,450.0,False,0
black,94,2,-1,Unknown,49.5,475.5,False,0
black,95,2,-1,Unknown,49.6,485.0,False,0
black,96,2,-1,Unknown,49.3,490.7,False,0
black,97,2,-1,Unknown,48.7,499.3,False,0
black,98,2,-1,Unknown,48.0,507.9,False,0
black,99,2,-1,Unknown,47.4,516.4,False,0
black,100,2,-1,Unknown,46.8,525.0,False,0
black,101,2,-1,Unknown,46.1,533.6,False,0
black,102,2,-1,Unknown,45.5,542.2,False,0
black,103,2,-1,Unknown,44.8,550.7,False,0
black,104,2,-1,Unknown,44.2,559.3,False,0
black,105,2,-1,Unknown,43.5,567.9,False,0
black,106,2,-1,Unknown,42.9,576.5,False,0
black,107,2,-1,Unknown,42.3,585.1,False,0
black,108,2,-1,Unknown,41.6,593.6,False,0
black,108,3,-1,Unknown,357.0,149.5,False,0
black,109,2,-1,Unknown,41.0,602.2,False,0
black,109,3,-1,Unknown,357.0,149.5,False,0
black,110,2,-1,Unknown,40.3,610.8,False,0
black,110,3,-1,Unknown,357.0,149.5,False,0
black,111,2,-1,Unknown,39.7,619.4,False,0
black,111,3,-1,Unknown,338.0,179.0,False,0
black,112,2,-1,Unknown,39.0,627.9,False,0
black,112,3,-1,Unknown,331.7,188.8,False,0
black,113,2,-1,Unknown,38.4,636.5,False,0
black,113,3,-1,Unknown,325.3,198.7,False,0
black,114,2,-1,Unknown,37.8,645.1,False,0
black,114,3,-1,Unknown,319.0,208.5,False,0
black,115,2,-1,Unknown,37.1,653.7,False,0
black,115,3,-1,Unknown,291.6,228.2,False,0
black,116,2,-1,Unknown,36.5,662.2,False,0
black,116,3,-1,Unknown,281.0,240.0,False,0
black,117,3,-1,Unknown,270.4,251.9,False,0
black,118,3,-1,Unknown,259.9,263.7,False,0
black,119,3,-1,Unknown,249.3,275.5,False,0
black,120,3,-1,Unknown,227.7,275.3,False,0
black,121,3,-1,Unknown,215.9,285.7,False,0
black,122,3,-1,Unknown,204.0,296.2,False,0
black,123,3,-1,Unknown,192.2,306.6,False,0
black,124,3,-1,Unknown,180.3,317.1,False,0
black,125,3,-1,Unknown,168.5,327.6,False,0
black,126,3,-1,Unknown,156.6,338.0,False,0
black,127,3,-1,Unknown,144.8,348.5,False,0
black,128,3,-1,Unknown,133.0,358.9,False,0
black,129,3,-1,Unknown,121.1,369.4,False,0
black,130,3,-1,Unknown,109.3,379.8,False,0
black,131,3,-1,Unknown,97.4,390.3,False,0
black,132,3,-1,Unknown,85.6,400.8,False,0
black,133,3,-1,Unknown,73.7,411.2,False,0
black,134,3,-1,Unknown,61.9,421.7,False,0
black,134,4,1,Pineapple,303.0,109.5,False,0
black,135,3,-1,Unknown,50.1,432.1,False,0
black,135,4,1,Pineapple,303.0,109.5,False,0
black,136,3,-1,Unknown,38.2,442.6,False,0
black,136,4,1,Pineapple,303.0,109.5,False,0
black,137,3,-1,Unknown,26.4,453.0,False,0
black,137,4,1,Pineapple,289.0,136.0,False,0
black,138,3,-1,Unknown,14.5,463.5,False,0
black,138,4,1,Pineapple,282.4,143.8,False,0
black,138,5,-1,Unknown,121.5,362.0,False,0
black,139,3,-1,Unknown,2.7,473.9,False,0
black,139,4,1,Pineapple,276.9,152.1,False,0
black,139,5,-1,Unknown,120.0,373.5,False,0
black,140,3,-1,Unknown,-9.2,484.4,False,0
black,140,4,1,Pineapple,271.4,160.4,False,0
black,140,5,-1,Unknown,118.5,385.0,False,0
black,141,4,1,Pineapple,265.9,168.8,False,0
black,141,5,-1,Unknown,101.3,394.5,False,0
black,142,4,1,Pineapple,260.4,177.1,False,0
black,142,5,-1,Unknown,92.6,405.1,False,0
black,143,4,1,Pineapple,249.7,193.3,False,0
black,143,5,-1,Unknown,84.0,415.7,False,0
black,144,4,1,Pineapple,243.3,202.8,False,0
black,144,5,-1,Unknown,75.4,426.4,False,0
black,145,4,1,Pineapple,237.0,212.3,False,0
black,145,5,-1,Unknown,66.7,437.0,False,0
black,146,4,1,Pineapple,230.7,221.9,False,0
black,146,5,-1,Unknown,58.1,447.6,False,0
black,147,4,1,Pineapple,224.4,231.4,False,0
black,147,5,-1,Unknown,49.4,458.2,False,0
black,148,4,1,Pineapple,218.1,241.0,False,0
black,148,5,-1,Unknown,40.8,468.8,False,0
black,149,4,1,Pineapple,211.8,250.5,False,0
black,149,5,-1,Unknown,32.1,479.4,False,0
black,150,4,1,Pineapple,205.5,260.0,False,0
black,150,5,-1,Unknown,23.5,490.0,False,0
black,151,4,1,Pineapple,199.1,269.6,False,0
black,151,5,-1,Unknown,14.8,500.6,False,0
black,152,4,1,Pineapple,192.8,279.1,False,0
black,152,5,-1,Unknown,6.2,511.2,False,0
black,153,4,1,Pineapple,186.5,288.7,False,0
black,153,5,-1,Unknown,-2.4,521.8,False,0
black,154,4,1,Pineapple,180.2,298.2,False,0
black,154,5,-1,Unknown,-11.1,532.4,False,0
black,155,4,1,Pineapple,173.9,307.7,False,0
black,155,5,-1,Unknown,-19.7,543.0,False,0
black,156,4,1,Pineapple,167.6,317.3,False,0
black,156,5,-1,Unknown,-28.4,553.6,False,0
black,157,4,1,Pineapple,161.3,326.8,False,0
black,157,5,-1,Unknown,-37.0,564.2,False,0
black,158,4,1,Pineapple,154.9,336.4,False,0
black,158,5,-1,Unknown,-45.7,574.8,False,0
black,159,4,1,Pineapple,148.6,345.9,False,0
black,159,5,-1,Unknown,-54.3,585.4,False,0
black,160,4,1,Pineapple,142.3,355.4,False,0
black,160,5,-1,Unknown,-63.0,596.0,False,0
black,161,4,1,Pineapple,136.0,365.0,False,0
black,161,5,-1,Unknown,-71.6,606.7,False,0
black,162,4,1,Pineapple,137.9,321.9,False,0
black,163,4,1,Pineapple,132.0,329.0,False,0
black,164,4,1,Pineapple,126.1,336.0,False,0
black,165,4,1,Pineapple,125.5,345.5,False,0
black,166,4,1,Pineapple,120.0,352.8,False,0
black,167,4,1,Pineapple,115.7,360.4,False,0
black,168,4,1,Pineapple,111.8,368.9,False,0
black,169,4,1,Pineapple,108.8,379.1,False,0
black,170,4,1,Pineapple,103.8,386.7,False,0
black,171,4,1,Pineapple,99.7,396.0,False,0
black,172,4,1,Pineapple,99.3,406.6,False,0
black,173,4,1,Pineapple,94.7,414.7,False,0
black,174,4,1,Pineapple,90.2,422.7,False,0
black,175,4,1,Pineapple,87.2,428.5,False,0
black,176,4,1,Pineapple,80.6,438.5,False,0
black,177,4,1,Pineapple,75.7,443.6,False,0
black,178,4,1,Pineapple,68.4,451.8,False,0
black,179,4,1,Pineapple,63.5,459.6,False,0
black,180,4,1,Pineapple,58.7,467.4,False,0
black,181,4,1,Pineapple,53.8,475.2,False,0
black,182,4,1,Pineapple,43.3,488.3,False,0
black,183,4,1,Pineapple,38.0,496.5,False,0
black,184,4,1,Pineapple,32.7,504.7,False,0
black,185,4,1,Pineapple,27.3,513.0,False,0
black,185,6,-1,Unknown,456.0,54.5,False,0
black,186,4,1,Pineapple,22.0,521.2,False,0
black,186,6,-1,Unknown,456.0,54.5,False,0
black,187,4,1,Pineapple,16.7,529.5,False,0
black,187,6,-1,Unknown,456.0,54.5,False,0
black,188,4,1,Pineapple,11.4,537.7,False,0
black,188,6,-1,Unknown,456.0,54.5,False,0
black,189,4,1,Pineapple,6.1,545.9,False,0
black,189,6,-1,Unknown,456.0,54.5,False,0
black,190,4,1,Pineapple,0.7,554.2,False,0
black,190,6,-1,Unknown,456.0,54.5,False,0
black,191,4,1,Pineapple,-4.6,562.4,False,0
black,191,6,-1,Unknown,456.0,54.5,False,0
black,192,4,1,Pineapple,-9.9,570.6,False,0
black,192,6,-1,Unknown,456.0,54.5,False,0
black,193,4,1,Pineapple,-15.2,578.9,False,0
black,193,6,-1,Unknown,456.0,54.5,False,0
black,194,4,1,Pineapple,-20.5,587.1,False,0
black,194,6,-1,Unknown,456.0,54.5,False,0
black,195,4,1,Pineapple,-25.9,595.4,False,0
black,195,6,-1,Unknown,456.0,54.5,False,0
black,196,4,1,Pineapple,-31.2,603.6,False,0
black,196,6,-1,Unknown,456.0,54.5,False,0
black,197,4,1,Pineapple,-36.5,611.8,False,0
black,197,6,-1,Unknown,456.0,54.5,False,0
black,198,4,1,Pineapple,-41.8,620.1,False,0
black,198,6,-1,Unknown,456.0,54.5,False,0
black,199,4,1,Pineapple,-47.1,628.3,False,0
black,199,6,-1,Unknown,456.0,54.5,False,0
black,200,4,1,Pineapple,-52.4,636.5,False,0
black,200,6,-1,Unknown,456.0,54.5,False,0
black,201,4,1,Pineapple,-57.8,644.8,False,0
black,201,6,-1,Unknown,456.0,54.5,False,0
black,202,4,1,Pineapple,-63.1,653.0,False,0
black,202,6,-1,Unknown,456.0,54.5,False,0
black,203,6,-1,Unknown,456.0,54.5,False,0
black,204,6,-1,Unknown,456.0,54.5,False,0
black,205,6,-1,Unknown,456.0,54.5,False,0
black,208,7,-1,Unknown,66.0,278.5,False,0
black,209,7,-1,Unknown,66.0,278.5,False,0
black,210,7,-1,Unknown,66.0,278.5,False,0
black,211,7,-1,Unknown,66.0,278.5,False,0
black,211,8,-1,Unknown,371.0,921.0,False,0
black,212,7,-1,Unknown,66.0,278.5,False,0
black,212,8,-1,Unknown,358.5,927.5,False,0
black,213,7,-1,Unknown,66.0,278.5,False,0
black,213,8,-1,Unknown,346.0,934.0,False,0
black,214,7,-1,Unknown,66.0,278.5,False,0
black,214,8,-1,Unknown,333.5,940.5,False,0
black,215,7,-1,Unknown,66.0,278.5,False,0
black,215,8,-1,Unknown,321.0,947.0,False,0
black,216,7,-1,Unknown,66.0,278.5,False,0
black,216,8,1,Pineapple,292.1,961.0,False,0
black,217,7,-1,Unknown,66.0,278.5,False,0
black,217,8,1,Pineapple,275.7,969.2,False,0
black,218,7,-1,Unknown,66.0,278.5,False,0
black,218,8,1,Pineapple,259.2,977.5,False,0
black,219,7,-1,Unknown,66.0,278.5,False,0
black,219,8,1,Pineapple,242.8,985.8,False,0
black,220,7,-1,Unknown,66.0,278.5,False,0
black,220,8,1,Pineapple,226.4,994.1,False,0
black,221,7,-1,Unknown,66.0,278.5,False,0
black,221,8,1,Pineapple,209.9,1002.4,False,0
black,222,7,-1,Unknown,66.0,278.5,False,0
black,222,8,1,Pineapple,193.5,1010.7,False,0
black,223,7,-1,Unknown,66.0,278.5,False,0
black,223,8,1,Pineapple,177.1,1019.0,False,0
black,224,7,-1,Unknown,66.0,278.5,False,0
black,224,8,1,Pineapple,160.7,1027.2,False,0
black,225,7,-1,Unknown,66.0,278.5,False,0
black,225,8,1,Pineapple,144.2,1035.5,False,0
black,226,7,-1,Unknown,66.0,278.5,False,0
black,226,8,1,Pineapple,127.8,1043.8,False,0
black,227,7,-1,Unknown,66.0,278.5,False,0
black,227,8,1,Pineapple,111.4,1052.1,False,0
black,228,7,-1,Unknown,66.0,278.5,False,0
black,228,8,1,Pineapple,95.0,1060.4,False,0
black,229,8,1,Pineapple,78.5,1068.7,False,0
black,230,8,1,Pineapple,62.1,1076.9,False,0
black,231,8,1,Pineapple,45.7,1085.2,False,0
black,232,8,1,Pineapple,29.3,1093.5,False,0
black,233,8,1,Pineapple,12.8,1101.8,False,0
black,234,8,1,Pineapple,-3.6,1110.1,False,0
black,235,8,1,Pineapple,-20.0,1118.4,False,0
black,236,8,1,Pineapple,-36.4,1126.7,False,0
black,315,9,-1,Unknown,619.0,1147.5,False,0
black,316,9,-1,Unknown,619.0,1147.5,False,0
black,317,9,-1,Unknown,619.0,1147.5,False,0
black,318,9,-1,Unknown,619.0,1147.5,False,0
black,319,9,-1,Unknown,619.0,1147.5,False,0
black,320,9,-1,Unknown,619.0,1147.5,False,0
black,321,9,-1,Unknown,619.0,1147.5,False,0
black,322,9,-1,Unknown,619.0,1147.5,False,0
black,323,9,-1,Unknown,619.0,1147.5,False,0
black,324,9,-1,Unknown,619.0,1147.5,False,0
black,325,9,-1,Unknown,619.0,1147.5,False,0
black,326,9,-1,Unknown,619.0,1147.5,False,0
black,327,9,-1,Unknown,619.0,1147.5,False,0
black,328,9,-1,Unknown,619.0,1147.5,False,0
black,328,10,-1,Unknown,147.5,835.0,False,0
black,329,9,-1,Unknown,619.0,1147.5,False,0
black,329,10,-1,Unknown,142.0,845.0,False,0
black,330,9,-1,Unknown,619.0,1147.5,False,0
black,330,10,-1,Unknown,136.5,855.0,False,0
black,331,9,-1,Unknown,619.0,1147.5,False,0
black,331,10,-1,Unknown,131.0,865.0,False,0
black,332,9,-1,Unknown,619.0,1147.5,False,0
black,332,10,-1,Unknown,125.5,875.0,False,0
black,333,9,-1,Unknown,619.0,1147.5,False,0
black,333,10,-1,Unknown,120.0,885.0,False,0
black,334,9,-1,Unknown,619.0,1147.5,False,0
black,334,10,-1,Unknown,114.5,894.9,False,0
black,335,9,-1,Unknown,619.0,1147.5,False,0
black,335,10,-1,Unknown,109.0,904.9,False,0
black,336,10,-1,Unknown,103.5,914.9,False,0
black,337,10,-1,Unknown,98.1,924.9,False,0
black,338,10,-1,Unknown,92.6,934.9,False,0
black,339,10,-1,Unknown,87.1,944.9,False,0
black,340,10,-1,Unknown,81.6,954.9,False,0
black,341,10,-1,Unknown,76.1,964.9,False,0
black,342,10,-1,Unknown,70.6,974.8,False,0
black,343,10,-1,Unknown,65.1,984.8,False,0
black,344,10,-1,Unknown,59.6,994.8,False,0
black,345,10,-1,Unknown,54.1,1004.8,False,0
black,346,10,-1,Unknown,48.6,1014.8,False,0
black,347,10,-1,Unknown,43.1,1024.8,False,0
black,348,10,-1,Unknown,37.6,1034.8,False,0
black,348,11,1,Pineapple,587.0,723.0,False,0
black,349,10,-1,Unknown,32.1,1044.8,False,0
black,349,11,1,Pineapple,587.0,723.0,False,0
black,350,11,1,Pineapple,636.5,733.0,False,0
black,351,11,1,Pineapple,661.2,738.0,False,0
black,352,11,1,Pineapple,686.0,743.0,False,0
black,353,11,1,Pineapple,710.7,748.0,False,0
black,354,11,1,Pineapple,735.5,753.0,False,0
black,355,11,1,Pineapple,760.2,758.0,False,0
black,356,11,1,Pineapple,785.0,763.0,False,0
black,357,11,1,Pineapple,809.7,768.0,False,0
black,358,11,1,Pineapple,834.4,773.0,False,0
black,359,11,1,Pineapple,859.2,778.0,False,0
black,360,11,1,Pineapple,883.9,783.0,False,0
black,361,11,1,Pineapple,908.7,788.0,False,0
black,362,11,1,Pineapple,933.4,793.0,False,0
black,363,11,1,Pineapple,958.1,798.0,False,0
black,364,11,1,Pineapple,982.9,803.0,False,0
black,365,11,1,Pineapple,1007.6,808.0,False,0
black,366,11,1,Pineapple,1032.4,813.0,False,0
black,367,11,1,Pineapple,1057.1,818.0,False,0
black,368,11,1,Pineapple,1081.9,823.0,False,0
black,369,11,1,Pineapple,1106.6,828.0,False,0
black,370,11,1,Pineapple,1131.3,833.0,False,0
pineapple,1,1,2,Platinum,325.5,1179.5,False,0
pineapple,2,1,2,Platinum,335.0,1163.0,False,0
pineapple,3,1,2,Platinum,344.5,1146.5,False,0
pineapple,4,1,2,Platinum,354.0,1130.0,False,0
pineapple,5,1,2,Platinum,360.5,1153.2,False,0
pineapple,6,1,2,Platinum,369.1,1149.1,False,0
pineapple,7,1,2,Platinum,370.2,1141.1,False,0
pineapple,8,1,2,Platinum,364.9,1140.0,False,0
pineapple,9,1,2,Platinum,369.6,1135.8,False,0
pineapple,10,1,2,Platinum,374.2,1131.6,False,0
pineapple,10,2,2,Platinum,321.0,679.5,False,0
pineapple,11,1,2,Platinum,378.9,1127.4,False,0
pineapple,11,2,2,Platinum,321.0,679.5,False,0
pineapple,12,1,2,Platinum,481.3,1127.6,False,0
pineapple,12,2,2,Platinum,321.0,679.5,False,0
pineapple,12,3,-1,Unknown,445.0,870.5,False,0
pineapple,13,1,2,Platinum,490.5,1126.0,False,0
pineapple,13,2,2,Platinum,321.0,679.5,False,0
pineapple,13,3,-1,Unknown,445.0,870.5,False,0
pineapple,14,1,2,Platinum,505.8,1122.6,False,0
pineapple,14,2,2,Platinum,321.0,679.5,False,0
pineapple,14,3,-1,Unknown,445.0,870.5,False,0
pineapple,15,1,2,Platinum,521.1,1119.2,False,0
pineapple,15,2,2,Platinum,321.0,679.5,False,0
pineapple,15,3,-1,Unknown,445.0,870.5,False,0
pineapple,16,1,2,Platinum,536.3,1115.7,False,0
pineapple,16,2,2,Platinum,321.0,679.5,False,0
pineapple,16,3,-1,Unknown,445.0,870.5,False,0
pineapple,17,1,2,Platinum,551.6,1112.3,False,0
pineapple,17,2,2,Platinum,321.0,679.5,False,0
pineapple,17,3,-1,Unknown,445.0,870.5,False,0
pineapple,18,1,2,Platinum,566.9,1108.8,False,0
pineapple,18,2,2,Platinum,321.0,679.5,False,0
pineapple,18,3,-1,Unknown,445.0,870.5,False,0
pineapple,18,4,0,Black,551.0,800.0,False,0
pineapple,18,5,2,Platinum,203.0,1101.0,False,0
pineapple,19,1,2,Platinum,582.1,1105.4,False,0
pineapple,19,2,2,Platinum,321.0,679.5,False,0
pineapple,19,3,-1,Unknown,445.0,870.5,False,0
pineapple,19,4,0,Black,551.0,800.0,False,0
pineapple,19,5,2,Platinum,203.0,1101.0,False,0
pineapple,20,1,2,Platinum,597.4,1101.9,False,0
pineapple,20,2,2,Platinum,321.0,679.5,False,0
pineapple,20,3,-1,Unknown,445.0,870.5,False,0
pineapple,20,4,0,Black,551.0,800.0,False,0
pineapple,20,5,2,Platinum,203.0,1101.0,False,0
pineapple,21,1,2,Platinum,612.7,1098.5,False,0
pineapple,21,2,2,Platinum,321.0,679.5,False,0
pineapple,21,3,-1,Unknown,445.0,870.5,False,0
pineapple,21,4,0,Black,551.0,800.0,False,0
pineapple,21,5,2,Platinum,203.0,1101.0,False,0
pineapple,22,1,2,Platinum,627.9,1095.1,False,0
pineapple,22,2,2,Platinum,321.0,679.5,False,0
pineapple,22,3,-1,Unknown,445.0,870.5,False,0
pineapple,22,4,0,Black,551.0,800.0,False,0
pineapple,22,5,2,Platinum,203.0,1101.0,False,0
pineapple,23,1,2,Platinum,643.2,1091.6,False,0
pineapple,23,2,2,Platinum,321.0,679.5,False,0
pineapple,23,3,-1,Unknown,445.0,870.5,False,0
pineapple,23,4,0,Black,551.0,800.0,False,0
pineapple,23,5,2,Platinum,203.0,1101.0,False,0
pineapple,24,1,2,Platinum,658.4,1088.2,False,0
pineapple,24,2,2,Platinum,321.0,679.5,False,0
pineapple,24,3,-1,Unknown,445.0,870.5,False,0
pineapple,24,4,0,Black,551.0,800.0,False,0
pineapple,24,5,2,Platinum,203.0,1101.0,False,0
pineapple,25,1,2,Platinum,673.7,1084.7,False,0
pineapple,25,2,2,Platinum,321.0,679.5,False,0
pineapple,25,3,-1,Unknown,445.0,870.5,False,0
pineapple,25,4,0,Black,551.0,800.0,False,0
pineapple,25,5,2,Platinum,203.0,1101.0,False,0
pineapple,26,1,2,Platinum,689.0,1081.3,False,0
pineapple,26,2,2,Platinum,321.0,679.5,False,0
pineapple,26,3,-1,Unknown,445.0,870.5,False,0
pineapple,26,4,0,Black,551.0,800.0,False,0
pineapple,26,5,2,Platinum,203.0,1101.0,False,0
pineapple,27,1,2,Platinum,704.2,1077.8,False,0
pineapple,27,2,2,Platinum,321.0,679.5,False,0
pineapple,27,3,-1,Unknown,445.0,870.5,False,0
pineapple,27,4,0,Black,551.0,800.0,False,0
pineapple,27,5,2,Platinum,203.0,1101.0,False,0
pineapple,28,1,2,Platinum,719.5,1074.4,False,0
pineapple,28,2,2,Platinum,321.0,679.5,False,0
pineapple,28,3,-1,Unknown,445.0,870.5,False,0
pineapple,28,4,0,Black,551.0,800.0,False,0
pineapple,28,5,2,Platinum,120.0,1106.5,False,0
pineapple,28,6,2,Platinum,130.0,1008.0,False,0
pineapple,29,1,2,Platinum,734.8,1071.0,False,0
pineapple,29,2,2,Platinum,321.0,679.5,False,0
pineapple,29,3,-1,Unknown,445.0,870.5,False,0
pineapple,29,4,0,Black,551.0,800.0,False,0
pineapple,29,5,2,Platinum,112.6,1115.9,False,0
pineapple,29,6,2,Platinum,111.0,1000.5,False,0
pineapple,30,1,2,Platinum,750.0,1067.5,False,0
pineapple,30,2,2,Platinum,321.0,679.5,False,0
pineapple,30,3,-1,Unknown,445.0,870.5,False,0
pineapple,30,4,0,Black,551.0,800.0,False,0
pineapple,30,5,2,Platinum,109.3,1123.0,False,0
pineapple,30,6,2,Platinum,96.2,994.4,False,0
pineapple,31,1,2,Platinum,765.3,1064.1,False,0
pineapple,31,3,-1,Unknown,445.0,870.5,False,0
pineapple,31,4,0,Black,551.0,800.0,False,0
pineapple,31,5,2,Platinum,101.8,1125.6,False,0
pineapple,31,6,2,Platinum,80.7,988.1,False,0
pineapple,32,1,2,Platinum,780.6,1060.6,False,0
pineapple,32,3,-1,Unknown,445.0,870.5,False,0
pineapple,32,4,0,Black,551.0,800.0,False,0
pineapple,32,5,2,Platinum,94.4,1128.2,False,0
pineapple,32,6,2,Platinum,65.1,981.7,False,0
pineapple,33,1,2,Platinum,795.8,1057.2,False,0
pineapple,33,4,0,Black,551.0,800.0,False,0
pineapple,33,5,2,Platinum,86.9,1130.9,False,0
pineapple,33,6,2,Platinum,49.6,975.4,False,0
pineapple,34,4,0,Black,551.0,800.0,False,0
pineapple,34,5,2,Platinum,79.5,1133.5,False,0
pineapple,34,6,2,Platinum,34.0,969.0,False,0
pineapple,35,4,0,Black,551.0,800.0,False,0
pineapple,35,5,2,Platinum,143.1,1176.2,False,0
pineapple,35,6,2,Platinum,18.5,962.7,False,0
pineapple,36,4,0,Black,551.0,800.0,False,0
pineapple,36,5,2,Platinum,155.7,1182.9,False,0
pineapple,36,6,2,Platinum,2.9,956.3,False,0
pineapple,37,4,0,Black,551.0,800.0,False,0
pineapple,37,5,2,Platinum,167.8,1189.5,False,0
pineapple,37,6,2,Platinum,-12.6,950.0,False,0
pineapple,37,7,-1,Unknown,340.0,767.0,False,0
pineapple,38,4,0,Black,551.0,800.0,False,0
pineapple,38,5,2,Platinum,170.0,1196.2,False,0
pineapple,38,6,2,Platinum,-28.2,943.6,False,0
pineapple,38,7,-1,Unknown,340.0,767.0,False,0
pineapple,38,8,2,Platinum,316.5,480.5,False,0
pineapple,39,5,2,Platinum,172.2,1202.8,False,0
pineapple,39,6,2,Platinum,-43.8,937.2,False,0
pineapple,39,7,-1,Unknown,340.0,767.0,False,0
pineapple,39,8,2,Platinum,317.0,484.5,False,0
pineapple,40,5,2,Platinum,174.3,1209.4,False,0
pineapple,40,6,2,Platinum,-59.3,930.9,False,0
pineapple,40,7,-1,Unknown,361.0,780.5,False,0
pineapple,40,8,2,Platinum,317.5,488.5,False,0
pineapple,40,9,2,Platinum,409.0,939.0,False,0
pineapple,41,5,2,Platinum,176.5,1216.1,False,0
pineapple,41,6,2,Platinum,-74.9,924.5,False,0
pineapple,41,7,-1,Unknown,368.0,785.0,False,0
pineapple,41,8,2,Platinum,318.0,492.5,False,0
pineapple,41,9,2,Platinum,403.5,937.5,False,0
pineapple,42,5,2,Platinum,178.6,1222.7,False,0
pineapple,42,6,2,Platinum,-90.4,918.2,False,0
pineapple,42,7,2,Platinum,366.8,776.2,False,0
pineapple,42,8,2,Platinum,318.5,496.5,False,0
pineapple,42,9,2,Platinum,398.0,936.0,False,0
pineapple,43,5,2,Platinum,180.8,1229.3,False,0
pineapple,43,6,2,Platinum,-106.0,911.8,False,0
pineapple,43,7,2,Platinum,363.1,777.2,False,0
pineapple,43,8,2,Platinum,319.0,500.5,False,0
pineapple,43,9,2,Platinum,394.5,947.8,False,0
pineapple,44,5,2,Platinum,182.9,1236.0,False,0
pineapple,44,6,2,Platinum,-121.5,905.5,False,0
pineapple,44,7,2,Platinum,359.0,778.6,False,0
pineapple,44,8,2,Platinum,319.5,504.5,False,0
pineapple,44,9,2,Platinum,393.9,951.7,False,0
pineapple,45,5,2,Platinum,185.1,1242.6,False,0
pineapple,45,6,2,Platinum,-137.1,899.1,False,0
pineapple,45,7,2,Platinum,355.0,780.8,False,0
pineapple,45,8,2,Platinum,320.0,508.5,False,0
pineapple,45,9,2,Platinum,396.1,953.4,False,0
pineapple,46,5,2,Platinum,187.2,1249.3,False,0
pineapple,46,6,2,Platinum,-152.6,892.8,False,0
pineapple,46,7,2,Platinum,354.7,781.7,False,0
pineapple,46,8,2,Platinum,320.5,512.5,False,0
pineapple,46,9,2,Platinum,394.4,957.0,False,0
pineapple,46,10,-1,Unknown,398.0,633.0,False,0
pineapple,47,5,2,Platinum,189.4,1255.9,False,0
pineapple,47,6,2,Platinum,-168.2,886.4,False,0
pineapple,47,7,2,Platinum,354.5,782.7,False,0
pineapple,47,8,2,Platinum,321.0,516.5,False,0
pineapple,47,9,2,Platinum,392.7,960.6,False,0
pineapple,47,10,-1,Unknown,397.5,636.5,False,0
pineapple,48,5,2,Platinum,191.5,1262.5,False,0
pineapple,48,6,2,Platinum,-183.8,880.1,False,0
pineapple,48,7,2,Platinum,354.2,783.6,False,0
pineapple,48,8,2,Platinum,321.5,520.5,False,0
pineapple,48,9,2,Platinum,391.0,964.2,False,0
pineapple,48,10,-1,Unknown,397.0,640.0,False,0
pineapple,49,5,2,Platinum,193.7,1269.2,False,0
pineapple,49,6,2,Platinum,-199.3,873.7,False,0
pineapple,49,7,2,Platinum,354.0,784.5,False,0
pineapple,49,8,2,Platinum,322.0,524.5,False,0
pineapple,49,9,2,Platinum,389.2,967.8,False,0
pineapple,49,10,-1,Unknown,396.5,643.5,False,0
pineapple,50,5,2,Platinum,195.9,1275.8,False,0
pineapple,50,6,2,Platinum,-214.9,867.4,False,0
pineapple,50,7,2,Platinum,353.7,785.4,False,0
pineapple,50,8,2,Platinum,322.5,528.4,False,0
pineapple,50,9,2,Platinum,387.5,971.4,False,0
pineapple,50,10,-1,Unknown,396.0,647.0,False,0
pineapple,51,5,2,Platinum,198.0,1282.4,False,0
pineapple,51,7,2,Platinum,353.5,786.4,False,0
pineapple,51,8,2,Platinum,323.0,532.4,False,0
pineapple,51,9,2,Platinum,385.8,975.0,False,0
pineapple,51,10,-1,Unknown,395.5,650.5,False,0
pineapple,52,5,2,Platinum,200.2,1289.1,False,0
pineapple,52,7,2,Platinum,353.2,787.3,False,0
pineapple,52,8,2,Platinum,323.5,536.4,False,0
pineapple,52,9,2,Platinum,384.1,978.6,False,0
pineapple,52,10,-1,Unknown,395.0,654.0,False,0
pineapple,53,5,2,Platinum,202.3,1295.7,False,0
pineapple,53,7,2,Platinum,353.0,788.2,False,0
pineapple,53,8,2,Platinum,324.0,540.4,False,0
pineapple,53,9,2,Platinum,382.4,982.3,False,0
pineapple,53,10,-1,Unknown,394.5,657.5,False,0
pineapple,54,5,2,Platinum,204.5,1302.3,False,0
pineapple,54,7,2,Platinum,352.7,789.1,False,0
pineapple,54,8,2,Platinum,324.5,544.4,False,0
pineapple,54,9,2,Platinum,380.7,985.9,False,0
pineapple,54,10,-1,Unknown,418.5,612.1,False,0
pineapple,54,11,2,Platinum,190.5,957.0,False,0
pineapple,55,5,2,Platinum,206.6,1309.0,False,0
pineapple,55,7,2,Platinum,352.5,790.1,False,0
pineapple,55,8,2,Platinum,325.0,548.4,False,0
pineapple,55,9,2,Platinum,379.0,989.5,False,0
pineapple,55,10,-1,Unknown,415.4,614.3,False,0
pineapple,55,11,2,Platinum,193.0,954.5,False,0
pineapple,56,5,2,Platinum,208.8,1315.6,False,0
pineapple,56,7,2,Platinum,352.2,791.0,False,0
pineapple,56,8,2,Platinum,325.5,552.4,False,0
pineapple,56,9,2,Platinum,377.2,993.1,False,0
pineapple,56,10,-1,Unknown,417.5,611.7,False,0
pineapple,56,11,2,Platinum,195.5,952.0,False,0
pineapple,57,5,2,Platinum,210.9,1322.3,False,0
pineapple,57,7,2,Platinum,352.0,791.9,False,0
pineapple,57,8,2,Platinum,326.0,556.4,False,0
pineapple,57,9,2,Platinum,375.5,996.7,False,0
pineapple,57,10,-1,Unknown,419.6,609.2,False,0
pineapple,57,11,2,Platinum,198.0,949.5,False,0
pineapple,58,7,2,Platinum,351.7,792.8,False,0
pineapple,58,8,2,Platinum,326.5,560.4,False,0
pineapple,58,9,2,Platinum,373.8,1000.3,False,0
pineapple,58,10,-1,Unknown,421.7,606.6,False,0
pineapple,58,11,2,Platinum,200.5,947.0,False,0
pineapple,59,7,2,Platinum,351.5,793.8,False,0
pineapple,59,8,2,Platinum,327.0,564.4,False,0
pineapple,59,9,2,Platinum,372.1,1003.9,False,0
pineapple,59,10,-1,Unknown,423.7,604.0,False,0
pineapple,59,11,2,Platinum,203.0,944.5,False,0
pineapple,59,12,2,Platinum,311.0,1216.5,False,0
pineapple,60,7,2,Platinum,351.2,794.7,False,0
pineapple,60,9,2,Platinum,370.4,1007.5,False,0
pineapple,60,10,-1,Unknown,425.8,601.5,False,0
pineapple,60,11,2,Platinum,205.5,942.0,False,0
pineapple,60,12,2,Platinum,301.0,1219.0,False,0
pineapple,61,7,2,Platinum,351.0,795.6,False,0
pineapple,61,9,2,Platinum,368.7,1011.1,False,0
pineapple,61,10,-1,Unknown,427.9,598.9,False,0
pineapple,61,11,2,Platinum,208.0,939.5,False,0
pineapple,61,12,2,Platinum,294.8,1213.0,False,0
pineapple,62,7,2,Platinum,350.7,796.5,False,0
pineapple,62,9,2,Platinum,366.9,1014.7,False,0
pineapple,62,10,-1,Unknown,357.8,584.1,False,0
pineapple,62,11,2,Platinum,210.5,937.0,False,0
pineapple,62,12,2,Platinum,284.6,1203.9,False,0
pineapple,63,7,2,Platinum,350.5,797.5,False,0
pineapple,63,9,2,Platinum,365.2,1018.3,False,0
pineapple,63,10,2,Platinum,339.8,579.1,False,0
pineapple,63,11,2,Platinum,213.0,934.5,False,0
pineapple,63,12,2,Platinum,276.0,1197.0,False,0
pineapple,64,7,2,Platinum,350.2,798.4,False,0
pineapple,64,9,2,Platinum,363.5,1021.9,False,0
pineapple,64,10,2,Platinum,334.6,575.4,False,0
pineapple,64,11,2,Platinum,215.5,932.0,False,0
pineapple,64,12,2,Platinum,267.4,1190.2,False,0
pineapple,65,7,2,Platinum,350.0,799.3,False,0
pineapple,65,9,2,Platinum,361.8,1025.5,False,0
pineapple,65,10,2,Platinum,329.4,571.7,False,0
pineapple,65,11,2,Platinum,218.0,929.5,False,0
pineapple,65,12,2,Platinum,258.8,1183.4,False,0
pineapple,66,10,2,Platinum,324.1,568.0,False,0
pineapple,66,11,2,Platinum,220.5,927.0,False,0
pineapple,66,12,2,Platinum,250.2,1176.5,False,0
pineapple,67,10,2,Platinum,318.9,564.3,False,0
pineapple,67,11,2,Platinum,223.0,924.5,False,0
pineapple,67,12,2,Platinum,241.6,1169.7,False,0
pineapple,68,10,2,Platinum,313.7,560.6,False,0
pineapple,68,11,2,Platinum,225.5,922.0,False,0
pineapple,68,12,2,Platinum,233.0,1162.9,False,0
pineapple,68,13,2,Platinum,455.5,986.5,False,0
pineapple,69,10,2,Platinum,308.4,556.9,False,0
pineapple,69,11,2,Platinum,228.0,919.5,False,0
pineapple,69,12,2,Platinum,224.4,1156.1,False,0
pineapple,69,13,2,Platinum,456.5,986.0,False,0
pineapple,70,10,2,Platinum,303.2,553.2,False,0
pineapple,70,11,2,Platinum,230.5,917.0,False,0
pineapple,70,12,2,Platinum,215.8,1149.2,False,0
pineapple,70,13,2,Platinum,457.5,985.5,False,0
pineapple,71,10,2,Platinum,298.0,549.5,False,0
pineapple,71,11,2,Platinum,233.0,914.5,False,0
pineapple,71,12,2,Platinum,207.2,1142.4,False,0
pineapple,71,13,2,Platinum,458.5,985.0,False,0
pineapple,72,10,2,Platinum,292.8,545.8,False,0
pineapple,72,11,2,Platinum,235.4,912.1,False,0
pineapple,72,12,2,Platinum,232.2,1155.8,False,0
pineapple,72,13,2,Platinum,459.5,984.5,False,0
pineapple,72,14,-1,Unknown,216.5,774.5,False,0
pineapple,73,10,2,Platinum,287.5,542.0,False,0
pineapple,73,11,2,Platinum,237.9,909.6,False,0
pineapple,73,12,2,Platinum,226.5,1150.8,False,0
pineapple,73,13,2,Platinum,460.5,984.0,False,0
pineapple,73,14,-1,Unknown,216.5,774.5,False,0
pineapple,74,10,2,Platinum,282.3,538.3,False,0
pineapple,74,11,2,Platinum,240.4,907.1,False,0
pineapple,74,12,2,Platinum,220.9,1145.7,False,0
pineapple,74,13,2,Platinum,461.5,983.5,False,0
pineapple,74,14,-1,Unknown,216.5,774.5,False,0
pineapple,75,10,2,Platinum,277.1,534.6,False,0
pineapple,75,11,2,Platinum,242.9,904.6,False,0
pineapple,75,12,2,Platinum,215.2,1140.6,False,0
pineapple,75,13,2,Platinum,462.5,983.0,False,0
pineapple,75,14,-1,Unknown,216.5,774.5,False,0
pineapple,76,10,2,Platinum,271.9,530.9,False,0
pineapple,76,12,2,Platinum,209.5,1135.6,False,0
pineapple,76,13,2,Platinum,463.5,982.5,False,0
pineapple,76,14,-1,Unknown,216.5,774.5,False,0
pineapple,76,15,2,Platinum,229.0,401.0,False,0
pineapple,77,10,2,Platinum,309.6,540.7,False,0
pineapple,77,12,2,Platinum,222.3,1141.9,False,0
pineapple,77,13,2,Platinum,464.5,982.0,False,0
pineapple,77,14,-1,Unknown,216.5,774.5,False,0
pineapple,77,15,2,Platinum,225.0,409.0,False,0
pineapple,78,10,2,Platinum,299.7,534.8,False,0
pineapple,78,12,2,Platinum,218.1,1137.8,False,0
pineapple,78,13,2,Platinum,403.6,955.5,False,0
pineapple,78,14,-1,Unknown,216.5,774.5,False,0
pineapple,78,15,2,Platinum,221.0,417.0,False,0
pineapple,79,10,2,Platinum,285.3,530.9,False,0
pineapple,79,12,2,Platinum,214.0,1133.7,False,0
pineapple,79,13,2,Platinum,394.4,959.1,False,0
pineapple,79,14,-1,Unknown,216.5,774.5,False,0
pineapple,79,15,2,Platinum,217.0,425.0,False,0
pineapple,80,10,2,Platinum,273.8,529.5,False,0
pineapple,80,12,2,Platinum,209.8,1129.6,False,0
pineapple,80,13,2,Platinum,388.3,956.6,False,0
pineapple,80,14,-1,Unknown,216.5,774.5,False,0
pineapple,80,15,2,Platinum,218.5,417.6,False,0
pineapple,81,10,2,Platinum,270.9,529.7,False,0
pineapple,81,12,2,Platinum,205.7,1125.4,False,0
pineapple,81,13,2,Platinum,374.2,953.6,False,0
pineapple,81,14,-1,Unknown,216.5,774.5,False,0
pineapple,81,15,2,Platinum,216.2,420.8,False,0
pineapple,82,10,2,Platinum,266.0,527.0,False,0
pineapple,82,12,2,Platinum,201.5,1121.3,False,0
pineapple,82,13,2,Platinum,368.1,950.3,False,0
pineapple,82,14,-1,Unknown,216.5,774.5,False,0
pineapple,82,15,2,Platinum,213.9,424.0,False,0
pineapple,83,10,2,Platinum,261.2,524.2,False,0
pineapple,83,12,2,Platinum,197.4,1117.2,False,0
pineapple,83,13,2,Platinum,366.7,945.9,False,0
pineapple,83,14,-1,Unknown,216.5,774.5,False,0
pineapple,83,15,2,Platinum,211.6,427.2,False,0
pineapple,84,10,2,Platinum,256.3,521.4,False,0
pineapple,84,12,2,Platinum,193.2,1113.1,False,0
pineapple,84,13,2,Platinum,369.3,943.7,False,0
pineapple,84,14,-1,Unknown,216.5,774.5,False,0
pineapple,84,15,2,Platinum,209.3,430.3,False,0
pineapple,85,10,2,Platinum,251.5,518.7,False,0
pineapple,85,12,2,Platinum,189.1,1109.0,False,0
pineapple,85,13,2,Platinum,363.9,940.9,False,0
pineapple,85,14,-1,Unknown,216.5,774.5,False,0
pineapple,85,15,2,Platinum,207.0,433.5,False,0
pineapple,86,10,2,Platinum,246.6,515.9,False,0
pineapple,86,12,2,Platinum,185.0,1104.9,False,0
pineapple,86,13,2,Platinum,358.5,938.1,False,0
pineapple,86,14,-1,Unknown,216.5,774.5,False,0
pineapple,86,15,2,Platinum,204.7,436.7,False,0
pineapple,87,10,2,Platinum,241.8,513.1,False,0
pineapple,87,12,2,Platinum,180.8,1100.7,False,0
pineapple,87,13,2,Platinum,353.1,935.3,False,0
pineapple,87,14,-1,Unknown,216.5,774.5,False,0
pineapple,87,15,2,Platinum,202.4,439.9,False,0
pineapple,88,10,2,Platinum,236.9,510.4,False,0
pineapple,88,12,2,Platinum,176.7,1096.6,False,0
pineapple,88,13,2,Platinum,347.7,932.6,False,0
pineapple,88,14,-1,Unknown,216.5,774.5,False,0
pineapple,88,15,2,Platinum,200.1,443.1,False,0
pineapple,88,16,2,Platinum,114.0,943.5,False,0
pineapple,89,10,2,Platinum,232.1,507.6,False,0
pineapple,89,12,2,Platinum,172.5,1092.5,False,0
pineapple,89,13,2,Platinum,342.3,929.8,False,0
pineapple,89,14,-1,Unknown,216.5,774.5,False,0
pineapple,89,15,2,Platinum,197.9,446.2,False,0
pineapple,89,16,2,Platinum,115.0,941.5,False,0
pineapple,90,10,2,Platinum,227.2,504.8,False,0
pineapple,90,12,2,Platinum,168.4,1088.4,False,0
pineapple,90,13,2,Platinum,336.9,927.0,False,0
pineapple,90,14,-1,Unknown,216.5,774.5,False,0
pineapple,90,15,2,Platinum,195.6,449.4,False,0
pineapple,90,16,2,Platinum,112.7,939.0,False,0
pineapple,91,10,2,Platinum,222.4,502.0,False,0
pineapple,91,12,2,Platinum,164.2,1084.3,False,0
pineapple,91,13,2,Platinum,331.5,924.2,False,0
pineapple,91,14,-1,Unknown,216.5,774.5,False,0
pineapple,91,15,2,Platinum,193.3,452.6,False,0
pineapple,91,16,2,Platinum,106.8,924.7,False,0
pineapple,92,10,2,Platinum,217.5,499.3,False,0
pineapple,92,12,2,Platinum,258.7,1095.7,False,0
pineapple,92,13,2,Platinum,326.0,921.4,False,0
pineapple,92,14,-1,Unknown,216.5,774.5,False,0
pineapple,92,15,2,Platinum,191.0,455.8,False,0
pineapple,92,16,2,Platinum,107.7,913.3,False,0
pineapple,93,10,2,Platinum,212.7,496.5,False,0
pineapple,93,12,2,Platinum,259.8,1092.4,False,0
pineapple,93,13,2,Platinum,320.6,918.7,False,0
pineapple,93,15,2,Platinum,188.7,458.9,False,0
pineapple,93,16,2,Platinum,109.2,906.9,False,0
pineapple,93,17,2,Platinum,524.0,1085.5,False,0
pineapple,94,10,2,Platinum,207.8,493.7,False,0
pineapple,94,12,2,Platinum,259.8,1084.3,False,0
pineapple,94,13,2,Platinum,315.2,915.9,False,0
pineapple,94,15,2,Platinum,186.4,462.1,False,0
pineapple,94,16,2,Platinum,97.7,897.7,False,0
pineapple,94,17,2,Platinum,524.0,1085.5,False,0
pineapple,95,10,2,Platinum,203.0,491.0,False,0
pineapple,95,12,2,Platinum,257.2,1078.9,False,0
pineapple,95,13,2,Platinum,309.8,913.1,False,0
pineapple,95,15,2,Platinum,184.1,465.3,False,0
pineapple,95,16,2,Platinum,94.2,888.9,False,0
pineapple,95,17,2,Platinum,524.0,1085.5,False,0
pineapple,96,10,2,Platinum,198.1,488.2,False,0
pineapple,96,12,2,Platinum,257.9,1075.0,False,0
pineapple,96,13,2,Platinum,304.4,910.3,False,0
pineapple,96,15,2,Platinum,181.8,468.5,False,0
pineapple,96,16,2,Platinum,90.8,880.1,False,0
pineapple,96,17,2,Platinum,502.5,1090.5,False,0
pineapple,97,10,2,Platinum,193.3,485.4,False,0
pineapple,97,12,2,Platinum,258.6,1071.2,False,0
pineapple,97,13,2,Platinum,299.0,907.5,False,0
pineapple,97,15,2,Platinum,179.5,471.7,False,0
pineapple,97,16,2,Platinum,87.3,871.3,False,0
pineapple,97,17,2,Platinum,498.3,1086.4,False,0
pineapple,98,10,2,Platinum,188.4,482.7,False,0
pineapple,98,12,2,Platinum,259.3,1067.3,False,0
pineapple,98,13,2,Platinum,293.6,904.8,False,0
pineapple,98,15,2,Platinum,177.3,474.8,False,0
pineapple,98,16,2,Platinum,83.9,862.5,False,0
pineapple,98,17,2,Platinum,494.8,1082.0,False,0
pineapple,98,18,-1,Unknown,428.5,175.0,False,0
pineapple,99,10,2,Platinum,183.6,479.9,False,0
pineapple,99,12,2,Platinum,259.9,1063.5,False,0
pineapple,99,13,2,Platinum,288.2,902.0,False,0
pineapple,99,15,2,Platinum,175.0,478.0,False,0
pineapple,99,16,2,Platinum,80.5,853.7,False,0
pineapple,99,17,2,Platinum,492.9,1078.8,False,0
pineapple,99,18,-1,Unknown,428.5,175.0,False,0
pineapple,100,10,2,Platinum,178.7,477.1,False,0
pineapple,100,12,2,Platinum,260.6,1059.6,False,0
pineapple,100,13,2,Platinum,282.8,899.2,False,0
pineapple,100,15,2,Platinum,172.7,481.2,False,0
pineapple,100,16,2,Platinum,77.0,845.0,False,0
pineapple,100,17,2,Platinum,491.8,1076.8,False,0
pineapple,100,18,-1,Unknown,428.5,175.0,False,0
pineapple,101,10,2,Platinum,173.9,474.4,False,0
pineapple,101,12,2,Platinum,266.6,1061.5,False,0
pineapple,101,13,2,Platinum,277.3,896.4,False,0
pineapple,101,16,2,Platinum,73.6,836.2,False,0
pineapple,101,17,2,Platinum,491.3,1074.1,False,0
pineapple,101,18,-1,Unknown,428.5,175.0,False,0
pineapple,102,12,2,Platinum,269.9,1058.7,False,0
pineapple,102,13,2,Platinum,271.9,893.6,False,0
pineapple,102,16,2,Platinum,70.1,827.4,False,0
pineapple,102,17,2,Platinum,494.3,1069.2,False,0
pineapple,102,18,-1,Unknown,428.5,175.0,False,0
pineapple,103,12,2,Platinum,273.7,1056.1,True,1
pineapple,103,13,2,Platinum,266.5,890.9,False,1
pineapple,103,16,2,Platinum,66.7,818.6,False,1
pineapple,103,17,2,Platinum,495.2,1059.0,False,1
pineapple,103,18,-1,Unknown,428.5,175.0,False,1
pineapple,104,12,2,Platinum,280.6,1053.6,False,1
pineapple,104,13,2,Platinum,261.1,888.1,False,1
pineapple,104,16,2,Platinum,63.3,809.8,False,1
pineapple,104,17,2,Platinum,493.3,1052.0,False,1
pineapple,104,18,-1,Unknown,428.5,175.0,False,1
pineapple,105,12,2,Platinum,282.6,1050.4,False,1
pineapple,105,16,2,Platinum,59.8,801.0,False,1
pineapple,105,17,2,Platinum,491.8,1047.6,False,1
pineapple,105,18,-1,Unknown,428.5,175.0,False,1
pineapple,106,12,2,Platinum,299.5,1054.0,False,1
pineapple,106,16,2,Platinum,56.4,792.2,False,1
pineapple,106,17,2,Platinum,490.2,1043.2,False,1
pineapple,106,18,-1,Unknown,428.5,175.0,False,1
pineapple,107,12,2,Platinum,302.8,1051.3,False,1
pineapple,107,16,2,Platinum,52.9,783.4,False,1
pineapple,107,17,2,Platinum,488.7,1038.8,False,1
pineapple,107,18,-1,Unknown,428.5,175.0,False,1
pineapple,107,19,2,Platinum,377.5,905.5,False,1
pineapple,108,12,2,Platinum,312.6,1055.6,False,1
pineapple,108,16,2,Platinum,49.5,774.6,False,1
pineapple,108,17,2,Platinum,487.2,1034.4,False,1
pineapple,108,18,-1,Unknown,428.5,175.0,False,1
pineapple,108,19,2,Platinum,381.0,906.5,False,1
pineapple,108,20,2,Platinum,412.0,385.0,False,1
pineapple,109,12,2,Platinum,316.8,1055.5,False,1
pineapple,109,16,2,Platinum,46.0,765.8,False,1
pineapple,109,17,2,Platinum,485.7,1030.1,False,1
pineapple,109,18,-1,Unknown,428.5,175.0,False,1
pineapple,109,19,2,Platinum,384.5,906.6,False,1
pineapple,109,20,2,Platinum,412.0,385.0,False,1
pineapple,110,12,2,Platinum,315.3,1054.2,False,1
pineapple,110,16,2,Platinum,42.6,757.0,False,1
pineapple,110,17,2,Platinum,553.2,1022.2,False,1
pineapple,110,18,-1,Unknown,428.5,175.0,False,1
pineapple,110,19,2,Platinum,384.2,907.4,False,1
pineapple,110,20,2,Platinum,412.0,385.0,False,1
pineapple,110,21,-1,Unknown,366.5,125.0,False,1
pineapple,111,12,2,Platinum,317.9,1053.1,False,1
pineapple,111,16,2,Platinum,39.2,748.2,False,1
pineapple,111,17,2,Platinum,557.6,1017.6,False,1
pineapple,111,18,-1,Unknown,428.5,175.0,False,1
pineapple,111,19,2,Platinum,382.4,908.0,False,1
pineapple,111,20,2,Platinum,399.5,394.5,False,1
pineapple,111,21,-1,Unknown,366.5,125.0,False,1
pineapple,112,12,2,Platinum,322.1,1052.8,False,1
pineapple,112,16,2,Platinum,35.7,739.5,False,1
pineapple,112,17,2,Platinum,564.4,1016.9,False,1
pineapple,112,18,-1,Unknown,428.5,175.0,False,1
pineapple,112,19,2,Platinum,380.0,908.1,False,1
pineapple,112,20,2,Platinum,395.3,397.7,False,1
pineapple,112,21,-1,Unknown,366.5,125.0,False,1
pineapple,113,12,2,Platinum,320.3,1053.0,False,1
pineapple,113,16,2,Platinum,32.3,730.7,False,1
pineapple,113,17,2,Platinum,569.0,1012.6,False,1
pineapple,113,18,-1,Unknown,428.5,175.0,False,1
pineapple,113,19,2,Platinum,377.0,907.8,False,1
pineapple,113,20,2,Platinum,383.2,400.1,False,1
pineapple,113,21,-1,Unknown,366.5,125.0,False,1
pineapple,114,12,2,Platinum,315.6,1053.2,False,1
pineapple,114,16,2,Platinum,28.8,721.9,False,1
pineapple,114,17,2,Platinum,573.7,1008.3,False,1
pineapple,114,18,-1,Unknown,428.5,175.0,False,1
pineapple,114,19,2,Platinum,375.7,910.1,False,1
pineapple,114,20,2,Platinum,376.5,403.0,False,1
pineapple,114,21,-1,Unknown,397.0,121.0,False,1
pineapple,115,12,2,Platinum,317.8,1051.9,False,1
pineapple,115,17,2,Platinum,599.5,1000.2,False,1
pineapple,115,18,-1,Unknown,428.5,175.0,False,1
pineapple,115,19,2,Platinum,375.6,910.9,False,1
pineapple,115,20,2,Platinum,369.7,405.9,False,1
pineapple,115,21,-1,Unknown,406.9,120.0,False,1
pineapple,116,12,2,Platinum,342.7,1060.5,False,1
pineapple,116,17,2,Platinum,606.0,995.6,False,1
pineapple,116,18,-1,Unknown,428.5,175.0,False,1
pineapple,116,19,2,Platinum,374.7,911.6,False,1
pineapple,116,20,2,Platinum,373.5,404.0,False,1
pineapple,116,21,-1,Unknown,415.3,119.0,False,1
pineapple,117,12,2,Platinum,346.9,1060.1,False,1
pineapple,117,17,2,Platinum,612.5,990.9,False,1
pineapple,117,18,-1,Unknown,428.5,175.0,False,1
pineapple,117,19,2,Platinum,383.9,914.8,False,1
pineapple,117,20,2,Platinum,371.8,405.6,False,1
pineapple,117,21,-1,Unknown,423.7,118.0,False,1
pineapple,118,12,2,Platinum,351.2,1059.7,False,1
pineapple,118,17,2,Platinum,619.0,986.3,False,1
pineapple,118,18,-1,Unknown,428.5,175.0,False,1
pineapple,118,19,2,Platinum,388.2,916.6,False,1
pineapple,118,20,2,Platinum,374.3,406.8,False,1
pineapple,118,21,-1,Unknown,432.1,117.0,False,1
pineapple,119,12,2,Platinum,355.4,1059.2,False,1
pineapple,119,17,2,Platinum,625.5,1000.0,False,1
pineapple,119,19,2,Platinum,397.4,916.6,False,1
pineapple,119,20,2,Platinum,371.0,408.7,False,1
pineapple,119,21,-1,Unknown,440.5,116.0,False,1
pineapple,120,12,2,Platinum,359.6,1058.8,False,1
pineapple,120,17,2,Platinum,632.0,996.9,False,1
pineapple,120,19,2,Platinum,409.7,918.8,False,1
pineapple,120,20,2,Platinum,398.1,409.7,False,1
pineapple,120,21,-1,Unknown,448.9,115.0,False,1
pineapple,121,12,2,Platinum,363.8,1058.4,False,1
pineapple,121,17,2,Platinum,638.5,993.7,False,1
pineapple,121,19,2,Platinum,421.2,921.6,False,1
pineapple,121,20,2,Platinum,407.7,413.2,False,1
pineapple,121,21,-1,Unknown,457.3,114.0,False,1
pineapple,122,12,2,Platinum,368.0,1057.9,False,1
pineapple,122,17,2,Platinum,645.0,990.6,False,1
pineapple,122,19,2,Platinum,430.0,924.0,False,1
pineapple,122,20,2,Platinum,411.1,413.7,False,1
pineapple,122,21,-1,Unknown,465.7,113.0,False,1
pineapple,123,12,2,Platinum,372.3,1057.5,False,1
pineapple,123,17,2,Platinum,651.5,987.4,False,1
pineapple,123,19,2,Platinum,438.8,926.1,False,1
pineapple,123,20,2,Platinum,414.6,406.9,False,1
pineapple,123,21,-1,Unknown,474.1,112.0,False,1
pineapple,124,12,2,Platinum,376.5,1057.1,False,1
pineapple,124,17,2,Platinum,658.0,984.3,False,1
pineapple,124,19,2,Platinum,447.5,928.8,False,1
pineapple,124,20,2,Platinum,418.2,403.3,False,1
pineapple,124,21,-1,Unknown,482.5,111.0,False,1
pineapple,125,12,2,Platinum,380.7,1056.6,False,1
pineapple,125,17,2,Platinum,664.5,981.1,False,1
pineapple,125,19,2,Platinum,451.3,929.2,False,1
pineapple,125,20,2,Platinum,421.1,401.6,False,1
pineapple,125,21,-1,Unknown,490.9,110.0,False,1
pineapple,126,12,2,Platinum,359.5,1100.3,False,1
pineapple,126,17,2,Platinum,670.9,978.0,False,1
pineapple,126,19,2,Platinum,450.2,927.9,False,1
pineapple,126,20,2,Platinum,425.7,404.2,False,1
pineapple,126,21,-1,Unknown,499.3,109.0,False,1
pineapple,126,22,-1,Unknown,646.0,483.5,False,1
pineapple,127,12,2,Platinum,354.8,1097.0,False,1
pineapple,127,17,2,Platinum,677.4,974.8,False,1
pineapple,127,19,2,Platinum,444.8,926.4,False,1
pineapple,127,20,2,Platinum,428.4,407.2,False,1
pineapple,127,21,-1,Unknown,507.7,108.0,False,1
pineapple,127,22,-1,Unknown,646.0,483.5,False,1
pineapple,128,12,2,Platinum,354.0,1099.6,False,1
pineapple,128,17,2,Platinum,683.9,971.6,False,1
pineapple,128,19,2,Platinum,442.6,928.8,False,1
pineapple,128,20,2,Platinum,429.3,410.9,False,1
pineapple,128,21,-1,Unknown,516.1,107.0,False,1
pineapple,128,22,-1,Unknown,646.0,483.5,False,1
pineapple,128,23,2,Platinum,479.5,679.0,False,1
pineapple,129,12,2,Platinum,347.8,1099.6,False,1
pineapple,129,17,2,Platinum,690.4,968.5,False,1
pineapple,129,19,2,Platinum,445.6,929.9,False,1
pineapple,129,20,2,Platinum,431.7,411.9,False,1
pineapple,129,21,-1,Unknown,524.5,106.0,False,1
pineapple,129,22,-1,Unknown,646.0,483.5,False,1
pineapple,129,23,2,Platinum,479.5,679.0,False,1
pineapple,129,24,2,Platinum,428.5,1079.0,False,1
pineapple,129,25,2,Platinum,337.5,170.0,False,1
pineapple,130,12,2,Platinum,342.1,1100.1,False,1
pineapple,130,17,2,Platinum,696.9,965.3,False,1
pineapple,130,19,2,Platinum,448.6,931.0,False,1
pineapple,130,20,2,Platinum,434.0,412.8,False,1
pineapple,130,21,-1,Unknown,532.9,105.0,False,1
pineapple,130,22,-1,Unknown,646.0,483.5,False,1
pineapple,130,23,2,Platinum,479.5,679.0,False,1
pineapple,130,24,2,Platinum,435.0,1079.0,False,1
pineapple,130,25,2,Platinum,325.5,170.5,False,1
pineapple,131,12,2,Platinum,339.2,1101.9,False,1
pineapple,131,17,2,Platinum,703.4,962.2,False,1
pineapple,131,19,2,Platinum,451.7,932.0,False,1
pineapple,131,20,2,Platinum,436.3,413.8,False,1
pineapple,131,21,-1,Unknown,541.3,104.0,False,1
pineapple,131,22,-1,Unknown,646.0,483.5,False,1
pineapple,131,23,2,Platinum,479.5,679.0,False,1
pineapple,131,24,2,Platinum,441.5,1079.0,False,1
pineapple,131,25,2,Platinum,313.5,171.0,False,1
pineapple,132,12,2,Platinum,340.1,1101.6,False,1
pineapple,132,17,2,Platinum,709.9,959.0,False,1
pineapple,132,19,2,Platinum,454.7,933.1,False,1
pineapple,132,20,2,Platinum,438.6,414.7,False,1
pineapple,132,21,-1,Unknown,549.7,103.0,False,1
pineapple,132,22,-1,Unknown,646.0,483.5,False,1
pineapple,132,23,2,Platinum,479.5,679.0,False,1
pineapple,132,24,2,Platinum,448.0,1079.0,False,1
pineapple,132,25,2,Platinum,301.5,171.5,False,1
pineapple,133,12,2,Platinum,344.0,1099.4,False,1
pineapple,133,17,2,Platinum,716.4,955.9,False,1
pineapple,133,19,2,Platinum,457.8,934.2,False,1
pineapple,133,20,2,Platinum,441.0,415.7,False,1
pineapple,133,21,-1,Unknown,558.1,102.0,False,1
pineapple,133,22,-1,Unknown,646.0,483.5,False,1
pineapple,133,23,2,Platinum,479.5,679.0,False,1
pineapple,133,24,2,Platinum,454.5,1079.0,False,1
pineapple,133,25,2,Platinum,289.5,172.0,False,1
pineapple,134,12,2,Platinum,347.1,1098.9,False,1
pineapple,134,17,2,Platinum,722.9,952.7,False,1
pineapple,134,19,2,Platinum,460.8,935.3,False,1
pineapple,134,20,2,Platinum,443.3,416.7,False,1
pineapple,134,21,-1,Unknown,566.5,101.0,False,1
pineapple,134,22,-1,Unknown,646.0,483.5,False,1
pineapple,134,23,2,Platinum,479.5,679.0,False,1
pineapple,134,24,2,Platinum,461.0,1079.0,False,1
pineapple,134,25,2,Platinum,277.6,172.5,False,1
pineapple,135,12,2,Platinum,346.3,1100.3,False,1
pineapple,135,17,2,Platinum,729.4,949.6,False,1
pineapple,135,19,2,Platinum,463.8,936.4,False,1
pineapple,135,20,2,Platinum,445.6,417.6,False,1
pineapple,135,21,-1,Unknown,574.9,100.0,False,1
pineapple,135,22,-1,Unknown,646.0,483.5,False,1
pineapple,135,23,2,Platinum,479.5,679.0,False,1
pineapple,135,24,2,Platinum,467.5,1079.0,False,1
pineapple,135,25,2,Platinum,265.6,173.0,False,1
pineapple,136,12,2,Platinum,346.3,1102.1,False,1
pineapple,136,17,2,Platinum,735.9,946.4,False,1
pineapple,136,19,2,Platinum,466.9,937.5,False,1
pineapple,136,20,2,Platinum,448.0,418.6,False,1
pineapple,136,22,-1,Unknown,646.0,483.5,False,1
pineapple,136,23,2,Platinum,479.5,679.0,False,1
pineapple,136,24,2,Platinum,474.0,1079.0,False,1
pineapple,136,25,2,Platinum,253.6,173.5,False,1
pineapple,137,12,2,Platinum,347.6,1105.0,False,1
pineapple,137,17,2,Platinum,742.4,943.3,False,1
pineapple,137,19,2,Platinum,469.9,938.6,False,1
pineapple,137,20,2,Platinum,454.3,449.2,False,1
pineapple,137,22,-1,Unknown,646.0,483.5,False,1
pineapple,137,23,2,Platinum,479.5,679.0,False,1
pineapple,137,24,2,Platinum,480.4,1079.0,False,1
pineapple,137,25,2,Platinum,241.6,174.0,False,1
pineapple,137,26,2,Platinum,508.5,1113.5,False,1
pineapple,138,12,2,Platinum,349.4,1107.1,False,1
pineapple,138,17,2,Platinum,748.8,940.1,False,1
pineapple,138,19,2,Platinum,473.0,939.7,False,1
pineapple,138,20,2,Platinum,456.9,452.1,False,1
pineapple,138,22,-1,Unknown,646.0,483.5,False,1
pineapple,138,23,2,Platinum,479.5,679.0,False,1
pineapple,138,24,2,Platinum,486.9,1079.0,False,1
pineapple,138,25,2,Platinum,229.6,174.5,False,1
pineapple,138,26,2,Platinum,508.5,1113.5,False,1
pineapple,139,12,2,Platinum,356.3,1107.2,False,1
pineapple,139,17,2,Platinum,755.3,937.0,False,1
pineapple,139,19,2,Platinum,476.0,940.8,False,1
pineapple,139,20,2,Platinum,459.5,455.0,False,1
pineapple,139,22,-1,Unknown,646.0,483.5,False,1
pineapple,139,23,2,Platinum,479.5,679.0,False,1
pineapple,139,24,2,Platinum,493.4,1079.0,False,1
pineapple,139,25,2,Platinum,217.6,175.0,False,1
pineapple,139,26,2,Platinum,508.5,1113.5,False,1
pineapple,140,12,2,Platinum,359.8,1107.8,False,1
pineapple,140,19,2,Platinum,479.1,941.9,False,1
pineapple,140,20,2,Platinum,462.1,458.0,False,1
pineapple,140,22,-1,Unknown,646.0,483.5,False,1
pineapple,140,23,2,Platinum,479.5,679.0,False,1
pineapple,140,24,2,Platinum,499.9,1079.0,False,1
pineapple,140,25,2,Platinum,205.6,175.5,False,1
pineapple,140,26,2,Platinum,539.5,1131.5,False,1
pineapple,141,12,2,Platinum,361.3,1109.0,False,1
pineapple,141,19,2,Platinum,482.1,942.9,False,1
pineapple,141,20,2,Platinum,464.7,460.9,False,1
pineapple,141,22,-1,Unknown,646.0,483.5,False,1
pineapple,141,23,2,Platinum,479.5,679.0,False,1
pineapple,141,24,2,Platinum,506.4,1079.0,False,1
pineapple,141,25,2,Platinum,193.7,176.0,False,1
pineapple,141,26,2,Platinum,543.1,1136.7,False,1
pineapple,142,12,2,Platinum,362.8,1110.2,False,1
pineapple,142,19,2,Platinum,485.1,944.0,False,1
pineapple,142,20,2,Platinum,467.3,463.8,False,1
pineapple,142,22,-1,Unknown,646.0,483.5,False,1
pineapple,142,23,2,Platinum,479.5,679.0,False,1
pineapple,142,24,2,Platinum,512.9,1079.0,False,1
pineapple,142,25,2,Platinum,181.7,176.5,False,1
pineapple,142,26,2,Platinum,550.4,1142.3,False,1
pineapple,143,12,2,Platinum,364.3,1111.3,False,1
pineapple,143,19,2,Platinum,488.2,945.1,False,1
pineapple,143,20,2,Platinum,469.9,466.7,False,1
pineapple,143,22,-1,Unknown,646.0,483.5,False,1
pineapple,143,23,2,Platinum,479.5,679.0,False,1
pineapple,143,24,2,Platinum,519.4,1079.0,False,1
pineapple,143,25,2,Platinum,169.7,177.0,False,1
pineapple,143,26,2,Platinum,557.7,1148.0,False,1
pineapple,144,12,2,Platinum,365.8,1112.5,False,1
pineapple,144,19,2,Platinum,491.2,946.2,False,1
pineapple,144,20,2,Platinum,472.5,469.7,False,1
pineapple,144,22,-1,Unknown,646.0,483.5,False,1
pineapple,144,23,2,Platinum,479.5,679.0,False,1
pineapple,144,24,2,Platinum,525.9,1079.0,False,1
pineapple,144,25,2,Platinum,157.7,177.5,False,1
pineapple,144,26,2,Platinum,565.0,1153.6,False,1
pineapple,144,27,-1,Unknown,101.0,743.0,False,1
pineapple,145,12,2,Platinum,343.1,1109.5,False,1
pineapple,145,19,2,Platinum,494.3,947.3,False,1
pineapple,145,20,2,Platinum,475.1,472.6,False,1
pineapple,145,22,-1,Unknown,646.0,483.5,False,1
pineapple,145,23,2,Platinum,479.5,679.0,False,1
pineapple,145,24,2,Platinum,532.4,1079.0,False,1
pineapple,145,25,2,Platinum,145.7,178.0,False,1
pineapple,145,26,2,Platinum,572.3,1159.2,False,1
pineapple,145,27,-1,Unknown,116.5,750.5,False,1
pineapple,146,12,2,Platinum,342.7,1110.3,False,1
pineapple,146,19,2,Platinum,497.3,948.4,False,1
pineapple,146,20,2,Platinum,477.7,475.5,False,1
pineapple,146,22,-1,Unknown,646.0,483.5,False,1
pineapple,146,23,2,Platinum,479.5,679.0,False,1
pineapple,146,24,2,Platinum,538.9,1079.0,False,1
pineapple,146,25,2,Platinum,133.7,178.5,False,1
pineapple,146,26,2,Platinum,579.6,1164.9,False,1
pineapple,146,27,-1,Unknown,132.0,758.0,False,1
pineapple,147,12,2,Platinum,342.4,1111.2,False,1
pineapple,147,19,2,Platinum,500.3,949.5,False,1
pineapple,147,20,2,Platinum,480.3,478.4,False,1
pineapple,147,23,2,Platinum,479.5,679.0,False,1
pineapple,147,24,2,Platinum,545.4,1079.0,False,1
pineapple,147,25,2,Platinum,121.7,179.0,False,1
pineapple,147,26,2,Platinum,586.9,1170.5,False,1
pineapple,147,27,-1,Unknown,102.8,759.6,False,1
pineapple,148,12,2,Platinum,342.0,1112.0,False,1
pineapple,148,19,2,Platinum,503.4,950.6,False,1
pineapple,148,20,2,Platinum,482.9,481.4,False,1
pineapple,148,23,2,Platinum,479.5,679.0,False,1
pineapple,148,24,2,Platinum,551.9,1079.0,False,1
pineapple,148,25,2,Platinum,109.8,179.5,False,1
pineapple,148,26,2,Platinum,594.2,1176.1,False,1
pineapple,148,27,2,Platinum,101.5,772.0,False,1
pineapple,149,12,2,Platinum,341.7,1112.9,False,1
pineapple,149,20,2,Platinum,485.5,484.3,False,1
pineapple,149,24,2,Platinum,558.4,1079.0,False,1
pineapple,149,25,2,Platinum,97.8,180.0,False,1
pineapple,149,26,2,Platinum,601.5,1181.8,False,1
pineapple,149,27,2,Platinum,98.0,779.4,False,1
pineapple,150,12,2,Platinum,341.3,1113.7,False,1
pineapple,150,20,2,Platinum,488.1,487.2,False,1
pineapple,150,24,2,Platinum,564.8,1079.0,False,1
pineapple,150,25,2,Platinum,85.8,180.5,False,1
pineapple,150,26,2,Platinum,608.8,1187.4,False,1
pineapple,150,27,2,Platinum,94.4,786.9,False,1
pineapple,151,12,2,Platinum,341.0,1114.5,False,1
pineapple,151,20,2,Platinum,490.7,490.2,False,1
pineapple,151,26,2,Platinum,616.1,1193.0,False,1
pineapple,151,27,2,Platinum,107.4,791.8,False,1
pineapple,152,12,2,Platinum,340.6,1115.4,False,1
pineapple,152,20,2,Platinum,493.3,493.1,False,1
pineapple,152,26,2,Platinum,623.4,1198.7,False,1
pineapple,152,27,2,Platinum,108.0,801.4,False,1
pineapple,153,12,2,Platinum,340.3,1116.2,False,1
pineapple,153,20,2,Platinum,495.9,496.0,False,1
pineapple,153,26,2,Platinum,630.7,1204.3,False,1
pineapple,153,27,2,Platinum,110.6,810.3,False,1
pineapple,154,12,2,Platinum,339.9,1117.1,False,1
pineapple,154,20,2,Platinum,498.5,498.9,False,1
pineapple,154,26,2,Platinum,638.0,1210.0,False,1
pineapple,154,27,2,Platinum,113.9,815.6,False,1
pineapple,154,28,2,Platinum,548.5,871.5,False,1
pineapple,155,12,2,Platinum,339.6,1117.9,False,1
pineapple,155,20,2,Platinum,501.1,501.9,False,1
pineapple,155,26,2,Platinum,645.3,1215.6,False,1
pineapple,155,27,2,Platinum,121.8,808.3,False,1
pineapple,155,28,2,Platinum,366.5,837.0,False,1
pineapple,156,12,2,Platinum,339.2,1118.8,False,1
pineapple,156,20,2,Platinum,503.7,504.8,False,1
pineapple,156,26,2,Platinum,652.6,1221.2,False,1
pineapple,156,27,2,Platinum,128.7,805.3,False,1
pineapple,156,28,2,Platinum,184.7,802.5,False,1
pineapple,157,12,2,Platinum,338.9,1119.6,False,1
pineapple,157,20,2,Platinum,506.3,507.7,False,1
pineapple,157,26,2,Platinum,659.9,1226.9,False,1
pineapple,157,27,2,Platinum,130.8,809.7,False,1
pineapple,157,28,2,Platinum,3.0,768.1,False,1
pineapple,158,12,2,Platinum,338.5,1120.5,False,1
pineapple,158,26,2,Platinum,667.2,1232.5,False,1
pineapple,158,27,2,Platinum,117.8,812.1,False,1
pineapple,158,28,2,Platinum,-178.8,733.6,False,1
pineapple,159,12,2,Platinum,338.2,1121.3,False,1
pineapple,159,26,2,Platinum,674.5,1238.1,False,1
pineapple,159,27,2,Platinum,118.2,816.4,False,1
pineapple,159,28,2,Platinum,-360.6,699.2,False,1
pineapple,160,12,2,Platinum,337.8,1122.2,False,1
pineapple,160,26,2,Platinum,681.8,1243.8,False,1
pineapple,160,27,2,Platinum,118.7,820.6,False,1
pineapple,160,28,2,Platinum,-542.4,664.7,False,1
pineapple,161,12,2,Platinum,337.4,1123.0,False,1
pineapple,161,26,2,Platinum,689.1,1249.4,False,1
pineapple,161,27,2,Platinum,119.2,824.9,False,1
pineapple,161,28,2,Platinum,-724.2,630.3,False,1
pineapple,161,29,2,Platinum,489.5,524.5,False,1
pineapple,161,30,2,Platinum,474.5,1217.5,False,1
pineapple,161,31,-1,Unknown,197.0,1131.5,False,1
pineapple,162,12,2,Platinum,337.1,1123.9,False,1
pineapple,162,27,2,Platinum,119.7,829.1,False,1
pineapple,162,28,2,Platinum,-906.0,595.8,False,1
pineapple,162,29,2,Platinum,489.5,524.5,False,1
pineapple,162,30,2,Platinum,464.5,1223.0,False,1
pineapple,162,31,-1,Unknown,197.0,1131.5,False,1
pineapple,163,12,2,Platinum,336.7,1124.7,False,1
pineapple,163,27,2,Platinum,120.2,833.4,False,1
pineapple,163,28,2,Platinum,-1087.7,561.3,False,1
pineapple,163,29,2,Platinum,489.5,524.5,False,1
pineapple,163,30,2,Platinum,454.5,1228.5,False,1
pineapple,163,31,-1,Unknown,193.0,1135.5,False,1
pineapple,164,12,2,Platinum,336.4,1125.6,False,1
pineapple,164,27,2,Platinum,120.7,837.6,False,1
pineapple,164,28,2,Platinum,-1269.5,526.9,False,1
pineapple,164,29,2,Platinum,489.5,524.5,False,1
pineapple,164,30,2,Platinum,465.6,1226.1,False,1
pineapple,164,31,2,Platinum,191.4,1136.6,False,1
pineapple,165,12,2,Platinum,336.0,1126.4,False,1
pineapple,165,27,2,Platinum,121.2,841.9,False,1
pineapple,165,28,2,Platinum,-1451.3,492.4,False,1
pineapple,165,29,2,Platinum,489.5,524.5,False,1
pineapple,165,30,2,Platinum,464.3,1224.9,False,1
pineapple,165,31,2,Platinum,192.0,1134.8,False,1
pineapple,166,27,2,Platinum,121.6,846.1,False,1
pineapple,166,28,2,Platinum,-1633.1,458.0,False,1
pineapple,166,29,2,Platinum,489.5,524.5,False,1
pineapple,166,30,2,Platinum,463.9,1221.8,False,1
pineapple,166,31,2,Platinum,201.0,1160.5,False,1
pineapple,167,27,2,Platinum,122.1,850.4,False,1
pineapple,167,28,2,Platinum,-1814.9,423.5,False,1
pineapple,167,29,2,Platinum,489.5,524.5,False,1
pineapple,167,30,2,Platinum,466.3,1218.0,False,1
pineapple,167,31,2,Platinum,204.2,1161.7,False,1
pineapple,167,32,2,Platinum,167.5,1079.0,False,1
pineapple,167,33,2,Platinum,371.0,1065.5,False,1
pineapple,167,34,2,Platinum,180.0,1114.0,False,1
pineapple,168,27,2,Platinum,122.6,854.6,False,1
pineapple,168,28,2,Platinum,-1996.6,389.0,False,1
pineapple,168,29,2,Platinum,489.5,524.5,False,1
pineapple,168,30,2,Platinum,466.3,1216.9,False,1
pineapple,168,31,2,Platinum,203.4,1174.8,False,1
pineapple,168,32,2,Platinum,175.0,1084.5,False,1
pineapple,168,33,2,Platinum,371.0,1065.5,False,1
pineapple,168,34,2,Platinum,180.0,1114.0,False,1
pineapple,169,27,2,Platinum,123.1,858.9,False,1
pineapple,169,28,2,Platinum,-2178.4,354.6,False,1
pineapple,169,29,2,Platinum,489.5,524.5,False,1
pineapple,169,30,2,Platinum,466.4,1215.8,False,1
pineapple,169,31,2,Platinum,208.9,1201.3,False,1
pineapple,169,32,2,Platinum,173.1,1086.7,False,1
pineapple,169,33,2,Platinum,371.0,1065.5,False,1
pineapple,169,34,2,Platinum,180.0,1114.0,False,1
pineapple,170,27,2,Platinum,123.6,863.1,False,1
pineapple,170,28,2,Platinum,-2360.2,320.1,False,1
pineapple,170,29,2,Platinum,489.5,524.5,False,1
pineapple,170,30,2,Platinum,466.4,1214.8,False,1
pineapple,170,31,2,Platinum,215.6,1216.3,False,1
pineapple,170,32,2,Platinum,175.1,1088.7,False,1
pineapple,170,33,2,Platinum,371.0,1065.5,False,1
pineapple,170,34,2,Platinum,180.0,1114.0,False,1
pineapple,171,27,2,Platinum,127.4,914.4,False,1
pineapple,171,28,2,Platinum,-2542.0,285.7,False,1
pineapple,171,29,2,Platinum,489.5,524.5,False,1
pineapple,171,30,2,Platinum,466.5,1213.7,False,1
pineapple,171,31,2,Platinum,220.3,1225.3,False,1
pineapple,171,32,2,Platinum,180.7,1094.5,False,1
pineapple,171,33,2,Platinum,371.0,1065.5,False,1
pineapple,171,34,2,Platinum,180.0,1114.0,False,1
pineapple,171,35,-1,Unknown,47.0,755.0,False,1
pineapple,172,27,2,Platinum,128.4,916.3,False,1
pineapple,172,28,2,Platinum,-2723.8,251.2,False,1
pineapple,172,29,2,Platinum,489.5,524.5,False,1
pineapple,172,30,2,Platinum,466.5,1212.7,False,1
pineapple,172,31,2,Platinum,220.9,1228.9,False,1
pineapple,172,32,2,Platinum,183.8,1095.5,False,1
pineapple,172,33,2,Platinum,371.0,1065.5,False,1
pineapple,172,34,2,Platinum,180.0,1114.0,False,1
pineapple,172,35,-1,Unknown,47.0,755.0,False,1
pineapple,172,36,-1,Unknown,49.5,590.0,False,1
pineapple,173,27,2,Platinum,126.1,915.7,False,1
pineapple,173,28,2,Platinum,-2905.6,216.7,False,1
pineapple,173,29,2,Platinum,489.5,524.5,False,1
pineapple,173,30,2,Platinum,466.6,1211.6,False,1
pineapple,173,31,2,Platinum,231.3,1230.7,False,1
pineapple,173,32,2,Platinum,186.9,1097.7,False,1
pineapple,173,33,2,Platinum,371.0,1065.5,False,1
pineapple,173,34,2,Platinum,180.0,1114.0,False,1
pineapple,173,35,-1,Unknown,47.0,755.0,False,1
pineapple,173,36,-1,Unknown,49.5,590.0,False,1
pineapple,174,27,2,Platinum,128.5,912.4,False,1
pineapple,174,28,2,Platinum,-3087.3,182.3,False,1
pineapple,174,29,2,Platinum,489.5,524.5,False,1
pineapple,174,30,2,Platinum,466.6,1210.6,False,1
pineapple,174,31,2,Platinum,238.1,1233.4,False,1
pineapple,174,32,2,Platinum,186.4,1094.9,False,1
pineapple,174,33,2,Platinum,371.0,1065.5,False,1
pineapple,174,34,2,Platinum,180.0,1114.0,False,1
pineapple,174,35,-1,Unknown,47.0,755.0,False,1
pineapple,174,36,-1,Unknown,49.5,590.0,False,1
pineapple,175,27,2,Platinum,129.1,917.5,False,1
pineapple,175,28,2,Platinum,-3269.1,147.8,False,1
pineapple,175,29,2,Platinum,489.5,524.5,False,1
pineapple,175,30,2,Platinum,466.6,1209.5,False,1
pineapple,175,31,2,Platinum,235.8,1233.7,False,1
pineapple,175,32,2,Platinum,186.1,1093.8,False,1
pineapple,175,33,2,Platinum,371.0,1065.5,False,1
pineapple,175,34,2,Platinum,180.0,1114.0,False,1
pineapple,175,35,-1,Unknown,47.0,755.0,False,1
pineapple,175,36,-1,Unknown,49.5,590.0,False,1
pineapple,176,27,2,Platinum,129.7,922.5,False,1
pineapple,176,29,2,Platinum,489.5,524.5,False,1
pineapple,176,30,2,Platinum,466.7,1208.4,False,1
pineapple,176,31,2,Platinum,231.2,1233.2,False,1
pineapple,176,32,2,Platinum,184.3,1079.1,False,1
pineapple,176,33,2,Platinum,371.0,1065.5,False,1
pineapple,176,34,2,Platinum,180.0,1114.0,False,1
pineapple,176,35,-1,Unknown,47.0,755.0,False,1
pineapple,176,36,-1,Unknown,49.5,590.0,False,1
pineapple,177,27,2,Platinum,130.3,927.6,False,1
pineapple,177,29,2,Platinum,489.5,524.5,False,1
pineapple,177,30,2,Platinum,466.7,1207.4,False,1
pineapple,177,31,2,Platinum,233.9,1240.0,False,1
pineapple,177,32,2,Platinum,184.8,1066.9,False,1
pineapple,177,33,2,Platinum,371.0,1065.5,False,1
pineapple,177,34,2,Platinum,180.0,1114.0,False,1
pineapple,177,35,-1,Unknown,47.0,755.0,False,1
pineapple,177,36,-1,Unknown,49.5,590.0,False,1
pineapple,178,27,2,Platinum,130.9,932.7,False,1
pineapple,178,29,2,Platinum,489.5,524.5,False,1
pineapple,178,30,2,Platinum,466.8,1206.3,False,1
pineapple,178,31,2,Platinum,236.6,1246.8,False,1
pineapple,178,32,2,Platinum,173.3,1063.4,False,1
pineapple,178,33,2,Platinum,371.0,1065.5,False,1
pineapple,178,34,2,Platinum,180.0,1114.0,False,1
pineapple,178,35,-1,Unknown,47.0,755.0,False,1
pineapple,178,36,-1,Unknown,49.5,590.0,False,1
pineapple,179,27,2,Platinum,131.5,937.7,False,1
pineapple,179,29,2,Platinum,489.5,524.5,False,1
pineapple,179,30,2,Platinum,466.8,1205.3,False,1
pineapple,179,31,2,Platinum,239.3,1253.6,False,1
pineapple,179,32,2,Platinum,155.7,1066.2,False,1
pineapple,179,33,2,Platinum,371.0,1065.5,False,1
pineapple,179,34,2,Platinum,180.0,1114.0,False,1
pineapple,179,35,-1,Unknown,47.0,755.0,False,1
pineapple,179,36,-1,Unknown,49.5,590.0,False,1
pineapple,180,27,2,Platinum,132.1,942.8,False,1
pineapple,180,29,2,Platinum,489.5,524.5,False,1
pineapple,180,30,2,Platinum,466.9,1204.2,False,1
pineapple,180,31,2,Platinum,241.9,1260.4,False,1
pineapple,180,32,2,Platinum,142.1,1063.1,False,1
pineapple,180,33,2,Platinum,371.0,1065.5,False,1
pineapple,180,34,2,Platinum,180.0,1114.0,False,1
pineapple,180,35,-1,Unknown,47.0,755.0,False,1
pineapple,180,36,-1,Unknown,49.5,590.0,False,1
pineapple,181,27,2,Platinum,132.8,947.9,False,1
pineapple,181,29,2,Platinum,489.5,524.5,False,1
pineapple,181,30,2,Platinum,466.9,1203.2,False,1
pineapple,181,31,2,Platinum,244.6,1267.2,False,1
pineapple,181,32,2,Platinum,135.2,1058.0,False,1
pineapple,181,33,2,Platinum,371.0,1065.5,False,1
pineapple,181,34,2,Platinum,180.0,1114.0,False,1
pineapple,181,35,-1,Unknown,47.0,755.0,False,1
pineapple,181,36,-1,Unknown,49.5,590.0,False,1
pineapple,182,27,2,Platinum,133.4,952.9,False,1
pineapple,182,30,2,Platinum,467.0,1202.1,False,1
pineapple,182,31,2,Platinum,247.3,1274.0,False,1
pineapple,182,32,2,Platinum,131.7,1051.5,False,1
pineapple,182,33,2,Platinum,371.0,1065.5,False,1
pineapple,182,34,2,Platinum,180.0,1114.0,False,1
pineapple,182,35,-1,Unknown,47.0,755.0,False,1
pineapple,182,36,-1,Unknown,49.5,590.0,False,1
pineapple,183,27,2,Platinum,134.0,958.0,False,1
pineapple,183,30,2,Platinum,467.0,1201.0,False,1
pineapple,183,31,2,Platinum,250.0,1280.8,False,1
pineapple,183,32,2,Platinum,124.9,1043.3,False,1
pineapple,183,33,2,Platinum,327.0,1109.0,False,1
pineapple,183,34,2,Platinum,180.0,1114.0,False,1
pineapple,183,35,-1,Unknown,47.0,755.0,False,1
pineapple,183,36,-1,Unknown,49.5,590.0,False,1
pineapple,184,27,2,Platinum,134.6,963.0,False,1
pineapple,184,30,2,Platinum,467.0,1200.0,False,1
pineapple,184,31,2,Platinum,252.7,1287.6,False,1
pineapple,184,32,2,Platinum,117.6,1037.3,False,1
pineapple,184,33,2,Platinum,320.9,1107.4,False,1
pineapple,184,34,2,Platinum,180.0,1114.0,False,1
pineapple,184,35,-1,Unknown,47.0,755.0,False,1
pineapple,184,36,-1,Unknown,49.5,590.0,False,1
pineapple,185,27,2,Platinum,135.2,968.1,False,1
pineapple,185,30,2,Platinum,467.1,1198.9,False,1
pineapple,185,31,2,Platinum,255.3,1294.3,False,1
pineapple,185,32,2,Platinum,112.0,1033.2,False,1
pineapple,185,33,2,Platinum,314.6,1098.2,False,1
pineapple,185,34,2,Platinum,180.0,1114.0,False,1
pineapple,185,35,-1,Unknown,47.0,755.0,False,1
pineapple,185,36,-1,Unknown,49.5,590.0,False,1
pineapple,186,27,2,Platinum,135.8,973.2,False,1
pineapple,186,30,2,Platinum,467.1,1197.9,False,1
pineapple,186,31,2,Platinum,258.0,1301.1,False,1
pineapple,186,32,2,Platinum,108.8,1029.8,False,1
pineapple,186,33,2,Platinum,325.3,1089.8,False,1
pineapple,186,34,2,Platinum,180.0,1114.0,False,1
pineapple,186,35,-1,Unknown,47.0,755.0,False,1
pineapple,186,36,-1,Unknown,49.5,590.0,False,1
pineapple,187,27,2,Platinum,136.4,978.2,False,1
pineapple,187,30,2,Platinum,467.2,1196.8,False,1
pineapple,187,31,2,Platinum,260.7,1307.9,False,1
pineapple,187,32,2,Platinum,108.0,1023.1,False,1
pineapple,187,33,2,Platinum,328.1,1078.3,False,1
pineapple,187,34,2,Platinum,180.0,1114.0,False,1
pineapple,187,35,-1,Unknown,47.0,755.0,False,1
pineapple,187,36,-1,Unknown,49.5,590.0,False,1
pineapple,188,27,2,Platinum,137.1,983.3,False,1
pineapple,188,31,2,Platinum,263.4,1314.7,False,1
pineapple,188,32,2,Platinum,107.5,1015.1,False,1
pineapple,188,33,2,Platinum,328.3,1067.1,False,1
pineapple,188,35,-1,Unknown,47.0,755.0,False,1
pineapple,188,36,-1,Unknown,49.5,590.0,False,1
pineapple,189,27,2,Platinum,137.7,988.4,False,1
pineapple,189,31,2,Platinum,266.1,1321.5,False,1
pineapple,189,32,2,Platinum,107.8,1009.9,False,1
pineapple,189,33,2,Platinum,330.0,1058.9,False,1
pineapple,189,35,-1,Unknown,47.0,755.0,False,1
pineapple,189,36,-1,Unknown,49.5,590.0,False,1
pineapple,190,27,2,Platinum,138.3,993.4,False,1
pineapple,190,31,2,Platinum,268.7,1328.3,False,1
pineapple,190,32,2,Platinum,109.0,1004.8,False,1
pineapple,190,33,2,Platinum,333.7,1052.7,False,1
pineapple,190,35,-1,Unknown,47.0,755.0,False,1
pineapple,190,36,-1,Unknown,49.5,590.0,False,1
pineapple,191,27,2,Platinum,138.9,998.5,False,1
pineapple,191,31,2,Platinum,271.4,1335.1,False,1
pineapple,191,32,2,Platinum,112.6,1001.4,False,1
pineapple,191,33,2,Platinum,337.0,1048.8,False,1
pineapple,191,35,-1,Unknown,47.0,755.0,False,1
pineapple,191,36,-1,Unknown,49.5,590.0,False,1
pineapple,191,37,2,Platinum,543.0,1103.0,False,1
pineapple,192,27,2,Platinum,139.5,1003.6,False,1
pineapple,192,31,2,Platinum,274.1,1341.9,False,1
pineapple,192,32,2,Platinum,110.7,1000.9,False,1
pineapple,192,33,2,Platinum,338.0,1045.8,False,1
pineapple,192,36,-1,Unknown,49.5,590.0,False,1
pineapple,192,37,2,Platinum,552.5,1112.0,False,1
pineapple,192,38,-1,Unknown,183.0,1223.5,False,1
pineapple,193,27,2,Platinum,140.1,1008.6,False,1
pineapple,193,31,2,Platinum,276.8,1348.7,False,1
pineapple,193,32,2,Platinum,108.8,1002.8,False,1
pineapple,193,33,2,Platinum,338.4,1043.1,False,1
pineapple,193,37,2,Platinum,561.5,1119.6,False,1
pineapple,193,38,-1,Unknown,183.0,1223.5,False,1
pineapple,194,27,2,Platinum,140.7,1013.7,False,1
pineapple,194,31,2,Platinum,279.5,1355.5,False,1
pineapple,194,32,2,Platinum,107.5,1000.8,False,1
pineapple,194,33,2,Platinum,337.5,1041.2,False,1
pineapple,194,37,2,Platinum,568.0,1126.2,False,1
pineapple,194,38,-1,Unknown,183.0,1223.5,False,1
pineapple,195,31,2,Platinum,282.2,1362.3,False,1
pineapple,195,32,2,Platinum,107.4,995.2,False,1
pineapple,195,33,2,Platinum,330.6,1041.3,False,1
pineapple,195,37,2,Platinum,567.4,1133.5,False,1
pineapple,195,38,-1,Unknown,183.5,1227.5,False,1
pineapple,196,31,2,Platinum,284.8,1369.1,False,1
pineapple,196,32,2,Platinum,105.8,987.6,False,1
pineapple,196,33,2,Platinum,320.2,1040.8,False,1
pineapple,196,37,2,Platinum,566.5,1135.4,False,1
pineapple,196,38,2,Platinum,181.9,1227.3,False,1
pineapple,197,32,2,Platinum,94.5,984.5,False,1
pineapple,197,33,2,Platinum,314.3,1040.0,False,1
pineapple,197,37,2,Platinum,562.4,1133.9,False,1
pineapple,197,38,2,Platinum,181.1,1227.6,False,1
pineapple,198,32,2,Platinum,81.4,993.6,False,1
pineapple,198,33,2,Platinum,307.5,1036.2,False,1
pineapple,198,37,2,Platinum,569.6,1132.4,False,1
pineapple,198,38,2,Platinum,180.4,1228.1,False,1
pineapple,199,32,2,Platinum,77.7,991.0,False,1
pineapple,199,33,2,Platinum,302.4,1033.2,False,1
pineapple,199,37,2,Platinum,569.3,1129.7,False,1
pineapple,199,38,2,Platinum,179.7,1228.7,False,1
pineapple,200,32,2,Platinum,73.9,988.3,False,1
pineapple,200,33,2,Platinum,295.4,1031.5,False,1
pineapple,200,37,2,Platinum,567.1,1127.2,False,1
pineapple,200,38,2,Platinum,179.0,1229.2,False,1
pineapple,201,32,2,Platinum,70.1,985.6,False,1
pineapple,201,33,2,Platinum,286.2,1032.3,False,1
pineapple,201,37,2,Platinum,568.2,1127.9,False,1
pineapple,201,38,2,Platinum,178.3,1229.7,False,1
pineapple,201,39,-1,Unknown,72.0,738.0,False,1
pineapple,202,32,2,Platinum,66.4,982.9,False,1
pineapple,202,33,2,Platinum,276.3,1034.9,False,1
pineapple,202,37,2,Platinum,563.2,1123.1,False,1
pineapple,202,38,2,Platinum,177.5,1230.2,False,1
pineapple,202,39,-1,Unknown,72.0,738.0,False,1
pineapple,203,32,2,Platinum,62.6,980.2,False,1
pineapple,203,33,2,Platinum,266.2,1036.6,False,1
pineapple,203,37,2,Platinum,558.0,1119.6,False,1
pineapple,203,38,2,Platinum,176.8,1230.7,False,1
pineapple,203,39,-1,Unknown,65.5,702.5,False,1
pineapple,204,32,2,Platinum,58.8,977.6,False,1
pineapple,204,33,2,Platinum,261.4,1035.1,False,1
pineapple,204,37,2,Platinum,557.9,1119.7,False,1
pineapple,204,38,2,Platinum,176.1,1231.3,False,1
pineapple,204,39,-1,Unknown,62.3,684.8,False,1
pineapple,205,32,2,Platinum,55.1,974.9,False,1
pineapple,205,33,2,Platinum,232.7,1041.2,False,1
pineapple,205,37,2,Platinum,557.9,1119.8,False,1
pineapple,205,38,2,Platinum,175.4,1231.8,False,1
pineapple,205,39,-1,Unknown,59.0,667.0,False,1
pineapple,206,32,2,Platinum,51.3,972.2,False,1
pineapple,206,33,2,Platinum,208.6,1045.5,False,1
pineapple,206,37,2,Platinum,557.8,1119.9,False,1
pineapple,206,38,2,Platinum,174.7,1232.3,False,1
pineapple,206,39,-1,Unknown,55.8,649.3,False,1
pineapple,207,32,2,Platinum,47.6,969.5,False,1
pineapple,207,33,2,Platinum,200.2,1045.1,False,1
pineapple,207,37,2,Platinum,466.4,1120.0,False,1
pineapple,207,38,2,Platinum,174.0,1232.8,False,1
pineapple,207,39,-1,Unknown,52.5,631.5,False,1
pineapple,208,32,2,Platinum,43.8,966.8,False,1
pineapple,208,33,2,Platinum,176.5,1045.3,False,1
pineapple,208,37,2,Platinum,441.6,1121.1,False,1
pineapple,208,38,2,Platinum,173.3,1233.3,False,1
pineapple,208,39,-1,Unknown,49.3,613.8,False,1
pineapple,209,32,2,Platinum,40.0,964.2,False,1
pineapple,209,33,2,Platinum,166.8,1045.0,False,1
pineapple,209,37,2,Platinum,431.6,1121.3,False,1
pineapple,209,38,2,Platinum,172.6,1233.9,False,1
pineapple,209,39,-1,Unknown,46.0,596.0,False,1
pineapple,210,32,2,Platinum,36.3,961.5,False,1
pineapple,210,33,2,Platinum,157.2,1044.7,False,1
pineapple,210,37,2,Platinum,421.6,1121.5,False,1
pineapple,210,38,2,Platinum,171.9,1234.4,False,1
pineapple,210,39,-1,Unknown,42.8,578.3,False,1
pineapple,211,32,2,Platinum,32.5,958.8,False,1
pineapple,211,33,2,Platinum,147.5,1044.4,False,1
pineapple,211,37,2,Platinum,411.6,1121.7,False,1
pineapple,211,38,2,Platinum,171.2,1234.9,False,1
pineapple,211,39,-1,Unknown,39.5,560.5,False,1
pineapple,211,40,-1,Unknown,545.0,636.5,False,1
pineapple,212,32,2,Platinum,28.7,956.1,False,1
pineapple,212,33,2,Platinum,137.8,1044.1,False,1
pineapple,212,37,2,Platinum,401.7,1121.9,False,1
pineapple,212,38,2,Platinum,170.5,1235.4,False,1
pineapple,212,39,-1,Unknown,36.3,542.8,False,1
pineapple,212,40,-1,Unknown,545.0,636.5,False,1
pineapple,212,41,2,Platinum,465.0,1226.5,False,1
pineapple,213,32,2,Platinum,25.0,953.4,False,1
pineapple,213,33,2,Platinum,128.1,1043.7,False,1
pineapple,213,37,2,Platinum,391.7,1122.1,False,1
pineapple,213,38,2,Platinum,169.8,1235.9,False,1
pineapple,213,39,-1,Unknown,33.0,525.1,False,1
pineapple,213,40,-1,Unknown,538.0,636.0,False,1
pineapple,213,41,2,Platinum,437.0,1228.5,False,1
pineapple,213,42,2,Platinum,644.5,1073.5,False,1
pineapple,214,32,2,Platinum,21.2,950.8,False,1
pineapple,214,33,2,Platinum,118.4,1043.4,False,1
pineapple,214,37,2,Platinum,381.7,1122.3,False,1
pineapple,214,38,2,Platinum,169.1,1236.5,False,1
pineapple,214,39,-1,Unknown,29.8,507.3,False,1
pineapple,214,40,-1,Unknown,534.5,635.8,False,1
pineapple,214,41,2,Platinum,409.0,1230.5,False,1
pineapple,214,42,2,Platinum,644.5,1073.5,False,1
pineapple,215,32,2,Platinum,17.5,948.1,False,1
pineapple,215,33,2,Platinum,108.7,1043.1,False,1
pineapple,215,37,2,Platinum,371.7,1122.5,False,1
pineapple,215,38,2,Platinum,168.4,1237.0,False,1
pineapple,215,39,-1,Unknown,26.5,489.6,False,1
pineapple,215,40,-1,Unknown,531.0,635.5,False,1
pineapple,215,41,2,Platinum,381.1,1232.5,False,1
pineapple,215,42,2,Platinum,651.0,1091.0,False,1
pineapple,216,32,2,Platinum,13.7,945.4,False,1
pineapple,216,33,2,Platinum,99.0,1042.8,False,1
pineapple,216,37,2,Platinum,361.8,1122.7,False,1
pineapple,216,38,2,Platinum,167.7,1237.5,False,1
pineapple,216,39,-1,Unknown,23.3,471.8,False,1
pineapple,216,40,-1,Unknown,527.5,635.3,False,1
pineapple,216,41,2,Platinum,353.1,1234.5,False,1
pineapple,216,42,2,Platinum,653.6,1093.5,False,1
pineapple,217,32,2,Platinum,9.9,942.7,False,1
pineapple,217,33,2,Platinum,207.6,1048.7,False,1
pineapple,217,37,2,Platinum,351.8,1122.9,False,1
pineapple,217,38,2,Platinum,167.0,1238.0,False,1
pineapple,217,39,-1,Unknown,20.0,454.1,False,1
pineapple,217,40,-1,Unknown,524.0,635.0,False,1
pineapple,217,41,2,Platinum,325.1,1236.5,False,1
pineapple,217,42,2,Platinum,655.7,1099.7,False,1
pineapple,218,32,2,Platinum,6.2,940.0,False,1
pineapple,218,33,2,Platinum,234.0,1076.4,False,1
pineapple,218,37,2,Platinum,341.8,1123.1,False,1
pineapple,218,39,-1,Unknown,16.8,436.3,False,1
pineapple,218,40,-1,Unknown,520.5,634.8,False,1
pineapple,218,41,2,Platinum,297.2,1238.5,False,1
pineapple,218,42,2,Platinum,658.2,1105.2,False,1
pineapple,218,43,2,Platinum,432.0,1214.5,False,1
pineapple,219,33,2,Platinum,249.9,1085.5,False,1
pineapple,219,37,2,Platinum,331.8,1123.3,False,1
pineapple,219,39,-1,Unknown,13.5,418.6,False,1
pineapple,219,40,-1,Unknown,517.0,634.5,False,1
pineapple,219,41,2,Platinum,269.2,1240.5,False,1
pineapple,219,42,2,Platinum,660.7,1110.8,False,1
pineapple,219,43,2,Platinum,433.5,1212.5,False,1
pineapple,219,44,2,Platinum,612.5,904.0,False,1
pineapple,219,45,-1,Unknown,102.5,1216.0,False,1
pineapple,220,33,2,Platinum,251.5,1088.3,False,1
pineapple,220,37,2,Platinum,321.9,1123.5,False,1
pineapple,220,39,-1,Unknown,10.3,400.8,False,1
pineapple,220,40,-1,Unknown,513.5,634.3,False,1
pineapple,220,41,2,Platinum,241.2,1242.5,False,1
pineapple,220,42,2,Platinum,663.2,1116.3,False,1
pineapple,220,43,2,Platinum,432.6,1210.0,False,1
pineapple,220,44,2,Platinum,610.5,905.0,False,1
pineapple,220,45,-1,Unknown,124.0,1207.0,False,1
pineapple,221,33,2,Platinum,253.1,1091.2,False,1
pineapple,221,37,2,Platinum,311.9,1123.7,False,1
pineapple,221,39,-1,Unknown,7.0,383.1,False,1
pineapple,221,40,-1,Unknown,510.0,634.0,False,1
pineapple,221,41,2,Platinum,213.3,1244.5,False,1
pineapple,221,42,2,Platinum,665.8,1121.8,False,1
pineapple,221,43,2,Platinum,425.3,1207.9,False,1
pineapple,221,44,2,Platinum,608.5,906.0,False,1
pineapple,221,45,-1,Unknown,127.1,1202.7,False,1
pineapple,222,33,2,Platinum,298.4,1079.0,False,1
pineapple,222,37,2,Platinum,301.9,1123.9,False,1
pineapple,222,39,-1,Unknown,3.8,365.4,False,1
pineapple,222,40,-1,Unknown,506.5,633.8,False,1
pineapple,222,41,2,Platinum,185.3,1246.5,False,1
pineapple,222,42,2,Platinum,668.3,1127.3,False,1
pineapple,222,43,2,Platinum,418.3,1210.6,False,1
pineapple,222,44,2,Platinum,606.5,907.0,False,1
pineapple,222,45,2,Platinum,125.1,1203.0,False,1
pineapple,222,46,2,Platinum,391.0,959.5,False,1
pineapple,223,33,2,Platinum,305.3,1073.4,False,1
pineapple,223,37,2,Platinum,292.0,1124.1,False,1
pineapple,223,39,-1,Unknown,0.5,347.6,False,1
pineapple,223,40,-1,Unknown,503.0,633.5,False,1
pineapple,223,41,2,Platinum,157.3,1248.5,False,1
pineapple,223,42,2,Platinum,670.8,1132.9,False,1
pineapple,223,43,2,Platinum,405.7,1210.8,False,1
pineapple,223,44,2,Platinum,595.1,916.9,False,1
pineapple,223,45,2,Platinum,126.3,1201.7,False,1
pineapple,223,46,2,Platinum,384.5,955.5,False,1
pineapple,224,33,2,Platinum,310.7,1074.4,False,1
pineapple,224,37,2,Platinum,282.0,1124.3,False,1
pineapple,224,40,-1,Unknown,499.5,633.3,False,1
pineapple,224,41,2,Platinum,129.4,1250.5,False,1
pineapple,224,42,2,Platinum,673.3,1138.4,False,1
pineapple,224,43,2,Platinum,391.4,1209.8,False,1
pineapple,224,44,2,Platinum,590.1,920.7,False,1
pineapple,224,45,2,Platinum,118.0,1196.2,False,1
pineapple,224,46,2,Platinum,375.2,950.1,False,1
pineapple,225,33,2,Platinum,289.4,1067.0,False,1
pineapple,225,37,2,Platinum,272.0,1124.5,False,1
pineapple,225,40,-1,Unknown,496.0,633.0,False,1
pineapple,225,41,2,Platinum,101.4,1252.5,False,1
pineapple,225,42,2,Platinum,675.9,1143.9,False,1
pineapple,225,43,2,Platinum,377.3,1210.5,False,1
pineapple,225,44,2,Platinum,585.2,924.5,False,1
pineapple,225,45,2,Platinum,117.1,1193.3,False,1
pineapple,225,46,2,Platinum,366.4,944.9,False,1
pineapple,226,33,2,Platinum,292.5,1067.2,False,1
pineapple,226,37,2,Platinum,262.0,1124.7,False,1
pineapple,226,40,-1,Unknown,492.5,632.8,False,1
pineapple,226,41,2,Platinum,73.4,1254.5,False,1
pineapple,226,42,2,Platinum,678.4,1149.4,False,1
pineapple,226,43,2,Platinum,365.1,1211.8,False,1
pineapple,226,44,2,Platinum,580.2,928.3,False,1
pineapple,226,45,2,Platinum,116.1,1190.3,False,1
pineapple,226,46,2,Platinum,353.3,941.9,False,1
pineapple,227,33,2,Platinum,295.6,1067.5,False,1
pineapple,227,37,2,Platinum,252.1,1124.9,False,1
pineapple,227,40,-1,Unknown,489.0,632.5,False,1
pineapple,227,41,2,Platinum,45.5,1256.5,False,1
pineapple,227,42,2,Platinum,680.9,1155.0,False,1
pineapple,227,43,2,Platinum,348.2,1214.3,False,1
pineapple,227,44,2,Platinum,575.3,932.1,False,1
pineapple,227,45,2,Platinum,115.2,1187.4,False,1
pineapple,227,46,2,Platinum,344.9,940.9,False,1
pineapple,228,33,2,Platinum,298.8,1067.7,False,1
pineapple,228,37,2,Platinum,242.1,1125.1,False,1
pineapple,228,40,-1,Unknown,485.5,632.3,False,1
pineapple,228,41,2,Platinum,17.5,1258.5,False,1
pineapple,228,42,2,Platinum,683.4,1160.5,False,1
pineapple,228,43,2,Platinum,337.1,1214.7,False,1
pineapple,228,44,2,Platinum,570.3,935.9,False,1
pineapple,228,45,2,Platinum,114.2,1184.4,False,1
pineapple,228,46,2,Platinum,335.1,937.4,False,1
pineapple,229,33,2,Platinum,301.9,1068.0,False,1
pineapple,229,40,-1,Unknown,482.0,632.0,False,1
pineapple,229,41,2,Platinum,-10.5,1260.5,False,1
pineapple,229,42,2,Platinum,685.9,1166.0,False,1
pineapple,229,43,2,Platinum,326.0,1215.1,False,1
pineapple,229,44,2,Platinum,565.4,939.7,False,1
pineapple,229,45,2,Platinum,113.3,1181.5,False,1
pineapple,229,46,2,Platinum,325.4,933.9,False,1
pineapple,229,47,2,Platinum,565.5,1156.5,False,1
pineapple,230,33,2,Platinum,305.0,1068.2,False,1
pineapple,230,40,-1,Unknown,478.5,631.8,False,1
pineapple,230,41,2,Platinum,-38.4,1262.5,False,1
pineapple,230,42,2,Platinum,688.5,1171.5,False,1
pineapple,230,43,2,Platinum,314.9,1215.5,False,1
pineapple,230,44,2,Platinum,560.4,943.5,False,1
pineapple,230,45,2,Platinum,112.3,1178.5,False,1
pineapple,230,46,2,Platinum,315.6,930.4,False,1
pineapple,230,47,2,Platinum,547.0,1150.5,False,1
pineapple,231,33,2,Platinum,308.1,1068.5,False,1
pineapple,231,40,-1,Unknown,475.0,631.5,False,1
pineapple,231,41,2,Platinum,-66.4,1264.5,False,1
pineapple,231,42,2,Platinum,691.0,1177.1,False,1
pineapple,231,43,2,Platinum,303.7,1215.9,False,1
pineapple,231,44,2,Platinum,480.1,914.2,False,1
pineapple,231,45,2,Platinum,111.4,1175.6,False,1
pineapple,231,46,2,Platinum,305.8,926.9,False,1
pineapple,231,47,2,Platinum,539.3,1126.6,False,1
pineapple,232,33,2,Platinum,311.2,1068.7,False,1
pineapple,232,40,-1,Unknown,471.5,631.3,False,1
pineapple,232,41,2,Platinum,-94.4,1266.5,False,1
pineapple,232,42,2,Platinum,693.5,1182.6,False,1
pineapple,232,43,2,Platinum,292.6,1216.2,False,1
pineapple,232,44,2,Platinum,467.8,914.8,False,1
pineapple,232,45,2,Platinum,83.7,1155.0,False,1
pineapple,232,46,2,Platinum,296.1,923.3,False,1
pineapple,232,47,2,Platinum,529.6,1106.1,False,1
pineapple,233,33,2,Platinum,314.3,1068.9,False,1
pineapple,233,40,-1,Unknown,468.0,631.0,False,1
pineapple,233,41,2,Platinum,-122.3,1268.5,False,1
pineapple,233,42,2,Platinum,696.0,1188.1,False,1
pineapple,233,43,2,Platinum,281.5,1216.6,False,1
pineapple,233,44,2,Platinum,451.5,903.9,False,1
pineapple,233,45,2,Platinum,80.5,1148.4,False,1
pineapple,233,46,2,Platinum,286.3,919.8,False,1
pineapple,233,47,2,Platinum,519.9,1085.6,False,1
pineapple,234,33,2,Platinum,317.4,1069.2,False,1
pineapple,234,40,-1,Unknown,453.0,577.0,False,1
pineapple,234,42,2,Platinum,698.5,1193.6,False,1
pineapple,234,43,2,Platinum,270.4,1217.0,False,1
pineapple,234,44,2,Platinum,438.8,903.3,False,1
pineapple,234,45,2,Platinum,77.0,1141.2,False,1
pineapple,234,46,2,Platinum,276.5,916.3,False,1
pineapple,234,47,2,Platinum,526.4,1134.4,False,1
pineapple,235,33,2,Platinum,320.6,1069.4,False,1
pineapple,235,40,-1,Unknown,449.0,574.3,False,1
pineapple,235,42,2,Platinum,701.1,1199.2,False,1
pineapple,235,43,2,Platinum,259.3,1217.4,False,1
pineapple,235,44,2,Platinum,426.1,902.8,False,1
pineapple,235,45,2,Platinum,68.9,1119.0,False,1
pineapple,235,46,2,Platinum,266.8,912.8,False,1
pineapple,235,47,2,Platinum,508.4,1133.1,False,1
pineapple,235,48,2,Platinum,274.0,1150.5,False,1
pineapple,236,33,2,Platinum,323.7,1069.7,False,1
pineapple,236,40,-1,Unknown,444.9,571.5,False,1
pineapple,236,42,2,Platinum,703.6,1204.7,False,1
pineapple,236,43,2,Platinum,248.1,1217.8,False,1
pineapple,236,44,2,Platinum,413.4,902.2,False,1
pineapple,236,45,2,Platinum,71.9,1103.5,False,1
pineapple,236,46,2,Platinum,257.0,909.3,False,1
pineapple,236,47,2,Platinum,498.3,1125.0,False,1
pineapple,236,48,2,Platinum,270.5,1147.0,False,1
pineapple,237,33,2,Platinum,326.8,1069.9,False,1
pineapple,237,40,-1,Unknown,440.9,568.7,False,1
pineapple,237,42,2,Platinum,706.1,1210.2,False,1
pineapple,237,43,2,Platinum,237.0,1218.2,False,1
pineapple,237,44,2,Platinum,400.7,901.6,False,1
pineapple,237,45,2,Platinum,71.9,1095.0,False,1
pineapple,237,46,2,Platinum,247.2,905.8,False,1
pineapple,237,47,2,Platinum,493.3,1123.2,False,1
pineapple,237,48,2,Platinum,267.0,1143.5,False,1
pineapple,238,33,2,Platinum,329.9,1070.2,False,1
pineapple,238,40,-1,Unknown,436.8,565.9,False,1
pineapple,238,43,2,Platinum,225.9,1218.6,False,1
pineapple,238,44,2,Platinum,388.0,901.0,False,1
pineapple,238,45,2,Platinum,66.7,1089.7,False,1
pineapple,238,46,2,Platinum,237.5,902.3,False,1
pineapple,238,47,2,Platinum,490.5,1124.1,False,1
pineapple,238,48,2,Platinum,253.7,1139.5,False,1
pineapple,238,49,2,Platinum,156.5,969.0,False,1
pineapple,239,33,2,Platinum,333.0,1070.4,False,1
pineapple,239,40,-1,Unknown,432.8,563.1,False,1
pineapple,239,43,2,Platinum,214.8,1218.9,False,1
pineapple,239,44,2,Platinum,375.4,900.5,False,1
pineapple,239,45,2,Platinum,58.6,1079.5,False,1
pineapple,239,46,2,Platinum,227.7,898.8,False,1
pineapple,239,47,2,Platinum,483.3,1121.5,False,1
pineapple,239,48,2,Platinum,245.7,1135.8,False,1
pineapple,239,49,2,Platinum,156.5,969.0,False,1
pineapple,240,33,2,Platinum,336.1,1070.7,False,2
pineapple,240,40,-1,Unknown,428.8,560.4,False,2
pineapple,240,43,2,Platinum,203.6,1219.3,False,2
pineapple,240,44,2,Platinum,362.7,899.9,False,2
pineapple,240,45,2,Platinum,54.0,1054.2,True,2
pineapple,240,46,2,Platinum,217.9,895.3,False,2
pineapple,240,47,2,Platinum,474.4,1129.7,False,2
pineapple,240,48,2,Platinum,237.7,1132.1,False,2
pineapple,240,49,2,Platinum,156.5,969.0,False,2
pineapple,241,33,2,Platinum,339.2,1070.9,False,2
pineapple,241,40,-1,Unknown,424.7,557.6,False,2
pineapple,241,43,2,Platinum,192.5,1219.7,False,2
pineapple,241,44,2,Platinum,356.7,885.7,False,2
pineapple,241,45,2,Platinum,50.4,1044.8,False,2
pineapple,241,46,2,Platinum,208.2,891.8,False,2
pineapple,241,47,2,Platinum,465.6,1128.5,False,2
pineapple,241,48,2,Platinum,229.8,1128.3,False,2
pineapple,241,49,2,Platinum,156.5,969.0,False,2
pineapple,242,33,2,Platinum,342.4,1071.1,False,2
pineapple,242,40,-1,Unknown,420.7,554.8,False,2
pineapple,242,43,2,Platinum,181.4,1220.1,False,2
pineapple,242,44,2,Platinum,336.2,884.0,False,2
pineapple,242,45,2,Platinum,46.7,1035.4,False,2
pineapple,242,46,2,Platinum,198.4,888.3,False,2
pineapple,242,47,2,Platinum,460.0,1121.4,False,2
pineapple,242,48,2,Platinum,221.8,1124.6,False,2
pineapple,242,49,2,Platinum,156.5,969.0,False,2
pineapple,242,50,-1,Unknown,507.0,737.5,False,2
pineapple,243,33,2,Platinum,345.5,1071.4,False,2
pineapple,243,40,-1,Unknown,416.6,552.0,False,2
pineapple,243,43,2,Platinum,170.3,1220.5,False,2
pineapple,243,44,2,Platinum,324.8,881.8,False,2
pineapple,243,45,2,Platinum,43.0,1026.0,False,2
pineapple,243,46,2,Platinum,188.6,884.8,False,2
pineapple,243,47,2,Platinum,458.2,1113.6,False,2
pineapple,243,48,2,Platinum,213.9,1120.9,False,2
pineapple,243,49,2,Platinum,146.0,884.5,False,2
pineapple,243,50,-1,Unknown,507.0,737.5,False,2
pineapple,244,33,2,Platinum,348.6,1071.6,False,2
pineapple,244,40,-1,Unknown,412.6,549.2,False,2
pineapple,244,43,2,Platinum,159.2,1220.9,False,2
pineapple,244,44,2,Platinum,312.3,880.7,False,2
pineapple,244,45,2,Platinum,39.4,1016.6,False,2
pineapple,244,46,2,Platinum,178.9,881.3,False,2
pineapple,244,47,2,Platinum,454.8,1105.7,False,2
pineapple,244,48,2,Platinum,205.9,1117.2,False,2
pineapple,244,49,2,Platinum,140.2,860.0,False,2
pineapple,244,50,-1,Unknown,507.0,737.5,False,2
pineapple,245,33,2,Platinum,351.7,1071.9,False,2
pineapple,245,40,-1,Unknown,408.6,546.5,False,2
pineapple,245,43,2,Platinum,148.0,1221.3,False,2
pineapple,245,44,2,Platinum,300.5,880.7,False,2
pineapple,245,45,2,Platinum,35.7,1007.2,False,2
pineapple,245,46,2,Platinum,169.1,877.8,False,2
pineapple,245,47,2,Platinum,449.4,1103.9,False,2
pineapple,245,48,2,Platinum,197.9,1113.4,False,2
pineapple,245,49,2,Platinum,137.1,840.9,False,2
pineapple,245,50,-1,Unknown,507.0,737.5,False,2
pineapple,246,40,-1,Unknown,404.5,543.7,False,2
pineapple,246,43,2,Platinum,136.9,1221.6,False,2
pineapple,246,44,2,Platinum,287.6,881.4,False,2
pineapple,246,45,2,Platinum,76.8,907.9,False,2
pineapple,246,46,2,Platinum,159.3,874.3,False,2
pineapple,246,47,2,Platinum,445.3,1104.9,False,2
pineapple,246,48,2,Platinum,190.0,1109.7,False,2
pineapple,246,49,2,Platinum,133.9,821.9,False,2
pineapple,246,50,-1,Unknown,507.0,737.5,False,2
pineapple,247,40,-1,Unknown,400.5,540.9,False,2
pineapple,247,43,2,Platinum,125.8,1222.0,False,2
pineapple,247,44,2,Platinum,281.2,884.0,False,2
pineapple,247,45,2,Platinum,76.5,891.8,False,2
pineapple,247,46,2,Platinum,149.6,870.8,False,2
pineapple,247,47,2,Platinum,445.3,1105.1,False,2
pineapple,247,48,2,Platinum,182.0,1106.0,False,2
pineapple,247,49,2,Platinum,130.8,802.9,False,2
pineapple,247,50,-1,Unknown,507.0,737.5,False,2
pineapple,248,40,-1,Unknown,396.4,538.1,False,2
pineapple,248,44,2,Platinum,281.1,884.0,False,2
pineapple,248,45,2,Platinum,93.7,843.3,False,2
pineapple,248,47,2,Platinum,448.1,1108.2,False,2
pineapple,248,48,2,Platinum,174.0,1102.3,False,2
pineapple,248,49,2,Platinum,127.6,783.8,False,2
pineapple,248,50,-1,Unknown,507.0,737.5,False,2
pineapple,249,40,-1,Unknown,392.4,535.4,False,2
pineapple,249,44,2,Platinum,270.1,883.2,False,2
pineapple,249,45,2,Platinum,101.3,822.2,False,2
pineapple,249,47,2,Platinum,455.9,1105.8,False,2
pineapple,249,48,2,Platinum,166.1,1098.6,False,2
pineapple,249,49,2,Platinum,124.5,764.8,False,2
pineapple,249,50,-1,Unknown,507.0,737.5,False,2
pineapple,250,40,-1,Unknown,388.4,532.6,False,2
pineapple,250,44,2,Platinum,259.1,882.4,False,2
pineapple,250,45,2,Platinum,103.0,803.1,False,2
pineapple,250,47,2,Platinum,474.4,1103.3,False,2
pineapple,250,48,2,Platinum,158.1,1094.8,False,2
pineapple,250,49,2,Platinum,121.4,745.7,False,2
pineapple,250,50,-1,Unknown,507.0,737.5,False,2
pineapple,251,40,-1,Unknown,384.3,529.8,False,2
pineapple,251,44,2,Platinum,293.1,924.1,False,2
pineapple,251,45,2,Platinum,104.7,784.1,False,2
pineapple,251,47,2,Platinum,488.0,1101.1,False,2
pineapple,251,48,2,Platinum,150.1,1091.1,False,2
pineapple,251,49,2,Platinum,118.2,726.7,False,2
pineapple,251,50,-1,Unknown,507.0,737.5,False,2
pineapple,252,40,-1,Unknown,380.3,527.0,False,2
pineapple,252,44,2,Platinum,285.9,926.9,False,2
pineapple,252,45,2,Platinum,106.5,765.1,False,2
pineapple,252,47,2,Platinum,504.4,1100.4,False,2
pineapple,252,48,2,Platinum,142.2,1087.4,False,2
pineapple,252,49,2,Platinum,115.1,707.6,False,2
pineapple,252,50,-1,Unknown,507.0,737.5,False,2
pineapple,252,51,2,Platinum,55.0,953.0,False,2
pineapple,253,40,-1,Unknown,376.2,524.2,False,2
pineapple,253,44,2,Platinum,324.7,931.5,False,2
pineapple,253,45,2,Platinum,108.2,746.0,False,2
pineapple,253,47,2,Platinum,505.9,1098.6,False,2
pineapple,253,48,2,Platinum,134.2,1083.7,False,2
pineapple,253,49,2,Platinum,111.9,688.6,False,2
pineapple,253,50,-1,Unknown,507.0,737.5,False,2
pineapple,253,51,2,Platinum,63.0,957.0,False,2
pineapple,254,40,-1,Unknown,372.2,521.5,False,2
pineapple,254,44,2,Platinum,321.4,934.4,False,2
pineapple,254,45,2,Platinum,109.9,727.0,False,2
pineapple,254,47,2,Platinum,507.4,1096.7,False,2
pineapple,254,48,2,Platinum,126.2,1079.9,False,2
pineapple,254,49,2,Platinum,108.8,669.6,False,2
pineapple,254,50,-1,Unknown,507.0,737.5,False,2
pineapple,254,51,2,Platinum,86.5,967.1,False,2
pineapple,255,44,2,Platinum,318.1,937.4,False,2
pineapple,255,45,2,Platinum,111.6,708.0,False,2
pineapple,255,47,2,Platinum,508.8,1094.9,False,2
pineapple,255,48,2,Platinum,118.3,1076.2,False,2
pineapple,255,49,2,Platinum,105.7,650.5,False,2
pineapple,255,50,-1,Unknown,507.0,737.5,False,2
pineapple,255,51,2,Platinum,105.3,962.5,False,2
pineapple,256,44,2,Platinum,314.8,940.3,False,2
pineapple,256,45,2,Platinum,113.3,688.9,False,2
pineapple,256,47,2,Platinum,550.4,1103.1,False,2
pineapple,256,48,2,Platinum,110.3,1072.5,False,2
pineapple,256,49,2,Platinum,102.5,631.5,False,2
pineapple,256,50,-1,Unknown,507.0,737.5,False,2
pineapple,256,51,2,Platinum,125.0,964.5,False,2
pineapple,257,44,2,Platinum,311.6,943.3,False,2
pineapple,257,45,2,Platinum,115.0,669.9,False,2
pineapple,257,47,2,Platinum,564.9,1106.8,False,2
pineapple,257,48,2,Platinum,102.3,1068.8,False,2
pineapple,257,49,2,Platinum,99.4,612.4,False,2
pineapple,257,50,-1,Unknown,507.0,737.5,False,2
pineapple,257,51,2,Platinum,144.7,966.5,False,2
pineapple,258,44,2,Platinum,308.3,946.2,False,2
pineapple,258,45,2,Platinum,116.7,650.9,False,2
pineapple,258,47,2,Platinum,570.5,1106.2,False,2
pineapple,258,48,2,Platinum,94.4,1065.0,False,2
pineapple,258,49,2,Platinum,96.3,593.4,False,2
pineapple,258,50,-1,Unknown,507.0,737.5,False,2
pineapple,258,51,2,Platinum,135.1,972.7,False,2
pineapple,259,44,2,Platinum,305.0,949.2,False,2
pineapple,259,45,2,Platinum,118.4,631.8,False,2
pineapple,259,47,2,Platinum,576.1,1105.6,False,2
pineapple,259,49,2,Platinum,93.1,574.3,False,2
pineapple,259,50,-1,Unknown,507.0,737.5,False,2
pineapple,259,51,2,Platinum,148.5,975.6,False,2
pineapple,259,52,2,Platinum,37.5,880.0,False,2
pineapple,260,44,2,Platinum,301.7,952.1,False,2
pineapple,260,45,2,Platinum,120.2,612.8,False,2
pineapple,260,47,2,Platinum,581.7,1105.0,False,2
pineapple,260,49,2,Platinum,90.0,555.3,False,2
pineapple,260,50,-1,Unknown,507.0,737.5,False,2
pineapple,260,51,2,Platinum,162.0,978.5,False,2
pineapple,260,52,2,Platinum,43.5,870.5,False,2
pineapple,261,44,2,Platinum,298.5,955.1,False,2
pineapple,261,45,2,Platinum,121.9,593.8,False,2
pineapple,261,47,2,Platinum,587.3,1104.4,False,2
pineapple,261,49,2,Platinum,86.8,536.3,False,2
pineapple,261,50,-1,Unknown,507.0,737.5,False,2
pineapple,261,51,2,Platinum,150.7,958.9,False,2
pineapple,261,52,2,Platinum,47.1,866.2,False,2
pineapple,261,53,-1,Unknown,548.5,488.0,False,2
pineapple,262,44,2,Platinum,295.2,958.0,False,2
pineapple,262,45,2,Platinum,123.6,574.7,False,2
pineapple,262,47,2,Platinum,592.8,1103.8,False,2
pineapple,262,49,2,Platinum,83.7,517.2,False,2
pineapple,262,50,-1,Unknown,507.0,737.5,False,2
pineapple,262,51,2,Platinum,160.7,958.7,False,2
pineapple,262,52,2,Platinum,47.6,863.5,False,2
pineapple,262,53,-1,Unknown,548.5,488.0,False,2
pineapple,263,44,2,Platinum,291.9,961.0,False,2
pineapple,263,45,2,Platinum,125.3,555.7,False,2
pineapple,263,47,2,Platinum,598.4,1103.2,False,2
pineapple,263,49,2,Platinum,80.6,498.2,False,2
pineapple,263,51,2,Platinum,185.8,919.5,False,2
pineapple,263,52,2,Platinum,46.9,863.0,False,2
pineapple,263,53,-1,Unknown,548.5,488.0,False,2
pineapple,264,44,2,Platinum,288.6,963.9,False,2
pineapple,264,45,2,Platinum,127.0,536.7,False,2
pineapple,264,47,2,Platinum,604.0,1102.6,False,2
pineapple,264,49,2,Platinum,77.4,479.1,False,2
pineapple,264,51,2,Platinum,189.4,907.7,False,2
pineapple,264,52,2,Platinum,43.9,870.4,False,2
pineapple,264,53,-1,Unknown,548.5,488.0,False,2
pineapple,264,54,-1,Unknown,231.0,1103.0,False,2
pineapple,265,44,2,Platinum,285.4,966.9,False,2
pineapple,265,45,2,Platinum,128.7,517.6,False,2
pineapple,265,47,2,Platinum,609.6,1102.0,False,2
pineapple,265,51,2,Platinum,200.2,902.0,False,2
pineapple,265,52,2,Platinum,44.0,870.5,False,2
pineapple,265,53,-1,Unknown,548.5,488.0,False,2
pineapple,265,54,-1,Unknown,231.0,1103.0,False,2
pineapple,266,44,2,Platinum,282.1,969.8,False,2
pineapple,266,45,2,Platinum,130.4,498.6,False,2
pineapple,266,47,2,Platinum,615.2,1101.4,False,2
pineapple,266,51,2,Platinum,186.8,905.8,False,2
pineapple,266,52,2,Platinum,44.0,870.6,False,2
pineapple,266,53,-1,Unknown,548.5,488.0,False,2
pineapple,266,54,-1,Unknown,231.0,1103.0,False,2
pineapple,267,44,2,Platinum,278.8,972.7,False,2
pineapple,267,45,2,Platinum,132.2,479.6,False,2
pineapple,267,47,2,Platinum,620.8,1100.8,False,2
pineapple,267,51,2,Platinum,187.6,911.5,False,2
pineapple,267,52,2,Platinum,44.0,870.7,False,2
pineapple,267,53,-1,Unknown,548.5,488.0,False,2
pineapple,267,54,-1,Unknown,231.0,1103.0,False,2
pineapple,267,55,2,Platinum,153.5,1002.0,False,2
pineapple,267,56,-1,Unknown,379.5,954.5,False,2
pineapple,268,44,2,Platinum,275.5,975.7,False,2
pineapple,268,45,2,Platinum,133.9,460.5,False,2
pineapple,268,47,2,Platinum,626.4,1100.2,False,2
pineapple,268,51,2,Platinum,187.8,915.5,False,2
pineapple,268,52,2,Platinum,44.1,870.8,False,2
pineapple,268,53,-1,Unknown,548.5,488.0,False,2
pineapple,268,54,-1,Unknown,231.0,1103.0,False,2
pineapple,268,55,2,Platinum,155.0,1003.5,False,2
pineapple,268,56,-1,Unknown,379.5,951.0,False,2
pineapple,269,44,2,Platinum,272.3,978.6,False,2
pineapple,269,45,2,Platinum,135.6,441.5,False,2
pineapple,269,47,2,Platinum,632.0,1099.6,False,2
pineapple,269,51,2,Platinum,191.6,917.5,False,2
pineapple,269,52,2,Platinum,44.1,870.8,False,2
pineapple,269,53,-1,Unknown,548.5,488.0,False,2
pineapple,269,54,-1,Unknown,231.0,1103.0,False,2
pineapple,269,55,2,Platinum,158.4,1005.5,False,2
pineapple,269,56,-1,Unknown,377.6,941.4,False,2
pineapple,270,44,2,Platinum,269.0,981.6,False,2
pineapple,270,47,2,Platinum,637.6,1099.0,False,2
pineapple,270,51,2,Platinum,193.1,916.7,False,2
pineapple,270,52,2,Platinum,44.1,870.9,False,2
pineapple,270,53,-1,Unknown,548.5,488.0,False,2
pineapple,270,54,-1,Unknown,231.0,1103.0,False,2
pineapple,270,55,2,Platinum,161.4,1007.4,False,2
pineapple,270,56,-1,Unknown,379.4,939.3,False,2
pineapple,271,44,2,Platinum,265.7,984.5,False,2
pineapple,271,47,2,Platinum,643.1,1098.4,False,2
pineapple,271,51,2,Platinum,198.4,915.8,False,2
pineapple,271,52,2,Platinum,44.2,871.0,False,2
pineapple,271,53,-1,Unknown,548.5,488.0,False,2
pineapple,271,54,-1,Unknown,203.5,1112.5,False,2
pineapple,271,55,2,Platinum,164.4,1009.2,False,2
pineapple,271,56,-1,Unknown,379.6,934.2,False,2
pineapple,272,44,2,Platinum,262.4,987.5,False,2
pineapple,272,47,2,Platinum,648.7,1097.8,False,2
pineapple,272,51,2,Platinum,200.8,915.5,False,2
pineapple,272,52,2,Platinum,44.2,871.1,False,2
pineapple,272,53,-1,Unknown,548.5,488.0,False,2
pineapple,272,54,-1,Unknown,200.2,1110.7,False,2
pineapple,272,55,2,Platinum,167.5,1011.1,False,2
pineapple,272,56,-1,Unknown,379.7,929.0,False,2
pineapple,273,44,2,Platinum,259.2,990.4,False,2
pineapple,273,47,2,Platinum,654.3,1097.2,False,2
pineapple,273,51,2,Platinum,200.3,914.2,False,2
pineapple,273,52,2,Platinum,44.3,871.1,False,2
pineapple,273,53,-1,Unknown,548.5,488.0,False,2
pineapple,273,54,-1,Unknown,194.0,1105.2,False,2
pineapple,273,55,2,Platinum,170.5,1013.0,False,2
pineapple,273,56,-1,Unknown,379.9,923.8,False,2
pineapple,274,47,2,Platinum,659.9,1096.6,False,2
pineapple,274,51,2,Platinum,194.6,913.8,False,2
pineapple,274,52,2,Platinum,44.3,871.2,False,2
pineapple,274,53,-1,Unknown,548.5,488.0,False,2
pineapple,274,54,-1,Unknown,189.8,1104.6,False,2
pineapple,274,55,2,Platinum,173.5,1014.9,False,2
pineapple,274,56,-1,Unknown,380.1,918.6,False,2
pineapple,275,47,2,Platinum,665.5,1096.0,False,2
pineapple,275,51,2,Platinum,192.7,914.3,False,2
pineapple,275,52,2,Platinum,44.3,871.3,False,2
pineapple,275,53,-1,Unknown,548.5,488.0,False,2
pineapple,275,54,2,Platinum,179.0,1095.9,False,2
pineapple,275,55,2,Platinum,158.2,1016.5,False,2
pineapple,275,56,-1,Unknown,380.2,913.4,False,2
pineapple,276,47,2,Platinum,671.1,1095.4,False,2
pineapple,276,51,2,Platinum,196.1,912.8,False,2
pineapple,276,52,2,Platinum,44.4,871.4,False,2
pineapple,276,53,-1,Unknown,548.5,488.0,False,2
pineapple,276,54,2,Platinum,168.7,1088.5,False,2
pineapple,276,55,2,Platinum,156.0,1011.0,False,2
pineapple,276,56,-1,Unknown,380.4,908.2,False,2
pineapple,277,47,2,Platinum,650.3,1109.8,False,2
pineapple,277,51,2,Platinum,186.8,912.2,False,2
pineapple,277,52,2,Platinum,44.4,871.5,False,2
pineapple,277,53,-1,Unknown,548.5,488.0,False,2
pineapple,277,54,2,Platinum,158.2,1082.2,False,2
pineapple,277,55,2,Platinum,154.7,1010.2,False,2
pineapple,277,56,-1,Unknown,380.6,903.1,False,2
pineapple,277,57,-1,Unknown,569.0,1091.0,False,2
pineapple,278,47,2,Platinum,654.7,1109.9,False,2
pineapple,278,51,2,Platinum,182.7,910.3,False,2
pineapple,278,52,2,Platinum,44.4,871.5,False,2
pineapple,278,53,-1,Unknown,548.5,488.0,False,2
pineapple,278,54,2,Platinum,148.8,1080.4,False,2
pineapple,278,55,2,Platinum,140.8,1009.9,False,2
pineapple,278,56,-1,Unknown,380.7,897.9,False,2
pineapple,278,57,-1,Unknown,568.5,1092.0,False,2
pineapple,279,47,2,Platinum,659.1,1110.0,False,2
pineapple,279,51,2,Platinum,181.5,902.0,False,2
pineapple,279,52,2,Platinum,44.5,871.6,False,2
pineapple,279,53,-1,Unknown,548.5,488.0,False,2
pineapple,279,54,2,Platinum,130.3,1076.8,False,2
pineapple,279,55,2,Platinum,131.3,1013.8,False,2
pineapple,279,56,-1,Unknown,380.9,892.7,False,2
pineapple,279,57,-1,Unknown,568.0,1093.0,False,2
pineapple,280,47,2,Platinum,663.5,1110.1,False,2
pineapple,280,51,2,Platinum,184.6,901.9,False,2
pineapple,280,52,2,Platinum,44.5,871.7,False,2
pineapple,280,53,-1,Unknown,548.5,488.0,False,2
pineapple,280,54,2,Platinum,122.0,1073.8,False,2
pineapple,280,55,2,Platinum,128.5,1014.7,False,2
pineapple,280,56,-1,Unknown,381.1,887.5,False,2
pineapple,280,57,-1,Unknown,567.5,1094.0,False,2
pineapple,281,47,2,Platinum,667.8,1110.2,False,2
pineapple,281,51,2,Platinum,186.3,900.0,False,2
pineapple,281,52,2,Platinum,44.5,871.8,False,2
pineapple,281,53,-1,Unknown,548.5,488.0,False,2
pineapple,281,54,2,Platinum,113.6,1070.7,False,2
pineapple,281,55,2,Platinum,125.7,1015.6,False,2
pineapple,281,56,-1,Unknown,381.2,882.3,False,2
pineapple,281,57,-1,Unknown,567.0,1095.0,False,2
pineapple,282,47,2,Platinum,672.2,1110.2,False,2
pineapple,282,51,2,Platinum,182.2,893.8,False,2
pineapple,282,52,2,Platinum,44.6,871.9,False,2
pineapple,282,54,2,Platinum,119.0,1044.7,False,2
pineapple,282,55,2,Platinum,140.3,972.5,False,2
pineapple,282,56,-1,Unknown,381.4,877.2,False,2
pineapple,282,57,-1,Unknown,566.5,1096.0,False,2
pineapple,283,47,2,Platinum,676.6,1110.3,False,2
pineapple,283,51,2,Platinum,182.4,891.2,False,2
pineapple,283,52,2,Platinum,44.6,871.9,False,2
pineapple,283,54,2,Platinum,104.2,1035.7,False,2
pineapple,283,55,2,Platinum,143.2,967.0,False,2
pineapple,283,56,-1,Unknown,381.6,872.0,False,2
pineapple,283,57,-1,Unknown,566.0,1097.0,False,2
pineapple,284,47,2,Platinum,681.0,1110.4,False,2
pineapple,284,51,2,Platinum,188.4,892.5,False,2
pineapple,284,52,2,Platinum,44.6,872.0,False,2
pineapple,284,54,2,Platinum,94.8,1025.4,False,2
pineapple,284,55,2,Platinum,143.1,963.8,False,2
pineapple,284,56,-1,Unknown,381.7,866.8,False,2
pineapple,284,57,-1,Unknown,565.5,1098.0,False,2
pineapple,285,47,2,Platinum,685.4,1110.5,False,2
pineapple,285,51,2,Platinum,197.5,892.8,False,2
pineapple,285,54,2,Platinum,86.9,1019.3,False,2
pineapple,285,55,2,Platinum,141.5,958.4,False,2
pineapple,285,56,2,Platinum,366.1,948.6,False,2
pineapple,285,57,-1,Unknown,565.0,1099.0,False,2
pineapple,286,47,2,Platinum,689.8,1110.6,False,2
pineapple,286,51,2,Platinum,199.7,891.0,False,2
pineapple,286,54,2,Platinum,90.2,1009.9,False,2
pineapple,286,55,2,Platinum,143.2,956.9,False,2
pineapple,286,56,2,Platinum,368.9,953.1,False,2
pineapple,286,57,-1,Unknown,564.5,1100.0,False,2
pineapple,287,47,2,Platinum,694.2,1110.7,False,2
pineapple,287,51,2,Platinum,201.9,889.2,False,2
pineapple,287,54,2,Platinum,79.1,1002.8,False,2
pineapple,287,55,2,Platinum,146.5,955.1,False,2
pineapple,287,56,2,Platinum,368.4,953.6,False,2
pineapple,287,57,-1,Unknown,564.0,1101.0,False,2
pineapple,288,47,2,Platinum,698.6,1110.7,False,2
pineapple,288,51,2,Platinum,204.0,887.5,False,2
pineapple,288,54,2,Platinum,72.9,992.5,False,2
pineapple,288,55,2,Platinum,149.4,952.9,False,2
pineapple,288,56,2,Platinum,363.3,945.5,False,2
pineapple,288,57,-1,Unknown,563.5,1102.0,False,2
pineapple,289,47,2,Platinum,703.0,1110.8,False,2
pineapple,289,51,2,Platinum,206.2,885.7,False,2
pineapple,289,54,2,Platinum,70.8,979.3,False,2
pineapple,289,55,2,Platinum,150.5,953.1,False,2
pineapple,289,56,2,Platinum,363.8,927.3,False,2
pineapple,289,57,-1,Unknown,563.0,1103.0,False,2
pineapple,289,58,-1,Unknown,74.0,736.0,False,2
pineapple,290,47,2,Platinum,707.4,1110.9,False,2
pineapple,290,51,2,Platinum,208.4,883.9,False,2
pineapple,290,54,2,Platinum,64.1,971.9,False,2
pineapple,290,55,2,Platinum,148.9,954.3,False,2
pineapple,290,56,2,Platinum,365.3,928.1,False,2
pineapple,290,57,-1,Unknown,562.5,1104.0,False,2
pineapple,290,58,-1,Unknown,74.0,736.0,False,2
pineapple,291,47,2,Platinum,711.8,1111.0,False,2
pineapple,291,51,2,Platinum,210.6,882.1,False,2
pineapple,291,54,2,Platinum,57.4,964.5,False,2
pineapple,291,55,2,Platinum,150.0,949.6,False,2
pineapple,291,56,2,Platinum,364.7,926.4,False,2
pineapple,291,57,-1,Unknown,562.0,1105.0,False,2
pineapple,291,58,-1,Unknown,74.0,736.0,False,2
pineapple,292,47,2,Platinum,716.2,1111.1,False,2
pineapple,292,51,2,Platinum,212.8,880.3,False,2
pineapple,292,54,2,Platinum,50.7,957.0,False,2
pineapple,292,55,2,Platinum,150.2,946.9,False,2
pineapple,292,56,2,Platinum,364.1,924.7,False,2
pineapple,292,57,-1,Unknown,561.5,1106.0,False,2
pineapple,292,58,-1,Unknown,74.0,736.0,False,2
pineapple,293,47,2,Platinum,720.5,1111.2,False,2
pineapple,293,51,2,Platinum,215.0,878.5,False,2
pineapple,293,54,2,Platinum,44.0,949.6,False,2
pineapple,293,55,2,Platinum,151.6,944.0,False,2
pineapple,293,56,2,Platinum,363.6,923.0,False,2
pineapple,293,57,-1,Unknown,561.0,1107.0,False,2
pineapple,293,58,-1,Unknown,74.0,736.0,False,2
pineapple,294,47,2,Platinum,724.9,1111.2,False,2
pineapple,294,51,2,Platinum,217.2,876.8,False,2
pineapple,294,54,2,Platinum,37.3,942.2,False,2
pineapple,294,55,2,Platinum,151.9,941.3,False,2
pineapple,294,56,2,Platinum,363.0,921.4,False,2
pineapple,294,57,-1,Unknown,560.5,1108.0,False,2
pineapple,294,58,-1,Unknown,74.0,736.0,False,2
pineapple,295,47,2,Platinum,729.3,1111.3,False,2
pineapple,295,51,2,Platinum,219.3,875.0,False,2
pineapple,295,54,2,Platinum,30.6,934.7,False,2
pineapple,295,55,2,Platinum,152.2,938.5,False,2
pineapple,295,56,2,Platinum,362.4,919.7,False,2
pineapple,295,57,-1,Unknown,560.0,1109.0,False,2
pineapple,295,58,-1,Unknown,74.0,736.0,False,2
pineapple,296,47,2,Platinum,733.7,1111.4,False,2
pineapple,296,51,2,Platinum,221.5,873.2,False,2
pineapple,296,54,2,Platinum,23.9,927.3,False,2
pineapple,296,55,2,Platinum,152.5,935.7,False,2
pineapple,296,56,2,Platinum,361.8,918.0,False,2
pineapple,296,57,-1,Unknown,559.5,1110.0,False,2
pineapple,296,58,-1,Unknown,74.0,736.0,False,2
pineapple,297,47,2,Platinum,738.1,1111.5,False,2
pineapple,297,51,2,Platinum,223.7,871.4,False,2
pineapple,297,54,2,Platinum,17.2,919.9,False,2
pineapple,297,55,2,Platinum,149.5,936.5,False,2
pineapple,297,56,2,Platinum,361.3,916.3,False,2
pineapple,297,57,-1,Unknown,559.0,1111.0,False,2
pineapple,297,58,-1,Unknown,74.0,736.0,False,2
pineapple,298,51,2,Platinum,225.9,869.6,False,2
pineapple,298,54,2,Platinum,10.6,912.4,False,2
pineapple,298,55,2,Platinum,149.5,934.0,False,2
pineapple,298,56,2,Platinum,360.7,914.6,False,2
pineapple,298,57,-1,Unknown,558.5,1112.0,False,2
pineapple,298,58,-1,Unknown,74.0,736.0,False,2
pineapple,299,51,2,Platinum,228.1,867.8,False,2
pineapple,299,54,2,Platinum,3.9,905.0,False,2
pineapple,299,55,2,Platinum,149.5,931.6,False,2
pineapple,299,56,2,Platinum,360.1,913.0,False,2
pineapple,299,58,-1,Unknown,74.0,736.0,False,2
pineapple,300,51,2,Platinum,230.3,866.0,False,2
pineapple,300,54,2,Platinum,-2.8,897.6,False,2
pineapple,300,55,2,Platinum,189.1,958.1,False,2
pineapple,300,56,2,Platinum,359.5,911.3,False,2
pineapple,300,58,-1,Unknown,74.0,736.0,False,2
pineapple,301,51,2,Platinum,232.5,864.3,False,2
pineapple,301,54,2,Platinum,-9.5,890.1,False,2
pineapple,301,55,2,Platinum,192.4,958.0,False,2
pineapple,301,56,2,Platinum,359.0,909.6,False,2
pineapple,301,58,-1,Unknown,74.0,736.0,False,2
pineapple,302,51,2,Platinum,234.6,862.5,False,2
pineapple,302,54,2,Platinum,-16.2,882.7,False,2
pineapple,302,55,2,Platinum,207.2,976.3,False,2
pineapple,302,56,2,Platinum,358.4,907.9,False,2
pineapple,302,58,-1,Unknown,74.0,736.0,False,2
pineapple,303,51,2,Platinum,236.8,860.7,False,2
pineapple,303,54,2,Platinum,-22.9,875.2,False,2
pineapple,303,55,2,Platinum,198.1,980.3,False,2
pineapple,303,56,2,Platinum,357.8,906.2,False,2
pineapple,303,58,-1,Unknown,74.0,736.0,False,2
pineapple,304,51,2,Platinum,239.0,858.9,False,2
pineapple,304,54,2,Platinum,-29.6,867.8,False,2
pineapple,304,55,2,Platinum,201.2,981.9,False,2
pineapple,304,56,2,Platinum,357.2,904.6,False,2
pineapple,304,58,-1,Unknown,74.0,736.0,False,2
pineapple,305,51,2,Platinum,241.2,857.1,False,2
pineapple,305,54,2,Platinum,-36.3,860.4,False,2
pineapple,305,55,2,Platinum,206.4,1002.8,False,2
pineapple,305,56,2,Platinum,356.6,902.9,False,2
pineapple,305,58,-1,Unknown,74.0,736.0,False,2
pineapple,306,54,2,Platinum,-43.0,852.9,False,2
pineapple,306,55,2,Platinum,215.2,1019.1,False,2
pineapple,306,56,2,Platinum,356.1,901.2,False,2
pineapple,306,58,-1,Unknown,74.0,736.0,False,2
pineapple,307,54,2,Platinum,-49.7,845.5,False,2
pineapple,307,55,2,Platinum,232.4,1034.3,False,2
pineapple,307,56,2,Platinum,355.5,899.5,False,2
pineapple,307,58,-1,Unknown,74.0,736.0,False,2
pineapple,308,54,2,Platinum,-56.4,838.1,False,2
pineapple,308,55,2,Platinum,242.0,1042.5,False,2
pineapple,308,56,2,Platinum,354.9,897.8,False,2
pineapple,308,58,-1,Unknown,74.0,736.0,False,2
pineapple,309,54,2,Platinum,-63.1,830.6,False,2
pineapple,309,55,2,Platinum,252.7,1054.0,False,2
pineapple,309,56,2,Platinum,354.3,896.2,False,2
pineapple,309,58,-1,Unknown,74.0,736.0,False,2
pineapple,310,55,2,Platinum,262.1,1061.7,False,2
pineapple,310,56,2,Platinum,353.8,894.5,False,2
pineapple,311,55,2,Platinum,258.3,1038.3,False,2
pineapple,311,59,2,Platinum,334.0,1162.5,False,2
pineapple,311,60,-1,Unknown,80.0,882.0,False,2
pineapple,312,55,2,Platinum,265.5,1069.1,False,2
pineapple,312,59,2,Platinum,334.0,1162.5,False,2
pineapple,312,60,-1,Unknown,80.0,882.0,False,2
pineapple,313,55,2,Platinum,270.9,1075.2,False,2
pineapple,313,59,2,Platinum,334.0,1162.5,False,2
pineapple,313,60,-1,Unknown,80.0,882.0,False,2
pineapple,314,55,2,Platinum,276.4,1081.3,False,2
pineapple,314,59,2,Platinum,334.0,1162.5,False,2
pineapple,314,60,-1,Unknown,80.0,882.0,False,2
pineapple,315,55,2,Platinum,281.8,1087.5,False,2
pineapple,315,59,2,Platinum,334.0,1162.5,False,2
pineapple,315,60,-1,Unknown,80.0,882.0,False,2
pineapple,316,55,2,Platinum,287.3,1093.6,False,2
pineapple,316,59,2,Platinum,334.0,1162.5,False,2
pineapple,316,60,-1,Unknown,80.0,882.0,False,2
pineapple,317,55,2,Platinum,292.7,1099.7,False,2
pineapple,317,59,2,Platinum,334.0,1162.5,False,2
pineapple,317,60,-1,Unknown,80.0,882.0,False,2
pineapple,318,55,2,Platinum,298.2,1105.8,False,2
pineapple,318,59,2,Platinum,334.0,1162.5,False,2
pineapple,318,60,-1,Unknown,80.0,882.0,False,2
pineapple,319,55,2,Platinum,303.6,1111.9,False,2
pineapple,319,59,2,Platinum,334.0,1162.5,False,2
pineapple,319,60,-1,Unknown,80.0,882.0,False,2
pineapple,320,55,2,Platinum,309.0,1118.1,False,2
pineapple,320,59,2,Platinum,334.0,1162.5,False,2
pineapple,320,60,-1,Unknown,80.0,882.0,False,2
pineapple,321,55,2,Platinum,314.5,1124.2,False,2
pineapple,321,59,2,Platinum,334.0,1162.5,False,2
pineapple,321,60,-1,Unknown,80.0,882.0,False,2
pineapple,322,55,2,Platinum,319.9,1130.3,False,2
pineapple,322,59,2,Platinum,334.0,1162.5,False,2
pineapple,322,60,-1,Unknown,80.0,882.0,False,2
pineapple,323,55,2,Platinum,325.4,1136.4,False,2
pineapple,323,59,2,Platinum,334.0,1162.5,False,2
pineapple,323,60,-1,Unknown,80.0,882.0,False,2
pineapple,324,55,2,Platinum,330.8,1142.5,False,2
pineapple,324,59,2,Platinum,334.0,1162.5,False,2
pineapple,324,60,-1,Unknown,80.0,882.0,False,2
pineapple,325,55,2,Platinum,336.3,1148.7,False,2
pineapple,325,59,2,Platinum,334.0,1162.5,False,2
pineapple,325,60,-1,Unknown,80.0,882.0,False,2
pineapple,326,55,2,Platinum,341.7,1154.8,False,2
pineapple,326,59,2,Platinum,334.0,1162.5,False,2
pineapple,326,60,-1,Unknown,80.0,882.0,False,2
pineapple,327,55,2,Platinum,347.1,1160.9,False,2
pineapple,327,59,2,Platinum,334.0,1162.5,False,2
pineapple,327,60,-1,Unknown,80.0,882.0,False,2
pineapple,328,55,2,Platinum,352.6,1167.0,False,2
pineapple,328,59,2,Platinum,334.0,1162.5,False,2
pineapple,328,60,-1,Unknown,80.0,882.0,False,2
pineapple,329,55,2,Platinum,358.0,1173.1,False,2
pineapple,329,59,2,Platinum,334.0,1162.5,False,2
pineapple,329,60,-1,Unknown,80.0,882.0,False,2
pineapple,330,55,2,Platinum,363.5,1179.3,False,2
pineapple,330,59,2,Platinum,334.0,1162.5,False,2
pineapple,330,60,-1,Unknown,80.0,882.0,False,2
pineapple,330,61,-1,Unknown,94.5,1011.0,False,2
pineapple,331,55,2,Platinum,368.9,1185.4,False,2
pineapple,331,59,2,Platinum,334.0,1162.5,False,2
pineapple,331,60,-1,Unknown,80.0,882.0,False,2
pineapple,331,61,-1,Unknown,87.0,1009.0,False,2
pineapple,332,55,2,Platinum,374.4,1191.5,False,2
pineapple,332,61,2,Platinum,79.5,1003.2,False,2
pineapple,333,61,2,Platinum,76.2,1004.0,False,2
pineapple,334,61,2,Platinum,71.4,1003.1,False,2
pineapple,335,61,2,Platinum,72.7,1001.9,False,2
pineapple,336,61,2,Platinum,77.3,991.5,False,2
pineapple,337,61,2,Platinum,79.7,984.9,False,2
pineapple,338,61,2,Platinum,80.7,991.9,False,2
pineapple,339,61,2,Platinum,81.1,1000.4,False,2
pineapple,339,62,2,Platinum,516.0,1166.0,False,2
pineapple,340,61,2,Platinum,80.5,1001.2,False,2
pineapple,340,62,2,Platinum,511.0,1165.0,False,2
pineapple,341,61,2,Platinum,79.0,999.6,False,2
pineapple,341,62,2,Platinum,525.3,1164.5,False,2
pineapple,342,61,2,Platinum,77.5,998.3,False,2
pineapple,342,62,2,Platinum,533.5,1164.8,False,2
pineapple,343,61,2,Platinum,74.9,997.5,False,2
pineapple,343,62,2,Platinum,552.7,1161.4,False,2
pineapple,344,61,2,Platinum,74.1,996.8,False,2
pineapple,344,62,2,Platinum,565.9,1143.8,False,2
pineapple,344,63,2,Platinum,625.0,1204.0,False,2
pineapple,345,61,2,Platinum,73.2,996.1,False,2
pineapple,345,62,2,Platinum,562.9,1131.9,False,2
pineapple,345,63,2,Platinum,630.5,1198.0,False,2
pineapple,346,61,2,Platinum,80.5,991.3,False,2
pineapple,346,62,2,Platinum,589.2,1114.1,False,2
pineapple,346,63,2,Platinum,636.0,1192.0,False,2
pineapple,347,61,2,Platinum,82.5,987.3,False,2
pineapple,347,62,2,Platinum,615.7,1109.1,False,2
pineapple,347,63,2,Platinum,648.9,1196.3,False,2
pineapple,348,61,2,Platinum,82.6,986.0,False,2
pineapple,348,62,2,Platinum,630.5,1100.7,False,2
pineapple,348,63,2,Platinum,657.7,1195.0,False,2
pineapple,349,61,2,Platinum,88.4,992.7,False,2
pineapple,349,62,2,Platinum,647.1,1086.5,False,2
pineapple,349,63,2,Platinum,656.3,1193.5,False,2
pineapple,349,64,-1,Unknown,546.5,1064.5,False,2
pineapple,350,61,2,Platinum,91.3,996.7,False,2
pineapple,350,62,2,Platinum,655.2,1071.3,False,2
pineapple,350,63,2,Platinum,662.4,1192.2,False,2
pineapple,350,64,-1,Unknown,556.5,1071.0,False,2
pineapple,351,61,2,Platinum,92.2,996.5,False,2
pineapple,351,62,2,Platinum,669.4,1061.3,False,2
pineapple,351,63,2,Platinum,668.5,1190.8,False,2
pineapple,351,64,-1,Unknown,566.0,1075.1,False,2
pineapple,352,61,2,Platinum,94.9,1002.3,False,2
pineapple,352,62,2,Platinum,683.7,1051.4,False,2
pineapple,352,63,2,Platinum,674.6,1189.5,False,2
pineapple,352,64,2,Platinum,567.5,1080.4,False,2
pineapple,353,61,2,Platinum,101.7,1004.9,False,2
pineapple,353,62,2,Platinum,697.9,1041.4,False,2
pineapple,353,63,2,Platinum,680.8,1188.1,False,2
pineapple,353,64,2,Platinum,568.3,1083.1,False,2
pineapple,354,61,2,Platinum,103.2,1005.4,False,2
pineapple,354,62,2,Platinum,712.2,1031.5,False,2
pineapple,354,63,2,Platinum,686.9,1186.7,False,2
pineapple,354,64,2,Platinum,570.5,1085.2,False,2
pineapple,355,61,2,Platinum,104.7,1006.0,False,2
pineapple,355,62,2,Platinum,726.4,1021.5,False,2
pineapple,355,63,2,Platinum,693.0,1185.4,False,2
pineapple,355,64,2,Platinum,572.5,1091.8,False,2
pineapple,356,61,2,Platinum,106.3,1006.5,False,2
pineapple,356,62,2,Platinum,740.6,1011.6,False,2
pineapple,356,63,2,Platinum,699.2,1184.0,False,2
pineapple,356,64,2,Platinum,573.8,1097.1,False,2
pineapple,357,61,2,Platinum,107.8,1007.1,False,2
pineapple,357,62,2,Platinum,754.9,1001.6,False,2
pineapple,357,63,2,Platinum,705.3,1182.7,False,2
pineapple,357,64,2,Platinum,578.2,1103.9,False,2
pineapple,358,61,2,Platinum,109.3,1007.6,False,2
pineapple,358,62,2,Platinum,769.1,991.7,False,2
pineapple,358,63,2,Platinum,711.4,1181.3,False,2
pineapple,358,64,2,Platinum,581.7,1109.6,False,2
pineapple,359,61,2,Platinum,110.9,1008.2,False,2
pineapple,359,62,2,Platinum,783.3,981.7,False,2
pineapple,359,63,2,Platinum,717.5,1180.0,False,2
pineapple,359,64,2,Platinum,590.3,1115.2,False,2
pineapple,360,61,2,Platinum,112.4,1008.7,False,2
pineapple,360,62,2,Platinum,797.6,971.8,False,2
pineapple,360,63,2,Platinum,723.7,1178.6,False,2
pineapple,360,64,2,Platinum,599.7,1120.1,False,2
pineapple,361,61,2,Platinum,113.9,1009.3,False,2
pineapple,361,62,2,Platinum,811.8,961.8,False,2
pineapple,361,63,2,Platinum,729.8,1177.3,False,2
pineapple,361,64,2,Platinum,608.7,1129.0,False,2
pineapple,361,65,2,Platinum,155.5,1079.0,False,2
pineapple,362,61,2,Platinum,115.5,1009.8,False,2
pineapple,362,62,2,Platinum,826.1,951.9,False,2
pineapple,362,63,2,Platinum,735.9,1175.9,False,2
pineapple,362,64,2,Platinum,616.9,1138.1,False,2
pineapple,362,65,2,Platinum,162.5,1082.0,False,2
pineapple,362,66,2,Platinum,340.5,876.5,False,2
pineapple,363,61,2,Platinum,117.0,1010.4,False,2
pineapple,363,62,2,Platinum,840.3,941.9,False,2
pineapple,363,63,2,Platinum,742.1,1174.5,False,2
pineapple,363,64,2,Platinum,624.4,1147.6,False,2
pineapple,363,65,2,Platinum,183.6,1086.4,False,2
pineapple,363,66,2,Platinum,353.5,886.0,False,2
pineapple,364,61,2,Platinum,118.5,1010.9,False,2
pineapple,364,62,2,Platinum,854.5,932.0,False,2
pineapple,364,63,2,Platinum,748.2,1173.2,False,2
pineapple,364,64,2,Platinum,630.3,1152.7,False,2
pineapple,364,65,2,Platinum,202.1,1090.6,False,2
pineapple,364,66,2,Platinum,354.3,915.3,False,2
pineapple,365,61,2,Platinum,120.1,1011.5,False,2
pineapple,365,62,2,Platinum,868.8,922.0,False,2
pineapple,365,63,2,Platinum,754.3,1171.8,False,2
pineapple,365,64,2,Platinum,637.0,1155.6,False,2
pineapple,365,65,2,Platinum,203.2,1109.5,False,2
pineapple,365,66,2,Platinum,357.0,936.7,False,2
pineapple,366,61,2,Platinum,121.6,1012.0,False,2
pineapple,366,62,2,Platinum,883.0,912.1,False,2
pineapple,366,63,2,Platinum,760.4,1170.5,False,2
pineapple,366,64,2,Platinum,640.6,1156.2,False,2
pineapple,366,65,2,Platinum,208.4,1128.7,False,2
pineapple,366,66,2,Platinum,373.3,1001.4,False,2
pineapple,367,61,2,Platinum,123.1,1012.6,False,2
pineapple,367,62,2,Platinum,897.2,902.1,False,2
pineapple,367,63,2,Platinum,766.6,1169.1,False,2
pineapple,367,64,2,Platinum,642.8,1157.2,False,2
pineapple,367,65,2,Platinum,215.0,1145.6,False,2
pineapple,367,66,2,Platinum,381.0,1039.8,False,2
pineapple,368,61,2,Platinum,124.7,1013.1,False,2
pineapple,368,62,2,Platinum,911.5,892.2,False,2
pineapple,368,63,2,Platinum,772.7,1167.8,False,2
pineapple,368,64,2,Platinum,648.6,1158.4,False,2
pineapple,368,65,2,Platinum,222.8,1154.7,False,2
pineapple,368,66,2,Platinum,417.2,1045.9,False,2
pineapple,369,61,2,Platinum,126.2,1013.6,False,2
pineapple,369,62,2,Platinum,925.7,882.2,False,2
pineapple,369,63,2,Platinum,778.8,1166.4,False,2
pineapple,369,64,2,Platinum,653.9,1163.0,False,2
pineapple,369,65,2,Platinum,232.1,1167.0,False,2
pineapple,369,66,2,Platinum,433.9,1052.8,False,2
pineapple,370,61,2,Platinum,127.7,1014.2,False,2
pineapple,370,62,2,Platinum,940.0,872.3,False,2
pineapple,370,64,2,Platinum,659.2,1167.5,False,2
pineapple,370,65,2,Platinum,250.4,1170.6,False,2
pineapple,370,66,2,Platinum,448.3,1079.5,False,2
pineapple,371,61,2,Platinum,129.3,1014.7,False,2
pineapple,371,64,2,Platinum,664.5,1172.0,False,2
pineapple,371,65,2,Platinum,261.0,1188.1,False,2
pineapple,371,66,2,Platinum,462.8,1106.3,False,2
pineapple,372,61,2,Platinum,130.8,1015.3,False,2
pineapple,372,64,2,Platinum,669.7,1176.6,False,2
pineapple,372,65,2,Platinum,266.5,1206.4,False,2
pineapple,372,66,2,Platinum,477.2,1133.1,False,2
pineapple,373,61,2,Platinum,132.3,1015.8,False,2
pineapple,373,64,2,Platinum,675.0,1181.1,False,2
pineapple,373,65,2,Platinum,273.2,1218.0,False,2
pineapple,373,66,2,Platinum,491.7,1159.8,False,2
pineapple,374,64,2,Platinum,563.6,1137.4,False,2
pineapple,374,65,2,Platinum,284.6,1225.9,False,2
pineapple,374,66,2,Platinum,506.1,1186.6,False,2
pineapple,374,67,-1,Unknown,639.5,879.0,False,2
pineapple,375,64,2,Platinum,560.0,1138.3,False,2
pineapple,375,65,2,Platinum,294.4,1237.9,False,2
pineapple,375,66,2,Platinum,520.6,1213.3,False,2
pineapple,375,67,-1,Unknown,639.5,879.0,False,2
pineapple,376,64,2,Platinum,556.5,1139.3,False,2
pineapple,376,65,2,Platinum,307.5,1229.0,False,2
pineapple,376,66,2,Platinum,535.0,1240.1,False,2
pineapple,376,67,-1,Unknown,639.5,879.0,False,2
pineapple,377,64,2,Platinum,567.8,1070.8,False,2
pineapple,377,65,2,Platinum,317.7,1238.9,False,2
pineapple,377,66,2,Platinum,549.4,1266.9,False,2
pineapple,377,67,-1,Unknown,639.5,879.0,False,2
pineapple,378,64,2,Platinum,574.6,1057.2,True,3
pineapple,378,65,2,Platinum,327.8,1248.8,False,3
pineapple,378,66,2,Platinum,563.9,1293.6,False,3
pineapple,378,67,-1,Unknown,639.5,879.0,False,3
pineapple,379,64,2,Platinum,573.1,1051.7,False,3
pineapple,379,65,2,Platinum,337.9,1258.7,False,3
pineapple,379,66,2,Platinum,578.3,1320.4,False,3
pineapple,379,67,-1,Unknown,639.5,879.0,False,3
pineapple,380,64,2,Platinum,571.6,1046.2,False,3
pineapple,380,65,2,Platinum,348.1,1268.6,False,3
pineapple,380,66,2,Platinum,592.8,1347.2,False,3
pineapple,380,67,-1,Unknown,639.5,879.0,False,3
pineapple,381,64,2,Platinum,570.1,1040.7,False,3
pineapple,381,65,2,Platinum,358.2,1278.5,False,3
pineapple,381,66,2,Platinum,607.2,1373.9,False,3
pineapple,381,67,-1,Unknown,639.5,879.0,False,3
pineapple,382,64,2,Platinum,568.5,1035.2,False,3
pineapple,382,65,2,Platinum,368.3,1288.5,False,3
pineapple,382,66,2,Platinum,621.7,1400.7,False,3
pineapple,382,67,-1,Unknown,639.5,879.0,False,3
pineapple,383,64,2,Platinum,567.0,1029.7,False,3
pineapple,383,65,2,Platinum,378.4,1298.4,False,3
pineapple,383,66,2,Platinum,636.1,1427.5,False,3
pineapple,383,67,-1,Unknown,550.5,880.5,False,3
pineapple,384,64,2,Platinum,565.5,1024.2,False,3
pineapple,384,65,2,Platinum,388.6,1308.3,False,3
pineapple,384,66,2,Platinum,650.6,1454.2,False,3
pineapple,384,67,2,Platinum,545.9,882.7,False,3
pineapple,385,64,2,Platinum,564.0,1018.6,False,3
pineapple,385,65,2,Platinum,398.7,1318.2,False,3
pineapple,385,66,2,Platinum,665.0,1481.0,False,3
pineapple,385,67,2,Platinum,546.2,884.8,False,3
pineapple,386,64,2,Platinum,562.5,1013.1,False,3
pineapple,386,65,2,Platinum,408.8,1328.1,False,3
pineapple,386,66,2,Platinum,679.4,1507.8,False,3
pineapple,386,67,2,Platinum,547.1,886.5,False,3
pineapple,387,64,2,Platinum,560.9,1007.6,False,3
pineapple,387,65,2,Platinum,419.0,1338.0,False,3
pineapple,387,66,2,Platinum,693.9,1534.5,False,3
pineapple,387,67,2,Platinum,547.4,887.5,False,3
pineapple,388,64,2,Platinum,559.4,1002.1,False,3
pineapple,388,65,2,Platinum,429.1,1347.9,False,3
pineapple,388,66,2,Platinum,708.3,1561.3,False,3
pineapple,388,67,2,Platinum,553.4,888.5,False,3
pineapple,388,68,2,Platinum,245.5,912.5,False,3
pineapple,389,64,2,Platinum,557.9,996.6,False,3
pineapple,389,65,2,Platinum,439.2,1357.9,False,3
pineapple,389,66,2,Platinum,722.8,1588.1,False,3
pineapple,389,67,2,Platinum,560.6,890.8,False,3
pineapple,389,68,2,Platinum,225.0,935.0,False,3
pineapple,390,64,2,Platinum,556.4,991.1,False,3
pineapple,390,65,2,Platinum,449.4,1367.8,False,3
pineapple,390,67,2,Platinum,565.7,893.0,False,3
pineapple,390,68,2,Platinum,213.4,946.2,False,3
pineapple,391,64,2,Platinum,554.8,985.6,False,3
pineapple,391,65,2,Platinum,459.5,1377.7,False,3
pineapple,391,67,2,Platinum,568.0,897.0,False,3
pineapple,391,68,2,Platinum,209.4,961.2,False,3
pineapple,392,64,2,Platinum,553.3,980.1,False,3
pineapple,392,65,2,Platinum,469.6,1387.6,False,3
pineapple,392,67,2,Platinum,574.2,893.2,False,3
pineapple,392,68,2,Platinum,208.0,962.6,False,3
pineapple,392,69,2,Platinum,516.5,845.5,False,3
pineapple,393,64,2,Platinum,551.8,974.6,False,3
pineapple,393,65,2,Platinum,479.7,1397.5,False,3
pineapple,393,67,2,Platinum,580.9,891.1,False,3
pineapple,393,68,2,Platinum,212.7,969.8,False,3
pineapple,393,69,2,Platinum,516.5,845.5,False,3
pineapple,393,70,-1,Unknown,46.5,710.5,False,3
pineapple,394,64,2,Platinum,550.3,969.1,False,3
pineapple,394,65,2,Platinum,489.9,1407.4,False,3
pineapple,394,67,2,Platinum,581.3,891.7,False,3
pineapple,394,68,2,Platinum,208.1,970.0,False,3
pineapple,394,69,2,Platinum,507.5,850.5,False,3
pineapple,394,70,-1,Unknown,46.5,710.5,False,3
pineapple,395,64,2,Platinum,548.8,963.5,False,3
pineapple,395,65,2,Platinum,500.0,1417.3,False,3
pineapple,395,67,2,Platinum,581.9,881.2,False,3
pineapple,395,68,2,Platinum,203.5,974.2,False,3
pineapple,395,69,2,Platinum,503.0,853.0,False,3
pineapple,395,70,-1,Unknown,46.5,710.5,False,3
pineapple,395,71,2,Platinum,577.5,651.5,False,3
pineapple,396,64,2,Platinum,622.0,987.1,False,3
pineapple,396,65,2,Platinum,510.1,1427.3,False,3
pineapple,396,67,2,Platinum,580.1,876.2,False,3
pineapple,396,68,2,Platinum,195.5,979.2,False,3
pineapple,396,69,2,Platinum,498.5,855.5,False,3
pineapple,396,70,-1,Unknown,46.5,710.5,False,3
pineapple,396,71,2,Platinum,616.5,729.5,False,3
pineapple,397,64,2,Platinum,624.1,983.0,False,3
pineapple,397,67,2,Platinum,570.2,874.8,False,3
pineapple,397,68,2,Platinum,187.3,986.8,False,3
pineapple,397,69,2,Platinum,492.5,855.1,False,3
pineapple,397,70,-1,Unknown,46.5,710.5,False,3
pineapple,397,71,2,Platinum,616.0,726.1,False,3
pineapple,397,72,2,Platinum,566.0,649.5,False,3
pineapple,398,64,2,Platinum,617.4,977.0,False,3
pineapple,398,67,2,Platinum,555.7,876.3,False,3
pineapple,398,68,2,Platinum,177.8,995.8,False,3
pineapple,398,69,2,Platinum,494.3,865.2,False,3
pineapple,398,70,-1,Unknown,46.5,710.5,False,3
pineapple,398,71,2,Platinum,622.8,737.9,False,3
pineapple,398,72,2,Platinum,566.0,649.5,False,3
pineapple,398,73,2,Platinum,663.5,1143.5,False,3
pineapple,398,74,2,Platinum,590.0,977.5,False,3
pineapple,398,75,-1,Unknown,522.0,869.5,False,3
pineapple,399,64,2,Platinum,628.0,977.9,False,3
pineapple,399,67,2,Platinum,553.7,875.6,False,3
pineapple,399,68,2,Platinum,169.4,1002.8,False,3
pineapple,399,69,2,Platinum,491.0,868.9,False,3
pineapple,399,70,-1,Unknown,46.5,710.5,False,3
pineapple,399,71,2,Platinum,629.7,749.8,False,3
pineapple,399,72,2,Platinum,537.5,655.5,False,3
pineapple,399,73,2,Platinum,660.5,1160.5,False,3
pineapple,399,74,2,Platinum,590.0,977.5,False,3
pineapple,399,75,-1,Unknown,533.5,879.0,False,3
pineapple,400,64,2,Platinum,629.7,992.8,False,3
pineapple,400,67,2,Platinum,551.6,874.9,False,3
pineapple,400,68,2,Platinum,161.2,1010.5,False,3
pineapple,400,69,2,Platinum,487.7,872.6,False,3
pineapple,400,70,-1,Unknown,46.5,710.5,False,3
pineapple,400,71,2,Platinum,636.6,761.6,False,3
pineapple,400,72,2,Platinum,523.3,658.5,False,3
pineapple,400,73,2,Platinum,657.5,1177.5,False,3
pineapple,400,74,2,Platinum,590.0,977.5,False,3
pineapple,400,75,-1,Unknown,545.0,888.5,False,3
pineapple,401,64,2,Platinum,631.9,990.7,False,3
pineapple,401,67,2,Platinum,549.5,874.2,False,3
pineapple,401,68,2,Platinum,155.7,1018.8,False,3
pineapple,401,69,2,Platinum,454.8,892.9,False,3
pineapple,401,70,-1,Unknown,46.5,710.5,False,3
pineapple,401,71,2,Platinum,643.5,773.4,False,3
pineapple,401,72,2,Platinum,509.0,661.5,False,3
pineapple,401,73,2,Platinum,654.5,1194.5,False,3
pineapple,401,74,2,Platinum,590.0,977.5,False,3
pineapple,401,75,-1,Unknown,556.5,898.0,False,3
pineapple,402,64,2,Platinum,634.1,988.7,False,3
pineapple,402,67,2,Platinum,547.5,873.5,False,3
pineapple,402,68,2,Platinum,147.9,1032.6,False,3
pineapple,402,69,2,Platinum,445.6,908.9,False,3
pineapple,402,70,-1,Unknown,46.5,710.5,False,3
pineapple,402,71,2,Platinum,592.9,735.8,False,3
pineapple,402,72,2,Platinum,494.8,664.5,False,3
pineapple,402,73,2,Platinum,651.5,1211.4,False,3
pineapple,402,74,2,Platinum,590.0,977.5,False,3
pineapple,402,75,-1,Unknown,568.0,907.5,False,3
pineapple,403,64,2,Platinum,636.2,986.7,False,3
pineapple,403,67,2,Platinum,545.4,872.8,False,3
pineapple,403,68,2,Platinum,143.8,1042.4,False,3
pineapple,403,69,2,Platinum,437.6,916.5,False,3
pineapple,403,70,-1,Unknown,46.5,710.5,False,3
pineapple,403,71,2,Platinum,590.3,738.0,False,3
pineapple,403,72,2,Platinum,480.5,667.5,False,3
pineapple,403,73,2,Platinum,648.5,1228.4,False,3
pineapple,403,74,2,Platinum,590.0,977.5,False,3
pineapple,403,75,-1,Unknown,579.4,917.0,False,3
pineapple,404,64,2,Platinum,638.4,984.7,False,3
pineapple,404,67,2,Platinum,543.4,872.1,False,3
pineapple,404,68,2,Platinum,140.2,1051.1,False,3
pineapple,404,69,2,Platinum,435.9,928.8,False,3
pineapple,404,70,-1,Unknown,46.5,710.5,False,3
pineapple,404,71,2,Platinum,575.6,741.4,False,3
pineapple,404,72,2,Platinum,466.3,670.5,False,3
pineapple,404,73,2,Platinum,645.5,1245.4,False,3
pineapple,404,74,2,Platinum,590.0,977.5,False,3
pineapple,404,75,-1,Unknown,590.9,926.4,False,3
pineapple,405,64,2,Platinum,640.5,982.7,False,3
pineapple,405,67,2,Platinum,541.3,871.4,False,3
pineapple,405,68,2,Platinum,137.8,1055.5,False,3
pineapple,405,69,2,Platinum,428.6,936.9,False,3
pineapple,405,70,-1,Unknown,46.5,710.5,False,3
pineapple,405,71,2,Platinum,571.0,744.6,False,3
pineapple,405,72,2,Platinum,452.0,673.5,False,3
pineapple,405,73,2,Platinum,642.5,1262.4,False,3
pineapple,405,74,2,Platinum,590.0,977.5,False,3
pineapple,405,75,-1,Unknown,602.4,935.9,False,3
pineapple,406,64,2,Platinum,642.7,980.6,False,3
pineapple,406,67,2,Platinum,539.2,870.7,False,3
pineapple,406,68,2,Platinum,140.3,1058.8,False,3
pineapple,406,69,2,Platinum,421.4,945.1,False,3
pineapple,406,70,-1,Unknown,46.5,710.5,False,3
pineapple,406,71,2,Platinum,566.4,747.8,False,3
pineapple,406,72,2,Platinum,437.8,676.5,False,3
pineapple,406,73,2,Platinum,639.5,1279.4,False,3
pineapple,406,74,2,Platinum,590.0,977.5,False,3
pineapple,406,75,-1,Unknown,613.9,945.4,False,3
pineapple,407,64,2,Platinum,644.9,978.6,False,3
pineapple,407,67,2,Platinum,537.2,870.0,False,3
pineapple,407,68,2,Platinum,142.4,1064.1,False,3
pineapple,407,69,2,Platinum,414.1,953.3,False,3
pineapple,407,70,-1,Unknown,46.5,710.5,False,3
pineapple,407,71,2,Platinum,561.7,751.1,False,3
pineapple,407,72,2,Platinum,423.5,679.5,False,3
pineapple,407,73,2,Platinum,636.5,1296.3,False,3
pineapple,407,74,2,Platinum,590.0,977.5,False,3
pineapple,407,75,-1,Unknown,625.4,954.9,False,3
pineapple,407,76,-1,Unknown,300.5,721.0,False,3
pineapple,408,64,2,Platinum,647.0,976.6,False,3
pineapple,408,67,2,Platinum,535.1,869.3,False,3
pineapple,408,68,2,Platinum,146.7,1064.2,False,3
pineapple,408,69,2,Platinum,406.9,961.4,False,3
pineapple,408,70,-1,Unknown,46.5,710.5,False,3
pineapple,408,71,2,Platinum,557.1,754.3,False,3
pineapple,408,72,2,Platinum,409.3,682.5,False,3
pineapple,408,73,2,Platinum,633.5,1313.3,False,3
pineapple,408,74,2,Platinum,590.0,977.5,False,3
pineapple,408,75,-1,Unknown,636.9,964.4,False,3
pineapple,408,76,-1,Unknown,297.5,729.0,False,3
pineapple,409,64,2,Platinum,649.2,974.6,False,3
pineapple,409,67,2,Platinum,535.9,915.5,False,3
pineapple,409,68,2,Platinum,151.3,1064.0,False,3
pineapple,409,69,2,Platinum,399.6,969.6,False,3
pineapple,409,70,-1,Unknown,46.5,710.5,False,3
pineapple,409,71,2,Platinum,552.5,757.5,False,3
pineapple,409,72,2,Platinum,475.8,702.0,False,3
pineapple,409,73,2,Platinum,630.5,1330.3,False,3
pineapple,409,74,2,Platinum,590.0,977.5,False,3
pineapple,409,75,-1,Unknown,648.4,973.9,False,3
pineapple,409,76,-1,Unknown,294.5,737.0,False,3
pineapple,410,64,2,Platinum,651.3,972.5,False,3
pineapple,410,67,2,Platinum,537.1,917.9,False,3
pineapple,410,68,2,Platinum,156.1,1068.6,False,3
pineapple,410,69,2,Platinum,436.8,989.6,False,3
pineapple,410,70,-1,Unknown,46.5,710.5,False,3
pineapple,410,71,2,Platinum,559.7,743.7,False,3
pineapple,410,72,2,Platinum,479.2,704.1,False,3
pineapple,410,73,2,Platinum,627.5,1347.3,False,3
pineapple,410,74,2,Platinum,590.0,977.5,False,3
pineapple,410,75,-1,Unknown,659.8,983.4,False,3
pineapple,410,76,-1,Unknown,291.5,745.0,False,3
pineapple,411,64,2,Platinum,653.5,970.5,False,3
pineapple,411,67,2,Platinum,535.5,920.1,False,3
pineapple,411,68,2,Platinum,160.0,1073.1,False,3
pineapple,411,69,2,Platinum,436.9,997.9,False,3
pineapple,411,70,-1,Unknown,46.5,710.5,False,3
pineapple,411,71,2,Platinum,556.1,745.4,False,3
pineapple,411,72,2,Platinum,473.8,708.4,False,3
pineapple,411,73,2,Platinum,624.5,1364.3,False,3
pineapple,411,74,2,Platinum,590.0,977.5,False,3
pineapple,411,75,-1,Unknown,671.3,992.9,False,3
pineapple,411,76,-1,Unknown,288.5,753.0,False,3
pineapple,412,64,2,Platinum,655.7,968.5,False,3
pineapple,412,67,2,Platinum,533.8,922.3,False,3
pineapple,412,68,2,Platinum,168.4,1074.3,False,3
pineapple,412,69,2,Platinum,440.8,1003.4,False,3
pineapple,412,70,-1,Unknown,46.5,710.5,False,3
pineapple,412,71,2,Platinum,552.6,747.1,False,3
pineapple,412,72,2,Platinum,468.3,712.7,False,3
pineapple,412,73,2,Platinum,621.5,1381.2,False,3
pineapple,412,74,2,Platinum,590.0,977.5,False,3
pineapple,412,75,-1,Unknown,682.8,1002.4,False,3
pineapple,412,76,-1,Unknown,285.5,761.0,False,3
pineapple,413,64,2,Platinum,657.8,966.5,False,3
pineapple,413,67,2,Platinum,532.2,924.5,False,3
pineapple,413,68,2,Platinum,179.4,1076.6,False,3
pineapple,413,69,2,Platinum,447.9,1008.8,False,3
pineapple,413,70,-1,Unknown,46.5,710.5,False,3
pineapple,413,71,2,Platinum,549.0,748.8,False,3
pineapple,413,72,2,Platinum,462.9,717.0,False,3
pineapple,413,73,2,Platinum,618.6,1398.2,False,3
pineapple,413,74,2,Platinum,590.0,977.5,False,3
pineapple,413,75,-1,Unknown,694.3,1011.8,False,3
pineapple,413,76,-1,Unknown,282.5,769.0,False,3
pineapple,414,64,2,Platinum,660.0,964.4,False,3
pineapple,414,67,2,Platinum,530.5,926.6,False,3
pineapple,414,68,2,Platinum,188.2,1082.1,False,3
pineapple,414,69,2,Platinum,454.9,1017.4,False,3
pineapple,414,71,2,Platinum,547.3,744.7,False,3
pineapple,414,72,2,Platinum,457.4,721.3,False,3
pineapple,414,73,2,Platinum,615.6,1415.2,False,3
pineapple,414,74,2,Platinum,590.0,977.5,False,3
pineapple,414,75,-1,Unknown,705.8,1021.3,False,3
pineapple,414,76,-1,Unknown,279.5,776.9,False,3
pineapple,415,64,2,Platinum,662.2,962.4,False,3
pineapple,415,67,2,Platinum,528.9,928.8,False,3
pineapple,415,68,2,Platinum,199.0,1080.8,False,3
pineapple,415,69,2,Platinum,458.9,1023.3,False,3
pineapple,415,71,2,Platinum,543.9,746.0,False,3
pineapple,415,72,2,Platinum,452.0,725.6,False,3
pineapple,415,73,2,Platinum,612.6,1432.2,False,3
pineapple,415,74,2,Platinum,590.0,977.5,False,3
pineapple,415,75,-1,Unknown,717.3,1030.8,False,3
pineapple,415,76,-1,Unknown,276.5,784.9,False,3
pineapple,416,64,2,Platinum,664.3,960.4,False,3
pineapple,416,67,2,Platinum,527.2,931.0,False,3
pineapple,416,68,2,Platinum,204.7,1081.8,False,3
pineapple,416,69,2,Platinum,461.1,1033.1,False,3
pineapple,416,71,2,Platinum,540.5,747.2,False,3
pineapple,416,72,2,Platinum,446.5,730.0,False,3
pineapple,416,73,2,Platinum,609.6,1449.2,False,3
pineapple,416,74,2,Platinum,590.0,977.5,False,3
pineapple,416,75,-1,Unknown,728.8,1040.3,False,3
pineapple,416,76,-1,Unknown,273.5,792.9,False,3
pineapple,417,64,2,Platinum,666.5,958.4,False,3
pineapple,417,67,2,Platinum,525.6,933.2,False,3
pineapple,417,68,2,Platinum,212.0,1088.6,False,3
pineapple,417,69,2,Platinum,461.7,1044.1,False,3
pineapple,417,71,2,Platinum,537.0,748.4,False,3
pineapple,417,72,2,Platinum,441.1,734.3,False,3
pineapple,417,73,2,Platinum,606.6,1466.1,False,3
pineapple,417,74,2,Platinum,590.0,977.5,False,3
pineapple,417,75,-1,Unknown,740.3,1049.8,False,3
pineapple,417,76,-1,Unknown,270.5,800.9,False,3
pineapple,418,64,2,Platinum,668.6,956.3,False,3
pineapple,418,67,2,Platinum,523.9,935.4,False,3
pineapple,418,68,2,Platinum,216.0,1095.3,False,3
pineapple,418,69,2,Platinum,463.8,1057.5,False,3
pineapple,418,71,2,Platinum,533.6,749.7,False,3
pineapple,418,72,2,Platinum,435.6,738.6,False,3
pineapple,418,73,2,Platinum,603.6,1483.1,False,3
pineapple,418,74,2,Platinum,590.0,977.5,False,3
pineapple,418,75,-1,Unknown,751.7,1059.3,False,3
pineapple,418,76,-1,Unknown,267.5,808.9,False,3
pineapple,418,77,-1,Unknown,566.5,1206.5,False,3
pineapple,419,64,2,Platinum,670.8,954.3,False,3
pineapple,419,67,2,Platinum,522.3,937.6,False,3
pineapple,419,68,2,Platinum,219.0,1113.3,False,3
pineapple,419,69,2,Platinum,466.6,1073.0,False,3
pineapple,419,71,2,Platinum,530.2,750.9,False,3
pineapple,419,72,2,Platinum,430.2,742.9,False,3
pineapple,419,73,2,Platinum,600.6,1500.1,False,3
pineapple,419,75,-1,Unknown,763.2,1068.8,False,3
pineapple,419,76,-1,Unknown,264.5,816.9,False,3
pineapple,419,77,-1,Unknown,576.5,1204.5,False,3
pineapple,420,64,2,Platinum,673.0,952.3,False,3
pineapple,420,67,2,Platinum,557.1,932.3,False,3
pineapple,420,68,2,Platinum,222.1,1119.1,False,3
pineapple,420,69,2,Platinum,466.3,1084.5,False,3
pineapple,420,71,2,Platinum,526.8,752.1,False,3
pineapple,420,72,2,Platinum,424.7,747.2,False,3
pineapple,420,76,-1,Unknown,261.5,824.9,False,3
pineapple,420,77,-1,Unknown,586.5,1202.5,False,3
pineapple,421,67,2,Platinum,557.8,934.0,False,3
pineapple,421,68,2,Platinum,225.2,1124.8,False,3
pineapple,421,69,2,Platinum,465.6,1097.1,False,3
pineapple,421,71,2,Platinum,548.9,782.6,False,3
pineapple,421,72,2,Platinum,419.3,751.5,False,3
pineapple,421,76,-1,Unknown,258.5,832.9,False,3
pineapple,421,77,-1,Unknown,596.5,1200.5,False,3
pineapple,422,67,2,Platinum,558.4,935.7,False,4
pineapple,422,68,2,Platinum,223.0,1146.0,True,4
pineapple,422,69,2,Platinum,465.6,1104.7,False,4
pineapple,422,71,2,Platinum,547.4,785.0,False,4
pineapple,422,72,2,Platinum,413.8,755.9,False,4
pineapple,422,76,-1,Unknown,255.6,840.9,False,4
pineapple,422,77,-1,Unknown,592.6,1199.5,False,4
pineapple,423,67,2,Platinum,559.1,937.4,False,4
pineapple,423,68,2,Platinum,228.6,1155.0,False,4
pineapple,423,69,2,Platinum,464.9,1111.9,False,4
pineapple,423,71,2,Platinum,544.3,786.4,False,4
pineapple,423,72,2,Platinum,408.4,760.2,False,4
pineapple,423,76,-1,Unknown,252.6,848.9,False,4
pineapple,423,77,-1,Unknown,597.7,1194.9,False,4
pineapple,424,67,2,Platinum,559.8,939.1,False,4
pineapple,424,68,2,Platinum,234.8,1163.1,False,4
pineapple,424,69,2,Platinum,463.4,1116.0,False,4
pineapple,424,71,2,Platinum,541.2,785.9,False,4
pineapple,424,72,2,Platinum,402.9,764.5,False,4
pineapple,424,76,-1,Unknown,249.6,856.8,False,4
pineapple,424,77,2,Platinum,601.3,1192.1,False,4
pineapple,425,67,2,Platinum,560.4,940.9,False,4
pineapple,425,68,2,Platinum,240.3,1170.1,False,4
pineapple,425,69,2,Platinum,463.1,1116.5,False,4
pineapple,425,71,2,Platinum,539.4,788.7,False,4
pineapple,425,72,2,Platinum,397.5,768.8,False,4
pineapple,425,76,-1,Unknown,246.6,864.8,False,4
pineapple,425,77,2,Platinum,606.8,1188.8,False,4
pineapple,425,78,2,Platinum,667.5,890.5,False,4
pineapple,425,79,-1,Unknown,57.5,1074.5,False,4
pineapple,426,67,2,Platinum,542.0,932.8,False,4
pineapple,426,68,2,Platinum,251.4,1178.8,False,4
pineapple,426,69,2,Platinum,463.4,1117.8,False,4
pineapple,426,71,2,Platinum,537.5,791.4,False,4
pineapple,426,72,2,Platinum,392.0,773.1,False,4
pineapple,426,76,-1,Unknown,243.6,872.8,False,4
pineapple,426,77,2,Platinum,612.0,1186.2,False,4
pineapple,426,78,2,Platinum,667.5,890.5,False,4
pineapple,426,79,-1,Unknown,59.0,1076.5,False,4
pineapple,427,67,2,Platinum,545.6,932.6,False,5
pineapple,427,68,2,Platinum,258.8,1187.0,False,5
pineapple,427,69,2,Platinum,465.1,1120.9,True,5
pineapple,427,71,2,Platinum,535.7,794.2,False,5
pineapple,427,72,2,Platinum,386.6,777.4,False,5
pineapple,427,76,-1,Unknown,240.6,880.8,False,5
pineapple,427,77,2,Platinum,617.1,1183.5,False,5
pineapple,427,78,2,Platinum,667.5,890.5,False,5
pineapple,427,79,-1,Unknown,60.5,1045.6,False,5
pineapple,428,67,2,Platinum,545.2,933.5,False,5
pineapple,428,68,2,Platinum,262.1,1200.4,False,5
pineapple,428,69,2,Platinum,469.3,1120.2,False,5
pineapple,428,71,2,Platinum,533.9,796.9,False,5
pineapple,428,72,2,Platinum,381.1,781.8,False,5
pineapple,428,76,-1,Unknown,237.6,888.8,False,5
pineapple,428,77,2,Platinum,622.3,1180.8,False,5
pineapple,428,78,2,Platinum,667.5,890.5,False,5
pineapple,428,79,-1,Unknown,62.0,1020.8,False,5
pineapple,429,67,2,Platinum,544.8,934.4,False,5
pineapple,429,68,2,Platinum,264.8,1212.4,False,5
pineapple,429,69,2,Platinum,477.4,1117.1,False,5
pineapple,429,71,2,Platinum,532.0,799.7,False,5
pineapple,429,72,2,Platinum,375.7,786.1,False,5
pineapple,429,77,2,Platinum,627.4,1178.2,False,5
pineapple,429,78,2,Platinum,667.5,890.5,False,5
pineapple,429,79,-1,Unknown,63.5,996.0,False,5
pineapple,430,67,2,Platinum,544.5,935.3,False,5
pineapple,430,68,2,Platinum,265.7,1219.3,False,5
pineapple,430,69,2,Platinum,482.1,1115.1,False,5
pineapple,430,71,2,Platinum,530.2,802.4,False,5
pineapple,430,72,2,Platinum,370.2,790.4,False,5
pineapple,430,77,2,Platinum,632.6,1175.5,False,5
pineapple,430,78,2,Platinum,667.5,890.5,False,5
pineapple,430,79,-1,Unknown,65.0,971.3,False,5
pineapple,431,67,2,Platinum,544.1,936.2,False,5
pineapple,431,68,2,Platinum,268.2,1224.9,False,5
pineapple,431,69,2,Platinum,480.6,1111.9,False,5
pineapple,431,71,2,Platinum,528.3,805.2,False,5
pineapple,431,77,2,Platinum,626.6,1140.9,False,5
pineapple,431,78,2,Platinum,667.5,890.5,False,5
pineapple,431,79,-1,Unknown,66.5,946.5,False,5
pineapple,431,80,-1,Unknown,72.0,1092.5,False,5
pineapple,432,67,2,Platinum,543.7,937.1,False,5
pineapple,432,68,2,Platinum,286.4,1227.4,False,5
pineapple,432,69,2,Platinum,476.7,1106.9,False,5
pineapple,432,71,2,Platinum,526.5,807.9,False,5
pineapple,432,77,2,Platinum,628.5,1125.7,False,5
pineapple,432,78,2,Platinum,667.5,890.5,False,5
pineapple,432,79,2,Platinum,142.9,853.5,False,5
pineapple,432,80,-1,Unknown,72.0,1092.5,False,5
pineapple,432,81,-1,Unknown,646.0,1218.5,False,5
pineapple,433,67,2,Platinum,540.7,907.5,False,5
pineapple,433,68,2,Platinum,291.4,1234.9,False,5
pineapple,433,69,2,Platinum,473.3,1104.2,False,5
pineapple,433,71,2,Platinum,524.6,810.7,False,5
pineapple,433,77,2,Platinum,632.3,1118.9,False,5
pineapple,433,78,2,Platinum,667.5,890.5,False,5
pineapple,433,79,2,Platinum,150.9,846.5,False,5
pineapple,433,80,-1,Unknown,72.0,1092.5,False,5
pineapple,433,81,-1,Unknown,646.0,1218.5,False,5
pineapple,434,67,2,Platinum,540.2,906.2,False,5
pineapple,434,68,2,Platinum,296.4,1242.4,False,5
pineapple,434,69,2,Platinum,470.6,1101.2,False,5
pineapple,434,71,2,Platinum,522.8,813.4,False,5
pineapple,434,77,2,Platinum,636.2,1112.2,False,5
pineapple,434,78,2,Platinum,667.5,890.5,False,5
pineapple,434,79,2,Platinum,154.5,845.9,False,5
pineapple,434,80,-1,Unknown,72.0,1092.5,False,5
pineapple,434,81,-1,Unknown,646.0,1218.5,False,5
pineapple,435,67,2,Platinum,539.6,904.8,False,5
pineapple,435,68,2,Platinum,301.5,1249.9,False,5
pineapple,435,69,2,Platinum,468.9,1102.8,False,5
pineapple,435,71,2,Platinum,521.0,816.2,False,5
pineapple,435,77,2,Platinum,640.0,1105.5,False,5
pineapple,435,78,2,Platinum,667.5,890.5,False,5
pineapple,435,79,2,Platinum,157.4,850.8,False,5
pineapple,435,80,-1,Unknown,72.0,1092.5,False,5
pineapple,435,81,-1,Unknown,646.0,1218.5,False,5
pineapple,436,67,2,Platinum,539.0,903.5,False,5
pineapple,436,68,2,Platinum,306.5,1257.4,False,5
pineapple,436,69,2,Platinum,469.0,1105.0,False,5
pineapple,436,71,2,Platinum,519.1,818.9,False,5
pineapple,436,77,2,Platinum,643.9,1098.7,False,5
pineapple,436,78,2,Platinum,667.5,890.5,False,5
pineapple,436,79,2,Platinum,157.7,858.4,False,5
pineapple,436,80,-1,Unknown,72.0,1092.5,False,5
pineapple,436,81,-1,Unknown,646.0,1218.5,False,5
pineapple,437,67,2,Platinum,538.5,902.1,False,5
pineapple,437,68,2,Platinum,311.6,1264.9,False,5
pineapple,437,69,2,Platinum,477.1,1106.4,False,5
pineapple,437,71,2,Platinum,517.3,821.7,False,5
pineapple,437,77,2,Platinum,647.7,1092.0,False,5
pineapple,437,78,2,Platinum,667.5,890.5,False,5
pineapple,437,79,2,Platinum,162.0,869.7,False,5
pineapple,437,80,-1,Unknown,103.0,1097.0,False,5
pineapple,437,81,-1,Unknown,646.0,1218.5,False,5
pineapple,437,82,-1,Unknown,291.5,941.0,False,5
pineapple,438,67,2,Platinum,537.9,900.8,False,5
pineapple,438,68,2,Platinum,316.6,1272.4,False,5
pineapple,438,69,2,Platinum,485.5,1108.9,False,5
pineapple,438,71,2,Platinum,515.4,824.4,False,5
pineapple,438,77,2,Platinum,651.6,1085.2,False,5
pineapple,438,78,2,Platinum,667.5,890.5,False,5
pineapple,438,79,2,Platinum,163.0,873.3,False,5
pineapple,438,80,-1,Unknown,108.2,1097.7,False,5
pineapple,438,81,-1,Unknown,646.0,1218.5,False,5
pineapple,438,82,-1,Unknown,291.5,941.0,False,5
pineapple,439,67,2,Platinum,537.4,899.4,False,5
pineapple,439,68,2,Platinum,321.6,1279.9,False,5
pineapple,439,69,2,Platinum,486.9,1108.4,False,5
pineapple,439,71,2,Platinum,513.6,827.2,False,5
pineapple,439,77,2,Platinum,655.4,1078.5,False,5
pineapple,439,78,2,Platinum,667.5,890.5,False,5
pineapple,439,79,2,Platinum,170.9,859.9,False,5
pineapple,439,80,-1,Unknown,113.3,1098.5,False,5
pineapple,439,81,-1,Unknown,646.0,1218.5,False,5
pineapple,439,82,-1,Unknown,291.5,941.0,False,5
pineapple,440,67,2,Platinum,536.8,898.1,False,5
pineapple,440,68,2,Platinum,326.7,1287.4,False,5
pineapple,440,69,2,Platinum,488.3,1110.4,False,5
pineapple,440,71,2,Platinum,511.8,829.9,False,5
pineapple,440,77,2,Platinum,659.3,1071.8,False,5
pineapple,440,78,2,Platinum,667.5,890.5,False,5
pineapple,440,79,2,Platinum,178.8,846.4,False,5
pineapple,440,80,-1,Unknown,118.5,1099.2,False,5
pineapple,440,81,-1,Unknown,646.0,1218.5,False,5
pineapple,440,82,-1,Unknown,291.5,941.0,False,5
pineapple,441,67,2,Platinum,536.2,896.7,False,5
pineapple,441,68,2,Platinum,331.7,1295.0,False,5
pineapple,441,69,2,Platinum,489.7,1112.3,False,5
pineapple,441,71,2,Platinum,509.9,832.7,False,5
pineapple,441,77,2,Platinum,663.1,1065.0,False,5
pineapple,441,78,2,Platinum,667.5,890.5,False,5
pineapple,441,79,2,Platinum,186.7,833.0,False,5
pineapple,441,80,-1,Unknown,149.7,1094.4,False,5
pineapple,441,81,-1,Unknown,646.0,1218.5,False,5
pineapple,441,82,-1,Unknown,311.5,954.5,False,5
pineapple,442,67,2,Platinum,535.7,895.4,False,5
pineapple,442,68,2,Platinum,336.8,1302.5,False,5
pineapple,442,69,2,Platinum,491.1,1114.3,False,5
pineapple,442,71,2,Platinum,508.1,835.4,False,5
pineapple,442,77,2,Platinum,667.0,1058.3,False,5
pineapple,442,78,2,Platinum,667.5,890.5,False,5
pineapple,442,79,2,Platinum,194.7,819.6,False,5
pineapple,442,80,2,Platinum,161.1,1097.3,False,5
pineapple,442,81,-1,Unknown,646.0,1218.5,False,5
pineapple,442,82,2,Platinum,314.9,960.3,False,5
pineapple,443,67,2,Platinum,535.1,894.0,False,5
pineapple,443,68,2,Platinum,341.8,1310.0,False,5
pineapple,443,69,2,Platinum,492.5,1116.3,False,5
pineapple,443,71,2,Platinum,506.2,838.2,False,5
pineapple,443,77,2,Platinum,670.8,1051.6,False,5
pineapple,443,78,2,Platinum,667.5,890.5,False,5
pineapple,443,79,2,Platinum,202.6,806.2,False,5
pineapple,443,80,2,Platinum,170.9,1095.5,False,5
pineapple,443,81,-1,Unknown,646.0,1218.5,False,5
pineapple,443,82,2,Platinum,319.4,964.5,False,5
pineapple,444,67,2,Platinum,534.6,892.7,False,5
pineapple,444,68,2,Platinum,346.8,1317.5,False,5
pineapple,444,69,2,Platinum,493.9,1118.2,False,5
pineapple,444,71,2,Platinum,504.4,840.9,False,5
pineapple,444,77,2,Platinum,674.7,1044.8,False,5
pineapple,444,78,2,Platinum,667.5,890.5,False,5
pineapple,444,79,2,Platinum,232.8,885.4,False,5
pineapple,444,80,2,Platinum,180.4,1095.5,False,5
pineapple,444,81,-1,Unknown,646.0,1218.5,False,5
pineapple,444,82,2,Platinum,323.9,968.7,False,5
pineapple,445,67,2,Platinum,534.0,891.3,False,5
pineapple,445,68,2,Platinum,351.9,1325.0,False,5
pineapple,445,69,2,Platinum,495.3,1120.2,False,5
pineapple,445,77,2,Platinum,678.5,1038.1,False,5
pineapple,445,78,2,Platinum,667.5,890.5,False,5
pineapple,445,79,2,Platinum,242.5,879.4,False,5
pineapple,445,80,2,Platinum,189.9,1095.6,False,5
pineapple,445,81,-1,Unknown,646.0,1218.5,False,5
pineapple,445,82,2,Platinum,328.3,973.0,False,5
pineapple,446,67,2,Platinum,533.4,890.0,False,5
pineapple,446,68,2,Platinum,356.9,1332.5,False,5
pineapple,446,69,2,Platinum,496.7,1122.2,False,5
pineapple,446,77,2,Platinum,682.4,1031.4,False,5
pineapple,446,79,2,Platinum,252.2,873.4,False,5
pineapple,446,80,2,Platinum,199.5,1095.6,False,5
pineapple,446,81,-1,Unknown,646.0,1218.5,False,5
pineapple,446,82,2,Platinum,332.8,977.2,False,5
pineapple,447,67,2,Platinum,532.9,888.6,False,5
pineapple,447,68,2,Platinum,362.0,1340.0,False,5
pineapple,447,69,2,Platinum,498.1,1124.1,False,5
pineapple,447,77,2,Platinum,686.2,1024.6,False,5
pineapple,447,79,2,Platinum,261.9,867.4,False,5
pineapple,447,80,2,Platinum,209.0,1095.6,False,5
pineapple,447,81,-1,Unknown,646.0,1218.5,False,5
pineapple,447,82,2,Platinum,337.2,981.4,False,5
pineapple,448,67,2,Platinum,532.3,887.3,False,5
pineapple,448,68,2,Platinum,367.0,1347.5,False,5
pineapple,448,69,2,Platinum,499.5,1126.1,False,5
pineapple,448,77,2,Platinum,690.1,1017.9,False,5
pineapple,448,79,2,Platinum,271.6,861.4,False,5
pineapple,448,80,2,Platinum,218.5,1095.7,False,5
pineapple,448,81,-1,Unknown,646.0,1218.5,False,5
pineapple,448,82,2,Platinum,341.7,985.6,False,5
pineapple,449,67,2,Platinum,531.7,885.9,False,5
pineapple,449,68,2,Platinum,372.0,1355.0,False,5
pineapple,449,69,2,Platinum,500.9,1128.0,False,5
pineapple,449,77,2,Platinum,693.9,1011.2,False,5
pineapple,449,79,2,Platinum,281.3,855.4,False,5
pineapple,449,80,2,Platinum,228.1,1095.7,False,5
pineapple,449,81,-1,Unknown,646.0,1218.5,False,5
pineapple,449,82,2,Platinum,346.2,989.8,False,5
pineapple,450,67,2,Platinum,531.2,884.6,False,5
pineapple,450,68,2,Platinum,377.1,1362.5,False,5
pineapple,450,69,2,Platinum,502.3,1130.0,False,5
pineapple,450,77,2,Platinum,697.8,1004.4,False,5
pineapple,450,79,2,Platinum,291.0,849.4,False,5
pineapple,450,80,2,Platinum,237.6,1095.8,False,5
pineapple,450,81,-1,Unknown,646.0,1218.5,False,5
pineapple,450,82,2,Platinum,350.6,994.1,False,5
pineapple,451,67,2,Platinum,530.6,883.2,False,5
pineapple,451,68,2,Platinum,382.1,1370.0,False,5
pineapple,451,69,2,Platinum,503.7,1132.0,False,5
pineapple,451,77,2,Platinum,701.6,997.7,False,5
pineapple,451,79,2,Platinum,300.7,843.4,False,5
pineapple,451,80,2,Platinum,247.1,1095.8,False,5
pineapple,451,81,-1,Unknown,646.0,1218.5,False,5
pineapple,451,82,2,Platinum,355.1,998.3,False,5
pineapple,452,67,2,Platinum,530.1,881.9,False,5
pineapple,452,68,2,Platinum,387.2,1377.5,False,5
pineapple,452,69,2,Platinum,505.1,1133.9,False,5
pineapple,452,77,2,Platinum,705.5,990.9,False,5
pineapple,452,79,2,Platinum,310.4,837.4,False,5
pineapple,452,80,2,Platinum,256.7,1095.8,False,5
pineapple,452,81,-1,Unknown,646.0,1218.5,False,5
pineapple,452,82,2,Platinum,359.5,1002.5,False,5
pineapple,453,67,2,Platinum,529.5,880.5,False,5
pineapple,453,69,2,Platinum,506.5,1135.9,False,5
pineapple,453,79,2,Platinum,269.7,887.1,False,5
pineapple,453,80,2,Platinum,266.2,1095.9,False,5
pineapple,453,82,2,Platinum,364.0,1006.7,False,5
pineapple,454,69,2,Platinum,507.9,1137.8,False,5
pineapple,454,79,2,Platinum,271.9,897.6,False,5
pineapple,454,80,2,Platinum,275.7,1095.9,False,5
pineapple,454,82,2,Platinum,368.4,1010.9,False,5
pineapple,455,69,2,Platinum,509.3,1139.8,False,5
pineapple,455,79,2,Platinum,278.0,896.3,False,5
pineapple,455,80,2,Platinum,204.3,1119.5,False,5
pineapple,455,82,2,Platinum,372.9,1015.2,False,5
pineapple,456,69,2,Platinum,510.7,1141.8,False,5
pineapple,456,79,2,Platinum,284.0,895.0,False,5
pineapple,456,80,2,Platinum,208.7,1121.0,False,5
pineapple,456,82,2,Platinum,377.4,1019.4,False,5
pineapple,456,83,-1,Unknown,34.0,805.0,False,5
pineapple,457,69,2,Platinum,512.1,1143.7,False,5
pineapple,457,79,2,Platinum,287.5,918.2,False,5
pineapple,457,80,2,Platinum,197.7,1126.4,False,5
pineapple,457,82,2,Platinum,381.8,1023.6,False,5
pineapple,457,83,-1,Unknown,34.0,805.0,False,5
pineapple,458,69,2,Platinum,513.5,1145.7,False,5
pineapple,458,79,2,Platinum,293.3,918.9,False,5
pineapple,458,80,2,Platinum,200.8,1128.3,False,5
pineapple,458,82,2,Platinum,386.3,1027.8,False,5
pineapple,458,83,-1,Unknown,34.0,805.0,False,5
pineapple,459,69,2,Platinum,514.9,1147.7,False,5
pineapple,459,79,2,Platinum,299.2,919.7,False,5
pineapple,459,80,2,Platinum,204.0,1130.1,False,5
pineapple,459,82,2,Platinum,390.7,1032.0,False,5
pineapple,459,83,-1,Unknown,34.0,805.0,False,5
pineapple,460,79,2,Platinum,305.0,920.5,False,5
pineapple,460,80,2,Platinum,207.1,1132.0,False,5
pineapple,460,82,2,Platinum,395.2,1036.3,False,5
pineapple,460,83,-1,Unknown,34.0,805.0,False,5
pineapple,461,79,2,Platinum,310.9,921.2,False,5
pineapple,461,80,2,Platinum,210.3,1133.8,False,5
pineapple,461,82,2,Platinum,399.7,1040.5,False,5
pineapple,461,83,-1,Unknown,44.5,827.0,False,5
pineapple,462,79,2,Platinum,316.7,922.0,False,5
pineapple,462,80,2,Platinum,213.4,1135.7,False,5
pineapple,462,82,2,Platinum,404.1,1044.7,False,5
pineapple,462,83,2,Platinum,48.0,833.4,False,5
pineapple,463,79,2,Platinum,322.6,922.7,False,5
pineapple,463,80,2,Platinum,216.5,1137.5,False,5
pineapple,463,83,2,Platinum,51.2,844.6,False,5
pineapple,463,84,2,Platinum,71.0,1089.5,False,5
pineapple,464,79,2,Platinum,328.4,923.5,False,5
pineapple,464,80,2,Platinum,219.7,1139.4,False,5
pineapple,464,83,2,Platinum,53.9,851.2,False,5
pineapple,464,84,2,Platinum,77.0,1099.5,False,5
pineapple,465,79,2,Platinum,334.2,924.2,False,5
pineapple,465,80,2,Platinum,222.8,1141.2,False,5
pineapple,465,83,2,Platinum,56.6,857.9,False,5
pineapple,465,84,2,Platinum,78.3,1109.5,False,5
pineapple,466,79,2,Platinum,340.1,925.0,False,5
pineapple,466,80,2,Platinum,226.0,1143.1,False,5
pineapple,466,83,2,Platinum,59.3,864.5,False,5
pineapple,466,84,2,Platinum,80.1,1125.4,False,5
pineapple,467,79,2,Platinum,345.9,925.7,False,5
pineapple,467,80,2,Platinum,229.1,1144.9,False,5
pineapple,467,83,2,Platinum,62.0,871.1,False,5
pineapple,467,84,2,Platinum,85.5,1136.5,False,5
pineapple,467,85,-1,Unknown,123.0,1133.5,False,5
pineapple,468,79,2,Platinum,351.8,926.5,False,5
pineapple,468,80,2,Platinum,232.3,1146.7,False,5
pineapple,468,83,2,Platinum,64.7,877.7,False,5
pineapple,468,84,2,Platinum,93.7,1166.7,False,5
pineapple,468,85,-1,Unknown,123.0,1133.5,False,5
pineapple,469,79,2,Platinum,357.6,927.2,False,5
pineapple,469,80,2,Platinum,235.4,1148.6,False,5
pineapple,469,83,2,Platinum,67.4,884.3,False,5
pineapple,469,84,2,Platinum,130.6,1178.6,False,5
pineapple,469,85,-1,Unknown,123.0,1133.5,False,5
pineapple,470,79,2,Platinum,363.5,928.0,False,5
pineapple,470,80,2,Platinum,238.6,1150.4,False,5
pineapple,470,83,2,Platinum,70.0,890.9,False,5
pineapple,470,84,2,Platinum,147.7,1181.3,False,5
pineapple,470,85,-1,Unknown,123.0,1133.5,False,5
pineapple,471,79,2,Platinum,369.3,928.7,False,5
pineapple,471,80,2,Platinum,241.7,1152.3,False,5
pineapple,471,83,2,Platinum,72.7,897.5,False,5
pineapple,471,84,2,Platinum,154.3,1181.6,False,5
pineapple,471,85,-1,Unknown,123.0,1133.5,False,5
pineapple,472,79,2,Platinum,375.1,929.5,False,5
pineapple,472,80,2,Platinum,244.9,1154.1,False,5
pineapple,472,83,2,Platinum,75.4,904.1,False,5
pineapple,472,84,2,Platinum,153.5,1183.8,False,5
pineapple,472,85,-1,Unknown,123.0,1133.5,False,5
pineapple,473,79,2,Platinum,381.0,930.2,False,5
pineapple,473,80,2,Platinum,248.0,1156.0,False,5
pineapple,473,83,2,Platinum,78.1,910.8,False,5
pineapple,473,84,2,Platinum,152.0,1196.6,False,5
pineapple,473,85,-1,Unknown,123.0,1133.5,False,5
pineapple,474,79,2,Platinum,386.8,931.0,False,5
pineapple,474,80,2,Platinum,251.1,1157.8,False,5
pineapple,474,83,2,Platinum,80.8,917.4,False,5
pineapple,474,84,2,Platinum,151.5,1200.3,False,5
pineapple,474,85,-1,Unknown,123.0,1133.5,False,5
pineapple,475,79,2,Platinum,392.7,931.7,False,5
pineapple,475,80,2,Platinum,254.3,1159.7,False,5
pineapple,475,83,2,Platinum,83.5,924.0,False,5
pineapple,475,84,2,Platinum,153.6,1200.7,False,5
pineapple,475,85,-1,Unknown,123.0,1133.5,False,5
pineapple,476,79,2,Platinum,398.5,932.5,False,5
pineapple,476,80,2,Platinum,257.4,1161.5,False,5
pineapple,476,83,2,Platinum,86.2,930.6,False,5
pineapple,476,84,2,Platinum,153.1,1200.1,False,5
pineapple,476,85,-1,Unknown,123.0,1133.5,False,5
pineapple,477,79,2,Platinum,404.4,933.2,False,5
pineapple,477,80,2,Platinum,260.6,1163.4,False,5
pineapple,477,83,2,Platinum,88.9,937.2,False,5
pineapple,477,84,2,Platinum,159.0,1207.6,False,5
pineapple,477,85,-1,Unknown,123.0,1133.5,False,5
pineapple,478,83,2,Platinum,91.6,943.8,False,5
pineapple,478,84,2,Platinum,162.2,1204.9,False,5
pineapple,478,85,-1,Unknown,123.0,1133.5,False,5
pineapple,479,83,2,Platinum,94.2,950.4,False,5
pineapple,479,84,2,Platinum,160.9,1205.4,False,5
pineapple,479,85,-1,Unknown,123.0,1133.5,False,5
pineapple,480,83,2,Platinum,96.9,957.1,False,5
pineapple,480,84,2,Platinum,165.8,1211.2,False,5
pineapple,480,85,-1,Unknown,123.0,1133.5,False,5
pineapple,481,83,2,Platinum,99.6,963.7,False,5
pineapple,481,84,2,Platinum,170.7,1217.1,False,5
pineapple,481,85,-1,Unknown,123.0,1133.5,False,5
pineapple,482,83,2,Platinum,102.3,970.3,False,5
pineapple,482,84,2,Platinum,175.6,1222.9,False,5
pineapple,482,85,-1,Unknown,123.0,1133.5,False,5
pineapple,483,83,2,Platinum,105.0,976.9,False,5
pineapple,483,84,2,Platinum,180.5,1228.8,False,5
pineapple,483,85,-1,Unknown,123.0,1133.5,False,5
pineapple,484,84,2,Platinum,185.4,1234.6,False,5
pineapple,484,85,-1,Unknown,123.0,1133.5,False,5
pineapple,484,86,2,Platinum,345.5,691.5,False,5
pineapple,485,84,2,Platinum,190.3,1240.5,False,5
pineapple,485,85,-1,Unknown,123.0,1133.5,False,5
pineapple,485,86,2,Platinum,329.0,697.0,False,5
pineapple,486,84,2,Platinum,195.2,1246.3,False,5
pineapple,486,85,-1,Unknown,123.0,1133.5,False,5
pineapple,486,86,2,Platinum,312.5,702.5,False,5
pineapple,487,84,2,Platinum,200.1,1252.2,False,5
pineapple,487,85,-1,Unknown,123.0,1133.5,False,5
pineapple,487,86,2,Platinum,296.0,708.0,False,5
pineapple,488,84,2,Platinum,205.0,1258.0,False,5
pineapple,488,86,2,Platinum,272.6,716.0,False,5
pineapple,488,87,2,Platinum,215.0,822.5,False,5
pineapple,488,88,-1,Unknown,158.5,459.0,False,5
pineapple,489,84,2,Platinum,209.9,1263.9,False,5
pineapple,489,86,2,Platinum,265.3,742.5,False,5
pineapple,489,87,2,Platinum,221.5,819.5,False,5
pineapple,489,88,-1,Unknown,158.5,459.0,False,5
pineapple,490,84,2,Platinum,214.8,1269.7,False,5
pineapple,490,86,2,Platinum,264.6,758.7,False,5
pineapple,490,87,2,Platinum,212.0,822.1,False,5
pineapple,490,88,-1,Unknown,158.5,459.0,False,5
pineapple,491,84,2,Platinum,219.7,1275.6,False,5
pineapple,491,86,2,Platinum,261.5,771.8,False,5
pineapple,491,87,2,Platinum,212.3,823.5,False,5
pineapple,491,88,-1,Unknown,158.5,459.0,False,5
pineapple,492,84,2,Platinum,224.6,1281.4,False,5
pineapple,492,86,2,Platinum,250.9,784.5,False,5
pineapple,492,87,2,Platinum,209.2,825.0,False,5
pineapple,492,88,-1,Unknown,158.5,459.0,False,5
pineapple,493,84,2,Platinum,229.5,1287.3,False,5
pineapple,493,86,2,Platinum,240.3,797.2,False,5
pineapple,493,87,2,Platinum,206.2,826.5,False,5
pineapple,493,88,-1,Unknown,158.5,459.0,False,5
pineapple,494,84,2,Platinum,234.4,1293.1,False,5
pineapple,494,86,2,Platinum,229.7,809.9,False,5
pineapple,494,87,2,Platinum,203.2,828.0,False,5
pineapple,494,88,-1,Unknown,158.5,459.0,False,5
pineapple,495,84,2,Platinum,239.3,1299.0,False,5
pineapple,495,86,2,Platinum,219.1,822.6,False,5
pineapple,495,87,2,Platinum,234.0,816.1,False,5
pineapple,495,88,-1,Unknown,158.5,459.0,False,5
pineapple,496,84,2,Platinum,244.2,1304.8,False,5
pineapple,496,86,2,Platinum,208.5,835.4,False,5
pineapple,496,87,2,Platinum,236.9,815.2,False,5
pineapple,496,88,-1,Unknown,158.5,459.0,False,5
pineapple,497,84,2,Platinum,249.1,1310.7,False,5
pineapple,497,86,2,Platinum,197.9,848.1,False,5
pineapple,497,87,2,Platinum,239.8,814.4,False,5
pineapple,497,88,-1,Unknown,158.5,459.0,False,5
pineapple,498,84,2,Platinum,254.0,1316.5,False,5
pineapple,498,86,2,Platinum,187.3,860.8,False,5
pineapple,498,87,2,Platinum,242.8,813.5,False,5
pineapple,498,88,-1,Unknown,158.5,459.0,False,5
pineapple,499,84,2,Platinum,258.9,1322.4,False,5
pineapple,499,86,2,Platinum,176.7,873.5,False,5
pineapple,499,87,2,Platinum,245.7,812.6,False,5
pineapple,499,88,-1,Unknown,158.5,459.0,False,5
pineapple,500,86,2,Platinum,166.1,886.2,False,5
pineapple,500,87,2,Platinum,369.7,794.7,False,5
pineapple,500,88,-1,Unknown,158.5,459.0,False,5
pineapple,501,86,2,Platinum,155.5,898.9,False,5
pineapple,501,87,2,Platinum,385.2,792.1,False,5
pineapple,501,88,-1,Unknown,158.5,459.0,False,5
pineapple,502,86,2,Platinum,144.9,911.6,False,5
pineapple,502,87,2,Platinum,400.8,789.4,False,5
pineapple,502,88,-1,Unknown,158.5,459.0,False,5
pineapple,503,86,2,Platinum,134.3,924.4,False,5
pineapple,503,87,2,Platinum,416.3,786.8,False,5
pineapple,503,88,-1,Unknown,158.5,459.0,False,5
pineapple,504,86,2,Platinum,123.7,937.1,False,5
pineapple,504,87,2,Platinum,431.8,784.2,False,5
pineapple,504,88,-1,Unknown,158.5,459.0,False,5
pineapple,505,86,2,Platinum,113.1,949.8,False,5
pineapple,505,87,2,Platinum,447.4,781.5,False,5
pineapple,505,88,-1,Unknown,158.5,459.0,False,5
pineapple,505,89,2,Platinum,265.5,1001.5,False,5
pineapple,505,90,2,Platinum,266.0,813.5,False,5
pineapple,505,91,2,Platinum,77.5,945.5,False,5
pineapple,506,86,2,Platinum,102.5,962.5,False,5
pineapple,506,87,2,Platinum,462.9,778.9,False,5
pineapple,506,88,-1,Unknown,158.5,459.0,False,5
pineapple,506,89,2,Platinum,168.5,1083.0,False,5
pineapple,506,90,2,Platinum,270.5,810.5,False,5
pineapple,506,91,2,Platinum,83.5,949.5,False,5
pineapple,507,86,2,Platinum,91.9,975.2,False,5
pineapple,507,87,2,Platinum,478.4,776.2,False,5
pineapple,507,88,-1,Unknown,158.5,459.0,False,5
pineapple,507,89,2,Platinum,71.6,1164.4,False,5
pineapple,507,90,2,Platinum,274.5,802.3,False,5
pineapple,507,91,2,Platinum,87.6,950.2,False,5
pineapple,508,86,2,Platinum,81.3,987.9,False,5
pineapple,508,87,2,Platinum,494.0,773.6,False,5
pineapple,508,88,-1,Unknown,158.5,459.0,False,5
pineapple,508,89,2,Platinum,-25.3,1245.8,False,5
pineapple,508,90,2,Platinum,278.6,795.1,False,5
pineapple,508,91,2,Platinum,92.1,951.5,False,5
pineapple,509,86,2,Platinum,70.7,1000.6,False,5
pineapple,509,87,2,Platinum,509.5,770.9,False,5
pineapple,509,89,2,Platinum,-122.1,1327.2,False,5
pineapple,509,90,2,Platinum,282.8,787.9,False,5
pineapple,509,91,2,Platinum,96.6,952.9,False,5
pineapple,509,92,2,Platinum,293.0,1003.5,False,5
pineapple,510,86,2,Platinum,60.1,1013.4,False,5
pineapple,510,87,2,Platinum,525.1,768.3,False,5
pineapple,510,89,2,Platinum,-219.0,1408.6,False,5
pineapple,510,90,2,Platinum,286.9,780.7,False,5
pineapple,510,91,2,Platinum,101.0,954.2,False,5
pineapple,510,92,2,Platinum,301.0,1000.5,False,5
pineapple,511,86,2,Platinum,49.5,1026.1,False,5
pineapple,511,87,2,Platinum,540.6,765.7,False,5
pineapple,511,89,2,Platinum,-315.9,1490.0,False,5
pineapple,511,90,2,Platinum,291.0,773.5,False,5
pineapple,511,91,2,Platinum,105.5,955.5,False,5
pineapple,511,92,2,Platinum,309.0,997.5,False,5
pineapple,512,87,2,Platinum,556.1,763.0,False,5
pineapple,512,89,2,Platinum,-412.8,1571.4,False,5
pineapple,512,90,2,Platinum,295.1,766.3,False,5
pineapple,512,91,2,Platinum,105.6,949.6,False,5
pineapple,512,92,2,Platinum,315.5,996.0,False,5
pineapple,513,87,2,Platinum,571.7,760.4,False,5
pineapple,513,89,2,Platinum,-509.7,1652.8,False,5
pineapple,513,90,2,Platinum,299.2,759.1,False,5
pineapple,513,91,2,Platinum,109.3,949.7,False,5
pineapple,513,92,2,Platinum,320.6,995.1,False,5
pineapple,514,87,2,Platinum,587.2,757.7,False,5
pineapple,514,89,2,Platinum,-606.6,1734.2,False,5
pineapple,514,90,2,Platinum,303.3,751.9,False,5
pineapple,514,91,2,Platinum,113.0,949.8,False,5
pineapple,514,92,2,Platinum,327.1,993.3,False,5
pineapple,515,87,2,Platinum,602.7,755.1,False,5
pineapple,515,89,2,Platinum,-703.4,1815.6,False,5
pineapple,515,90,2,Platinum,307.5,744.7,False,5
pineapple,515,91,2,Platinum,116.7,949.9,False,5
pineapple,515,92,2,Platinum,328.0,997.9,False,5
pineapple,516,87,2,Platinum,618.3,752.4,False,5
pineapple,516,89,2,Platinum,-800.3,1897.0,False,5
pineapple,516,90,2,Platinum,311.6,737.5,False,5
pineapple,516,91,2,Platinum,120.4,950.0,False,5
pineapple,516,92,2,Platinum,333.3,997.5,False,5
pineapple,517,87,2,Platinum,633.8,749.8,False,5
pineapple,517,89,2,Platinum,-897.2,1978.4,False,5
pineapple,517,90,2,Platinum,315.7,730.3,False,5
pineapple,517,91,2,Platinum,124.2,950.1,False,5
pineapple,517,92,2,Platinum,338.6,997.1,False,5
pineapple,518,87,2,Platinum,649.3,747.1,False,5
pineapple,518,89,2,Platinum,-994.1,2059.8,False,5
pineapple,518,90,2,Platinum,319.8,723.1,False,5
pineapple,518,91,2,Platinum,127.9,950.2,False,5
pineapple,518,92,2,Platinum,343.8,996.7,False,5
pineapple,518,93,2,Platinum,428.5,1218.5,False,5
pineapple,519,87,2,Platinum,664.9,744.5,False,5
pineapple,519,89,2,Platinum,-1091.0,2141.2,False,5
pineapple,519,90,2,Platinum,323.9,715.9,False,5
pineapple,519,91,2,Platinum,131.6,950.2,False,5
pineapple,519,92,2,Platinum,349.1,996.3,False,5
pineapple,519,93,2,Platinum,429.0,1217.5,False,5
pineapple,519,94,-1,Unknown,47.5,800.5,False,5
pineapple,520,87,2,Platinum,680.4,741.9,False,5
pineapple,520,89,2,Platinum,-1187.9,2222.6,False,5
pineapple,520,90,2,Platinum,328.0,708.7,False,5
pineapple,520,91,2,Platinum,135.3,950.3,False,5
pineapple,520,92,2,Platinum,354.4,995.9,False,5
pineapple,520,93,2,Platinum,428.1,1221.2,False,5
pineapple,520,94,-1,Unknown,47.5,800.5,False,5
pineapple,520,95,2,Platinum,271.5,492.5,False,5
pineapple,520,96,2,Platinum,590.5,1011.0,False,5
pineapple,521,89,2,Platinum,-1284.7,2304.0,False,5
pineapple,521,90,2,Platinum,332.2,701.5,False,5
pineapple,521,91,2,Platinum,139.0,950.4,False,5
pineapple,521,92,2,Platinum,359.7,995.5,False,5
pineapple,521,93,2,Platinum,428.8,1225.7,False,5
pineapple,521,94,-1,Unknown,47.5,800.5,False,5
pineapple,521,95,2,Platinum,273.5,490.0,False,5
pineapple,521,96,2,Platinum,595.0,1006.0,False,5
pineapple,522,89,2,Platinum,-1381.6,2385.4,False,5
pineapple,522,90,2,Platinum,336.3,694.2,False,5
pineapple,522,91,2,Platinum,142.7,950.5,False,5
pineapple,522,92,2,Platinum,365.0,995.0,False,5
pineapple,522,93,2,Platinum,429.0,1226.3,False,5
pineapple,522,94,-1,Unknown,47.5,800.5,False,5
pineapple,522,95,2,Platinum,275.0,488.0,False,5
pineapple,522,96,2,Platinum,597.1,1005.7,False,5
pineapple,523,89,2,Platinum,-1478.5,2466.8,False,5
pineapple,523,90,2,Platinum,340.4,687.0,False,5
pineapple,523,91,2,Platinum,146.5,950.6,False,5
pineapple,523,92,2,Platinum,370.3,994.6,False,5
pineapple,523,93,2,Platinum,428.6,1224.9,False,5
pineapple,523,94,-1,Unknown,47.5,800.5,False,5
pineapple,523,95,2,Platinum,276.6,485.9,False,5
pineapple,523,96,2,Platinum,598.3,1006.6,False,5
pineapple,524,89,2,Platinum,-1575.4,2548.2,False,5
pineapple,524,90,2,Platinum,344.5,679.8,False,5
pineapple,524,91,2,Platinum,150.2,950.7,False,5
pineapple,524,92,2,Platinum,375.6,994.2,False,5
pineapple,524,93,2,Platinum,428.6,1226.4,False,5
pineapple,524,94,-1,Unknown,47.5,800.5,False,5
pineapple,524,95,2,Platinum,278.3,483.7,False,5
pineapple,524,96,2,Platinum,598.5,1012.4,False,5
pineapple,525,89,2,Platinum,-1672.3,2629.6,False,5
pineapple,525,90,2,Platinum,348.6,672.6,False,5
pineapple,525,91,2,Platinum,153.9,950.8,False,5
pineapple,525,92,2,Platinum,380.9,993.8,False,5
pineapple,525,93,2,Platinum,428.6,1227.9,False,5
pineapple,525,94,-1,Unknown,47.5,800.5,False,5
pineapple,525,95,2,Platinum,279.9,481.6,False,5
pineapple,525,96,2,Platinum,598.1,1011.5,False,5
pineapple,526,89,2,Platinum,-1769.2,2711.0,False,5
pineapple,526,90,2,Platinum,352.7,665.4,False,5
pineapple,526,91,2,Platinum,157.6,950.9,False,5
pineapple,526,92,2,Platinum,386.2,993.4,False,5
pineapple,526,93,2,Platinum,428.6,1229.4,False,5
pineapple,526,94,-1,Unknown,57.5,825.0,False,5
pineapple,526,95,2,Platinum,281.5,479.5,False,5
pineapple,526,96,2,Platinum,598.9,1012.7,False,5
pineapple,527,90,2,Platinum,356.9,658.2,False,5
pineapple,527,91,2,Platinum,161.3,951.0,False,5
pineapple,527,92,2,Platinum,391.5,993.0,False,5
pineapple,527,93,2,Platinum,428.6,1230.8,False,5
pineapple,527,94,2,Platinum,56.4,825.2,False,5
pineapple,527,95,2,Platinum,283.1,477.4,False,5
pineapple,527,96,2,Platinum,597.4,1001.1,False,5
pineapple,528,91,2,Platinum,165.1,951.1,False,5
pineapple,528,92,2,Platinum,396.8,992.6,False,5
pineapple,528,93,2,Platinum,428.5,1232.3,False,5
pineapple,528,94,2,Platinum,56.8,826.6,False,5
pineapple,528,95,2,Platinum,284.7,475.3,False,5
pineapple,528,96,2,Platinum,597.8,999.9,False,5
pineapple,529,91,2,Platinum,168.8,951.2,False,5
pineapple,529,92,2,Platinum,402.0,992.2,False,5
pineapple,529,93,2,Platinum,428.5,1233.8,False,5
pineapple,529,94,2,Platinum,57.6,829.2,False,5
pineapple,529,95,2,Platinum,286.3,473.2,False,5
pineapple,529,96,2,Platinum,598.2,998.8,False,5
pineapple,530,91,2,Platinum,172.5,951.2,False,5
pineapple,530,92,2,Platinum,407.3,991.8,False,5
pineapple,530,93,2,Platinum,428.5,1235.3,False,5
pineapple,530,94,2,Platinum,58.4,831.7,False,5
pineapple,530,95,2,Platinum,288.0,471.0,False,5
pineapple,530,96,2,Platinum,598.6,997.6,False,5
pineapple,531,91,2,Platinum,176.2,951.3,False,5
pineapple,531,92,2,Platinum,412.6,991.4,False,5
pineapple,531,93,2,Platinum,428.5,1236.8,False,5
pineapple,531,94,2,Platinum,59.2,834.3,False,5
pineapple,531,95,2,Platinum,289.6,468.9,False,5
pineapple,531,96,2,Platinum,599.0,996.5,False,5
pineapple,532,91,2,Platinum,179.9,951.4,False,5
pineapple,532,92,2,Platinum,417.9,991.0,False,5
pineapple,532,93,2,Platinum,428.4,1238.3,False,5
pineapple,532,94,2,Platinum,60.0,836.8,False,5
pineapple,532,95,2,Platinum,291.2,466.8,False,5
pineapple,532,96,2,Platinum,599.4,995.3,False,5
pineapple,533,92,2,Platinum,423.2,990.5,False,5
pineapple,533,93,2,Platinum,428.4,1239.7,False,5
pineapple,533,94,2,Platinum,60.8,839.4,False,5
pineapple,533,95,2,Platinum,292.8,464.7,False,5
pineapple,533,96,2,Platinum,599.8,994.2,False,5
pineapple,534,92,2,Platinum,428.5,990.1,False,5
pineapple,534,93,2,Platinum,428.4,1241.2,False,5
pineapple,534,94,2,Platinum,61.6,841.9,False,5
pineapple,534,95,2,Platinum,294.4,462.6,False,5
pineapple,534,96,2,Platinum,600.2,993.0,False,5
pineapple,535,92,2,Platinum,433.8,989.7,False,5
pineapple,535,93,2,Platinum,428.4,1242.7,False,5
pineapple,535,94,2,Platinum,62.4,844.5,False,5
pineapple,535,95,2,Platinum,296.1,460.4,False,5
pineapple,535,96,2,Platinum,600.5,991.9,False,5
pineapple,536,93,2,Platinum,428.3,1244.2,False,5
pineapple,536,94,2,Platinum,63.2,847.0,False,5
pineapple,536,95,2,Platinum,297.7,458.3,False,5
pineapple,536,96,2,Platinum,600.9,990.7,False,5
pineapple,537,93,2,Platinum,428.3,1245.7,False,5
pineapple,537,94,2,Platinum,64.0,849.6,False,5
pineapple,537,95,2,Platinum,299.3,456.2,False,5
pineapple,537,96,2,Platinum,595.2,976.8,False,5
pineapple,537,97,-1,Unknown,530.5,833.5,False,5
pineapple,538,93,2,Platinum,428.3,1247.1,False,5
pineapple,538,94,2,Platinum,64.8,852.1,False,5
pineapple,538,95,2,Platinum,300.9,454.1,False,5
pineapple,538,96,2,Platinum,597.1,979.1,False,5
pineapple,538,97,-1,Unknown,530.5,833.5,False,5
pineapple,538,98,-1,Unknown,644.5,402.0,False,5
pineapple,539,93,2,Platinum,428.3,1248.6,False,5
pineapple,539,94,2,Platinum,65.6,854.7,False,5
pineapple,539,95,2,Platinum,302.5,452.0,False,5
pineapple,539,96,2,Platinum,597.7,980.4,False,5
pineapple,539,97,-1,Unknown,530.5,833.5,False,5
pineapple,539,98,-1,Unknown,644.5,402.0,False,5
pineapple,540,93,2,Platinum,428.3,1250.1,False,5
pineapple,540,94,2,Platinum,66.4,857.2,False,5
pineapple,540,95,2,Platinum,304.1,449.9,False,5
pineapple,540,96,2,Platinum,597.6,978.0,False,5
pineapple,540,97,-1,Unknown,530.5,833.5,False,5
pineapple,540,98,-1,Unknown,644.5,402.0,False,5
pineapple,541,93,2,Platinum,428.2,1251.6,False,5
pineapple,541,94,2,Platinum,67.2,859.8,False,5
pineapple,541,95,2,Platinum,305.8,447.7,False,5
pineapple,541,96,2,Platinum,597.9,976.8,False,5
pineapple,541,97,-1,Unknown,530.5,833.5,False,5
pineapple,541,98,-1,Unknown,644.5,402.0,False,5
pineapple,542,93,2,Platinum,428.2,1253.1,False,5
pineapple,542,94,2,Platinum,43.8,868.4,False,5
pineapple,542,95,2,Platinum,307.4,445.6,False,5
pineapple,542,96,2,Platinum,598.4,971.5,False,5
pineapple,542,97,-1,Unknown,547.5,823.0,False,5
pineapple,542,98,-1,Unknown,644.5,402.0,False,5
pineapple,542,99,2,Platinum,321.0,1138.0,False,5
pineapple,543,93,2,Platinum,428.2,1254.6,False,5
pineapple,543,94,2,Platinum,42.0,863.5,False,5
pineapple,543,96,2,Platinum,598.8,961.7,False,5
pineapple,543,97,-1,Unknown,549.5,815.3,False,5
pineapple,543,98,-1,Unknown,644.5,402.0,False,5
pineapple,543,99,2,Platinum,308.0,1126.0,False,5
pineapple,544,94,2,Platinum,41.3,865.8,False,5
pineapple,544,96,2,Platinum,599.0,959.1,False,5
pineapple,544,97,-1,Unknown,552.5,811.7,False,5
pineapple,544,98,-1,Unknown,644.5,402.0,False,5
pineapple,544,99,2,Platinum,283.2,1115.9,False,5
pineapple,545,94,2,Platinum,40.5,868.1,False,5
pineapple,545,96,2,Platinum,599.2,956.5,False,5
pineapple,545,97,-1,Unknown,555.5,808.0,False,5
pineapple,545,98,-1,Unknown,644.5,402.0,False,5
pineapple,545,99,2,Platinum,262.2,1103.4,False,5
pineapple,546,94,2,Platinum,39.7,870.4,False,5
pineapple,546,96,2,Platinum,599.5,953.9,False,5
pineapple,546,97,-1,Unknown,558.5,804.3,False,5
pineapple,546,98,-1,Unknown,644.5,402.0,False,5
pineapple,546,99,2,Platinum,240.5,1091.9,False,5
pineapple,547,94,2,Platinum,39.0,872.7,False,6
pineapple,547,96,2,Platinum,599.7,951.3,False,6
pineapple,547,97,2,Platinum,554.5,797.7,False,6
pineapple,547,98,-1,Unknown,644.5,402.0,False,6
pineapple,547,99,2,Platinum,238.5,1055.2,True,6
pineapple,548,94,2,Platinum,38.2,874.9,False,6
pineapple,548,96,2,Platinum,599.9,948.7,False,6
pineapple,548,97,2,Platinum,559.0,794.9,False,6
pineapple,548,98,-1,Unknown,644.5,402.0,False,6
pineapple,548,99,2,Platinum,222.1,1036.9,False,6
pineapple,549,94,2,Platinum,37.5,877.2,False,6
pineapple,549,96,2,Platinum,600.1,946.1,False,6
pineapple,549,97,2,Platinum,563.1,789.7,False,6
pineapple,549,98,-1,Unknown,644.5,402.0,False,6
pineapple,549,99,2,Platinum,205.6,1018.6,False,6
pineapple,550,94,2,Platinum,36.7,879.5,False,6
pineapple,550,96,2,Platinum,600.3,943.5,False,6
pineapple,550,97,2,Platinum,565.6,785.5,False,6
pineapple,550,98,-1,Unknown,644.5,402.0,False,6
pineapple,550,99,2,Platinum,189.2,1000.3,False,6
pineapple,551,94,2,Platinum,36.0,881.8,False,6
pineapple,551,96,2,Platinum,600.5,940.9,False,6
pineapple,551,97,2,Platinum,568.2,781.4,False,6
pineapple,551,98,-1,Unknown,644.5,402.0,False,6
pineapple,551,99,2,Platinum,172.7,982.1,False,6
pineapple,552,94,2,Platinum,35.2,884.1,False,6
pineapple,552,96,2,Platinum,600.7,938.3,False,6
pineapple,552,97,2,Platinum,570.7,777.3,False,6
pineapple,552,98,-1,Unknown,644.5,402.0,False,6
pineapple,552,99,2,Platinum,156.3,963.8,False,6
pineapple,553,94,2,Platinum,34.5,886.4,False,6
pineapple,553,96,2,Platinum,600.9,935.7,False,6
pineapple,553,97,2,Platinum,573.3,773.2,False,6
pineapple,553,98,-1,Unknown,644.5,402.0,False,6
pineapple,553,99,2,Platinum,139.8,945.5,False,6
pineapple,554,94,2,Platinum,33.7,888.6,False,6
pineapple,554,96,2,Platinum,601.1,933.1,False,6
pineapple,554,97,2,Platinum,575.8,769.1,False,6
pineapple,554,98,-1,Unknown,644.5,402.0,False,6
pineapple,554,99,2,Platinum,123.4,927.2,False,6
pineapple,555,94,2,Platinum,33.0,890.9,False,6
pineapple,555,96,2,Platinum,601.3,930.5,False,6
pineapple,555,97,2,Platinum,578.4,765.0,False,6
pineapple,555,98,-1,Unknown,644.5,402.0,False,6
pineapple,555,99,2,Platinum,107.0,909.0,False,6
pineapple,555,100,2,Platinum,93.0,1012.5,False,6
pineapple,556,94,2,Platinum,32.2,893.2,False,6
pineapple,556,96,2,Platinum,601.5,927.9,False,6
pineapple,556,97,2,Platinum,580.9,760.9,False,6
pineapple,556,98,-1,Unknown,644.5,402.0,False,6
pineapple,556,99,2,Platinum,90.5,890.7,False,6
pineapple,556,100,2,Platinum,93.0,1013.5,False,6
pineapple,557,94,2,Platinum,31.5,895.5,False,6
pineapple,557,96,2,Platinum,601.7,925.4,False,6
pineapple,557,97,2,Platinum,583.4,756.8,False,6
pineapple,557,98,-1,Unknown,644.5,402.0,False,6
pineapple,557,99,2,Platinum,74.1,872.4,False,6
pineapple,557,100,2,Platinum,93.0,1014.5,False,6
pineapple,558,94,2,Platinum,30.7,897.8,False,6
pineapple,558,96,2,Platinum,601.9,922.8,False,6
pineapple,558,97,2,Platinum,586.0,752.6,False,6
pineapple,558,98,-1,Unknown,644.5,402.0,False,6
pineapple,558,99,2,Platinum,57.6,854.1,False,6
pineapple,558,100,2,Platinum,93.0,1015.5,False,6
pineapple,559,94,2,Platinum,29.9,900.1,False,6
pineapple,559,96,2,Platinum,602.1,920.2,False,6
pineapple,559,97,2,Platinum,588.5,748.5,False,6
pineapple,559,99,2,Platinum,41.2,835.9,False,6
pineapple,559,100,2,Platinum,93.0,1016.5,False,6
pineapple,560,94,2,Platinum,29.2,902.3,False,6
pineapple,560,96,2,Platinum,602.3,917.6,False,6
pineapple,560,97,2,Platinum,591.1,744.4,False,6
pineapple,560,99,2,Platinum,24.7,817.6,False,6
pineapple,560,100,2,Platinum,93.0,1017.5,False,6
pineapple,561,94,2,Platinum,28.4,904.6,False,6
pineapple,561,96,2,Platinum,602.5,915.0,False,6
pineapple,561,97,2,Platinum,593.6,740.3,False,6
pineapple,561,99,2,Platinum,8.3,799.3,False,6
pineapple,561,100,2,Platinum,93.0,1018.5,False,6
pineapple,562,94,2,Platinum,27.7,906.9,False,6
pineapple,562,96,2,Platinum,602.7,912.4,False,6
pineapple,562,97,2,Platinum,596.1,736.2,False,6
pineapple,562,99,2,Platinum,-8.2,781.0,False,6
pineapple,562,100,2,Platinum,93.0,1019.5,False,6
pineapple,563,94,2,Platinum,26.9,909.2,False,6
pineapple,563,96,2,Platinum,602.9,909.8,False,6
pineapple,563,97,2,Platinum,598.7,732.1,False,6
pineapple,563,99,2,Platinum,-24.6,762.8,False,6
pineapple,563,100,2,Platinum,93.0,1020.5,False,6
pineapple,564,97,2,Platinum,601.2,728.0,False,6
pineapple,564,99,2,Platinum,-41.0,744.5,False,6
pineapple,564,100,2,Platinum,93.0,1021.5,False,6
pineapple,565,97,2,Platinum,603.8,723.9,False,6
pineapple,565,99,2,Platinum,-57.5,726.2,False,6
pineapple,565,100,2,Platinum,93.0,1022.5,False,6
pineapple,566,97,2,Platinum,606.3,719.7,False,6
pineapple,566,99,2,Platinum,-73.9,707.9,False,6
pineapple,566,100,2,Platinum,93.0,1023.5,False,6
pineapple,567,97,2,Platinum,608.8,715.6,False,6
pineapple,567,99,2,Platinum,-90.4,689.7,False,6
pineapple,567,100,2,Platinum,93.0,1024.5,False,6
pineapple,567,101,-1,Unknown,144.5,802.0,False,6
pineapple,568,97,2,Platinum,611.4,711.5,False,6
pineapple,568,100,2,Platinum,93.0,1025.5,False,6
pineapple,568,101,-1,Unknown,143.5,803.5,False,6
pineapple,569,97,2,Platinum,613.9,707.4,False,6
pineapple,569,100,2,Platinum,93.0,1026.5,False,6
pineapple,569,101,-1,Unknown,142.5,805.0,False,6
pineapple,570,100,2,Platinum,93.0,1027.5,False,6
pineapple,570,101,-1,Unknown,141.5,806.5,False,6
pineapple,571,100,2,Platinum,93.0,1028.5,False,6
pineapple,571,101,-1,Unknown,140.5,808.0,False,6
pineapple,572,100,2,Platinum,93.0,1029.5,False,6
pineapple,572,101,-1,Unknown,139.5,809.5,False,6
pineapple,573,100,2,Platinum,93.0,1030.5,False,6
pineapple,573,101,-1,Unknown,138.5,811.0,False,6
pineapple,574,100,2,Platinum,93.0,1031.5,False,6
pineapple,574,101,-1,Unknown,137.5,812.5,False,6
pineapple,575,100,2,Platinum,93.0,1032.5,False,6
pineapple,575,101,-1,Unknown,136.5,814.0,False,6
pineapple,575,102,2,Platinum,598.5,800.5,False,6
pineapple,576,100,2,Platinum,93.0,1033.5,False,6
pineapple,576,101,-1,Unknown,135.5,815.5,False,6
pineapple,576,102,2,Platinum,598.5,800.5,False,6
pineapple,577,101,-1,Unknown,134.5,817.0,False,6
pineapple,577,102,2,Platinum,598.5,800.5,False,6
pineapple,578,101,-1,Unknown,133.5,818.5,False,6
pineapple,578,102,2,Platinum,598.5,800.5,False,6
pineapple,579,101,-1,Unknown,132.5,820.0,False,6
pineapple,579,102,2,Platinum,598.5,800.5,False,6
pineapple,580,101,-1,Unknown,131.5,821.5,False,6
pineapple,580,102,2,Platinum,598.5,800.5,False,6
pineapple,581,101,-1,Unknown,130.5,823.0,False,6
pineapple,581,102,2,Platinum,598.5,800.5,False,6
pineapple,581,103,2,Platinum,657.0,233.5,False,6
pineapple,582,101,-1,Unknown,129.5,824.5,False,6
pineapple,582,102,2,Platinum,598.5,800.5,False,6
pineapple,582,103,2,Platinum,653.5,232.0,False,6
pineapple,583,101,-1,Unknown,128.5,826.0,False,6
pineapple,583,102,2,Platinum,598.5,800.5,False,6
pineapple,583,103,2,Platinum,650.0,230.5,False,6
pineapple,584,101,-1,Unknown,127.5,827.5,False,6
pineapple,584,102,2,Platinum,598.5,800.5,False,6
pineapple,584,103,2,Platinum,646.5,229.0,False,6
pineapple,585,101,-1,Unknown,126.5,829.0,False,6
pineapple,585,102,2,Platinum,598.5,800.5,False,6
pineapple,585,103,2,Platinum,643.0,227.5,False,6
pineapple,586,101,-1,Unknown,125.5,830.5,False,6
pineapple,586,102,2,Platinum,598.5,800.5,False,6
pineapple,586,103,2,Platinum,642.0,227.0,False,6
pineapple,587,101,-1,Unknown,124.5,832.0,False,6
pineapple,587,102,2,Platinum,598.5,800.5,False,6
pineapple,587,103,2,Platinum,639.8,226.7,False,6
pineapple,587,104,1,Pineapple,420.5,166.0,False,6
pineapple,588,101,-1,Unknown,123.5,833.5,False,6
pineapple,588,102,2,Platinum,598.5,800.5,False,6
pineapple,588,103,2,Platinum,637.0,225.6,False,6
pineapple,588,104,1,Pineapple,412.0,164.5,False,6
pineapple,589,102,2,Platinum,598.5,800.5,False,6
pineapple,589,103,2,Platinum,628.7,222.9,False,6
pineapple,589,104,1,Pineapple,404.4,163.9,False,6
pineapple,589,105,2,Platinum,507.0,1077.5,False,6
pineapple,590,102,2,Platinum,598.5,800.5,False,6
pineapple,590,103,2,Platinum,623.3,221.5,False,6
pineapple,590,104,1,Pineapple,399.5,163.5,False,6
pineapple,590,105,2,Platinum,492.0,1087.0,False,6
pineapple,591,102,2,Platinum,598.5,800.5,False,6
pineapple,591,103,2,Platinum,619.1,218.0,False,6
pineapple,591,104,1,Pineapple,393.2,162.8,False,6
pineapple,591,105,2,Platinum,477.0,1096.5,False,6
pineapple,592,102,2,Platinum,598.5,800.5,False,6
pineapple,592,103,2,Platinum,615.7,215.5,False,6
pineapple,592,104,1,Pineapple,386.9,162.2,False,6
pineapple,592,105,2,Platinum,485.1,1126.6,False,6
pineapple,593,102,2,Platinum,598.5,800.5,False,6
pineapple,593,103,2,Platinum,612.6,212.2,False,6
pineapple,593,104,1,Pineapple,380.6,161.6,False,6
pineapple,593,105,2,Platinum,483.3,1132.1,False,6
pineapple,594,102,2,Platinum,598.5,800.5,False,6
pineapple,594,103,2,Platinum,614.6,210.8,False,6
pineapple,594,104,1,Pineapple,374.3,161.0,False,6
pineapple,594,105,2,Platinum,480.7,1137.6,False,6
pineapple,595,102,2,Platinum,598.5,800.5,False,6
pineapple,595,103,2,Platinum,617.8,208.3,False,6
pineapple,595,104,1,Pineapple,368.0,160.4,False,6
pineapple,595,105,2,Platinum,480.7,1155.9,False,6
pineapple,596,103,2,Platinum,621.7,207.4,False,6
pineapple,596,104,1,Pineapple,361.7,159.8,False,6
pineapple,596,105,2,Platinum,487.5,1166.3,False,6
pineapple,597,103,2,Platinum,624.9,209.5,False,6
pineapple,597,104,1,Pineapple,355.3,159.2,False,6
pineapple,597,105,2,Platinum,483.5,1177.3,False,6
pineapple,597,106,2,Platinum,613.5,857.5,False,6
pineapple,598,103,2,Platinum,626.2,213.0,False,6
pineapple,598,104,1,Pineapple,349.0,158.6,False,6
pineapple,598,105,2,Platinum,483.1,1185.5,False,6
pineapple,598,106,2,Platinum,613.5,857.5,False,6
pineapple,599,103,2,Platinum,625.1,216.9,False,6
pineapple,599,104,1,Pineapple,342.7,158.0,False,6
pineapple,599,105,2,Platinum,485.3,1190.7,False,6
pineapple,599,106,2,Platinum,613.5,857.5,False,6
pineapple,599,107,-1,Unknown,615.5,1048.5,False,6
pineapple,600,103,2,Platinum,621.4,218.5,False,6
pineapple,600,104,1,Pineapple,336.4,157.4,False,6
pineapple,600,105,2,Platinum,488.2,1195.2,False,6
pineapple,600,106,2,Platinum,613.5,857.5,False,6
pineapple,600,107,-1,Unknown,615.5,1048.5,False,6
pineapple,600,108,-1,Unknown,399.0,846.5,False,6
pineapple,601,103,2,Platinum,618.4,224.0,False,6
pineapple,601,104,1,Pineapple,330.1,156.8,False,6
pineapple,601,105,2,Platinum,487.9,1205.3,False,6
pineapple,601,106,2,Platinum,613.5,857.5,False,6
pineapple,601,107,-1,Unknown,615.5,1048.5,False,6
pineapple,601,108,-1,Unknown,408.5,852.5,False,6
pineapple,602,103,2,Platinum,618.0,228.3,False,6
pineapple,602,104,1,Pineapple,323.8,156.2,False,6
pineapple,602,105,2,Platinum,487.7,1215.4,False,6
pineapple,602,106,2,Platinum,613.5,857.5,False,6
pineapple,602,107,-1,Unknown,615.5,1048.5,False,6
pineapple,602,108,-1,Unknown,418.0,858.5,False,6
pineapple,603,103,2,Platinum,616.2,232.3,False,6
pineapple,603,104,1,Pineapple,317.5,155.6,False,6
pineapple,603,105,2,Platinum,487.4,1225.5,False,6
pineapple,603,106,2,Platinum,613.5,857.5,False,6
pineapple,603,107,-1,Unknown,615.5,1048.5,False,6
pineapple,603,108,-1,Unknown,427.5,864.5,False,6
pineapple,603,109,-1,Unknown,170.0,540.0,False,6
pineapple,604,103,2,Platinum,613.6,236.0,False,6
pineapple,604,104,1,Pineapple,311.2,154.9,False,6
pineapple,604,105,2,Platinum,487.1,1235.7,False,6
pineapple,604,106,2,Platinum,613.5,857.5,False,6
pineapple,604,107,-1,Unknown,615.5,1048.5,False,6
pineapple,604,108,-1,Unknown,437.0,870.5,False,6
pineapple,604,109,-1,Unknown,172.0,548.0,False,6
pineapple,605,103,2,Platinum,606.8,239.4,False,6
pineapple,605,104,1,Pineapple,304.9,154.3,False,6
pineapple,605,105,2,Platinum,486.9,1245.8,False,6
pineapple,605,106,2,Platinum,613.5,857.5,False,6
pineapple,605,107,-1,Unknown,615.5,1048.5,False,6
pineapple,605,108,-1,Unknown,446.5,876.5,False,6
pineapple,605,109,-1,Unknown,174.0,556.0,False,6
pineapple,606,103,2,Platinum,601.0,239.0,False,6
pineapple,606,104,1,Pineapple,298.6,153.7,False,6
pineapple,606,105,2,Platinum,486.6,1255.9,False,6
pineapple,606,106,2,Platinum,613.5,857.5,False,6
pineapple,606,107,-1,Unknown,567.0,1096.5,False,6
pineapple,606,108,-1,Unknown,455.9,882.5,False,6
pineapple,606,109,-1,Unknown,176.0,564.0,False,6
pineapple,607,103,2,Platinum,598.7,240.2,False,6
pineapple,607,104,1,Pineapple,292.3,153.1,False,6
pineapple,607,105,2,Platinum,486.3,1266.0,False,6
pineapple,607,106,2,Platinum,633.5,880.5,False,6
pineapple,607,107,-1,Unknown,560.1,1103.4,False,6
pineapple,607,108,-1,Unknown,465.4,888.5,False,6
pineapple,607,109,2,Platinum,162.1,554.2,False,6
pineapple,608,103,2,Platinum,596.3,241.5,False,6
pineapple,608,104,1,Pineapple,286.0,152.5,False,6
pineapple,608,105,2,Platinum,486.1,1276.1,False,6
pineapple,608,106,2,Platinum,635.5,882.8,False,6
pineapple,608,107,-1,Unknown,553.1,1110.2,False,6
pineapple,608,108,-1,Unknown,474.9,894.4,False,6
pineapple,608,109,2,Platinum,163.2,552.3,False,6
pineapple,609,103,2,Platinum,594.0,242.8,False,6
pineapple,609,104,1,Pineapple,279.7,151.9,False,6
pineapple,609,105,2,Platinum,485.8,1286.2,False,6
pineapple,609,106,2,Platinum,637.5,885.1,False,6
pineapple,609,107,-1,Unknown,507.6,1112.1,False,6
pineapple,609,108,-1,Unknown,484.4,900.4,False,6
pineapple,609,109,2,Platinum,162.5,548.9,False,6
pineapple,610,103,2,Platinum,591.7,244.0,False,6
pineapple,610,104,1,Pineapple,273.4,151.3,False,6
pineapple,610,105,2,Platinum,485.5,1296.3,False,6
pineapple,610,106,2,Platinum,639.5,887.4,False,6
pineapple,610,107,-1,Unknown,494.4,1118.1,False,6
pineapple,610,108,-1,Unknown,493.9,906.4,False,6
pineapple,610,109,2,Platinum,160.9,549.1,False,6
pineapple,611,103,2,Platinum,589.3,245.3,False,6
pineapple,611,105,2,Platinum,485.3,1306.5,False,6
pineapple,611,106,2,Platinum,641.5,889.7,False,6
pineapple,611,107,-1,Unknown,481.3,1124.2,False,6
pineapple,611,108,-1,Unknown,503.4,912.4,False,6
pineapple,611,109,2,Platinum,159.2,549.4,False,6
pineapple,612,103,2,Platinum,587.0,246.5,False,6
pineapple,612,105,2,Platinum,485.0,1316.6,False,6
pineapple,612,106,2,Platinum,624.9,879.4,False,6
pineapple,612,107,-1,Unknown,468.2,1130.3,False,6
pineapple,612,108,-1,Unknown,512.9,918.4,False,6
pineapple,612,109,2,Platinum,157.6,549.6,False,6
pineapple,613,103,2,Platinum,584.6,247.8,False,6
pineapple,613,105,2,Platinum,484.7,1326.7,False,6
pineapple,613,106,2,Platinum,622.5,874.9,False,6
pineapple,613,107,-1,Unknown,455.0,1136.3,False,6
pineapple,613,108,-1,Unknown,522.4,924.4,False,6
pineapple,613,109,2,Platinum,136.4,539.9,False,6
pineapple,614,103,2,Platinum,582.3,249.1,False,6
pineapple,614,105,2,Platinum,484.5,1336.8,False,6
pineapple,614,106,2,Platinum,622.3,875.2,False,6
pineapple,614,107,-1,Unknown,441.9,1142.4,False,6
pineapple,614,108,-1,Unknown,531.9,930.4,False,6
pineapple,614,109,2,Platinum,138.7,536.2,False,6
pineapple,615,103,2,Platinum,579.9,250.3,False,6
pineapple,615,105,2,Platinum,484.2,1346.9,False,6
pineapple,615,106,2,Platinum,622.0,875.6,False,6
pineapple,615,107,-1,Unknown,428.7,1148.4,False,6
pineapple,615,108,-1,Unknown,541.3,936.4,False,6
pineapple,615,109,2,Platinum,128.1,537.3,False,6
pineapple,616,103,2,Platinum,577.6,251.6,False,6
pineapple,616,105,2,Platinum,483.9,1357.0,False,6
pineapple,616,106,2,Platinum,622.4,867.9,False,6
pineapple,616,107,-1,Unknown,415.6,1154.5,False,6
pineapple,616,108,-1,Unknown,550.8,942.4,False,6
pineapple,616,109,2,Platinum,117.7,541.7,False,6
pineapple,616,110,-1,Unknown,351.5,837.0,False,6
pineapple,617,103,2,Platinum,575.3,252.9,False,6
pineapple,617,105,2,Platinum,483.7,1367.1,False,6
pineapple,617,106,2,Platinum,622.2,867.5,False,6
pineapple,617,107,-1,Unknown,402.5,1160.5,False,6
pineapple,617,108,-1,Unknown,560.3,948.4,False,6
pineapple,617,109,2,Platinum,113.6,537.1,False,6
pineapple,617,110,-1,Unknown,343.0,828.0,False,6
pineapple,618,103,2,Platinum,572.9,254.1,False,6
pineapple,618,105,2,Platinum,483.4,1377.3,False,6
pineapple,618,106,2,Platinum,622.0,867.1,False,6
pineapple,618,107,-1,Unknown,389.3,1166.6,False,6
pineapple,618,108,-1,Unknown,469.5,970.0,False,6
pineapple,618,109,2,Platinum,118.8,530.5,False,6
pineapple,618,110,2,Platinum,338.3,826.5,False,6
pineapple,619,103,2,Platinum,570.6,255.4,False,6
pineapple,619,105,2,Platinum,483.1,1387.4,False,6
pineapple,619,106,2,Platinum,621.8,866.6,False,6
pineapple,619,107,-1,Unknown,376.2,1172.7,False,6
pineapple,619,108,2,Platinum,473.1,969.7,False,6
pineapple,619,109,2,Platinum,120.0,528.0,False,6
pineapple,619,110,2,Platinum,333.8,826.9,False,6
pineapple,620,103,2,Platinum,568.2,256.6,False,6
pineapple,620,105,2,Platinum,482.9,1397.5,False,6
pineapple,620,106,2,Platinum,621.6,866.2,False,6
pineapple,620,107,-1,Unknown,363.1,1178.7,False,6
pineapple,620,108,2,Platinum,475.9,970.4,False,6
pineapple,620,109,2,Platinum,106.4,532.4,False,6
pineapple,620,110,2,Platinum,333.3,827.9,False,6
pineapple,621,103,2,Platinum,565.9,257.9,False,6
pineapple,621,106,2,Platinum,621.4,865.7,False,6
pineapple,621,107,-1,Unknown,349.9,1184.8,False,6
pineapple,621,108,2,Platinum,478.8,972.1,False,6
pineapple,621,109,2,Platinum,95.5,534.4,False,6
pineapple,621,110,2,Platinum,332.2,831.2,False,6
pineapple,621,111,2,Platinum,38.0,652.5,False,6
pineapple,622,103,2,Platinum,563.6,259.2,False,6
pineapple,622,106,2,Platinum,621.2,865.3,False,6
pineapple,622,107,-1,Unknown,336.8,1190.8,False,6
pineapple,622,108,2,Platinum,482.4,975.9,False,6
pineapple,622,109,2,Platinum,98.1,523.7,False,6
pineapple,622,110,2,Platinum,337.3,834.8,False,6
pineapple,622,111,2,Platinum,38.0,652.5,False,6
pineapple,623,103,2,Platinum,561.2,260.4,False,6
pineapple,623,106,2,Platinum,621.1,864.9,False,6
pineapple,623,107,-1,Unknown,323.6,1196.9,False,6
pineapple,623,108,2,Platinum,484.0,980.4,False,6
pineapple,623,109,2,Platinum,103.8,518.1,False,6
pineapple,623,110,2,Platinum,339.6,835.7,False,6
pineapple,623,111,2,Platinum,38.0,652.5,False,6
pineapple,624,103,2,Platinum,558.9,261.7,False,7
pineapple,624,106,2,Platinum,620.9,864.4,False,7
pineapple,624,107,-1,Unknown,271.5,1131.4,True,7
pineapple,624,108,2,Platinum,483.2,978.3,False,7
pineapple,624,109,2,Platinum,105.1,514.4,False,7
pineapple,624,110,2,Platinum,340.1,834.2,False,7
pineapple,624,111,2,Platinum,38.0,652.5,False,7
pineapple,625,103,2,Platinum,556.5,263.0,False,7
pineapple,625,106,2,Platinum,620.7,864.0,False,7
pineapple,625,107,-1,Unknown,248.1,1130.0,False,7
pineapple,625,108,2,Platinum,490.3,973.7,False,7
pineapple,625,109,2,Platinum,99.8,511.1,False,7
pineapple,625,110,2,Platinum,339.9,835.0,False,7
pineapple,625,111,2,Platinum,38.0,652.5,False,7
pineapple,625,112,-1,Unknown,361.5,1009.0,False,7
pineapple,626,103,2,Platinum,554.2,264.2,False,7
pineapple,626,106,2,Platinum,620.5,863.5,False,7
pineapple,626,107,-1,Unknown,232.1,1131.8,False,7
pineapple,626,108,2,Platinum,493.6,977.3,False,7
pineapple,626,109,2,Platinum,96.3,505.7,False,7
pineapple,626,110,2,Platinum,343.5,825.6,False,7
pineapple,626,111,2,Platinum,38.0,652.5,False,7
pineapple,626,112,-1,Unknown,369.5,1007.0,False,7
pineapple,627,106,2,Platinum,620.3,863.1,False,7
pineapple,627,107,-1,Unknown,216.1,1133.5,False,7
pineapple,627,108,2,Platinum,499.7,965.6,False,7
pineapple,627,109,2,Platinum,93.2,503.1,False,7
pineapple,627,110,2,Platinum,343.8,825.0,False,7
pineapple,627,111,2,Platinum,38.0,652.5,False,7
pineapple,627,112,2,Platinum,378.0,993.2,False,7
pineapple,628,106,2,Platinum,620.1,862.7,False,7
pineapple,628,107,-1,Unknown,200.2,1135.2,False,7
pineapple,628,108,2,Platinum,500.4,960.9,False,7
pineapple,628,109,2,Platinum,85.0,488.5,False,7
pineapple,628,110,2,Platinum,344.1,824.4,False,7
pineapple,628,111,2,Platinum,38.0,652.5,False,7
pineapple,628,112,2,Platinum,383.5,987.0,False,7
pineapple,629,106,2,Platinum,629.8,784.7,False,7
pineapple,629,107,-1,Unknown,184.2,1137.0,False,7
pineapple,629,108,2,Platinum,503.7,962.5,False,7
pineapple,629,109,2,Platinum,81.5,484.9,False,7
pineapple,629,110,2,Platinum,305.5,787.6,False,7
pineapple,629,111,2,Platinum,38.0,652.5,False,7
pineapple,629,112,2,Platinum,388.1,983.1,False,7
pineapple,629,113,2,Platinum,643.5,539.0,False,7
pineapple,630,106,2,Platinum,630.2,779.9,False,7
pineapple,630,107,-1,Unknown,168.2,1138.7,False,7
pineapple,630,108,2,Platinum,509.7,944.3,False,7
pineapple,630,109,2,Platinum,75.6,483.8,False,7
pineapple,630,110,2,Platinum,304.0,782.4,False,7
pineapple,630,111,2,Platinum,38.0,652.5,False,7
pineapple,630,112,2,Platinum,391.5,982.7,False,7
pineapple,630,113,2,Platinum,641.5,542.5,False,7
pineapple,630,114,-1,Unknown,145.0,955.5,False,7
pineapple,631,106,2,Platinum,630.5,775.0,False,7
pineapple,631,107,-1,Unknown,152.2,1140.5,False,7
pineapple,631,108,2,Platinum,513.2,944.2,False,7
pineapple,631,109,2,Platinum,71.9,480.3,False,7
pineapple,631,110,2,Platinum,316.4,787.6,False,7
pineapple,631,111,2,Platinum,38.0,652.5,False,7
pineapple,631,112,2,Platinum,396.8,977.4,False,7
pineapple,631,113,2,Platinum,639.5,546.0,False,7
pineapple,631,114,-1,Unknown,154.0,954.5,False,7
pineapple,632,106,2,Platinum,630.9,770.1,False,7
pineapple,632,107,-1,Unknown,136.2,1142.2,False,7
pineapple,632,108,2,Platinum,516.8,944.0,False,7
pineapple,632,109,2,Platinum,68.2,476.9,False,7
pineapple,632,110,2,Platinum,323.7,789.3,False,7
pineapple,632,111,2,Platinum,38.0,652.5,False,7
pineapple,632,112,2,Platinum,402.2,972.2,False,7
pineapple,632,113,2,Platinum,637.5,549.5,False,7
pineapple,632,114,-1,Unknown,159.2,952.1,False,7
pineapple,633,106,2,Platinum,631.3,765.2,False,7
pineapple,633,107,-1,Unknown,120.3,1143.9,False,7
pineapple,633,108,2,Platinum,520.3,943.9,False,7
pineapple,633,109,2,Platinum,64.4,473.5,False,7
pineapple,633,110,2,Platinum,327.5,789.7,False,7
pineapple,633,111,2,Platinum,38.0,652.5,False,7
pineapple,633,112,2,Platinum,406.6,996.0,False,7
pineapple,633,113,2,Platinum,635.5,553.0,False,7
pineapple,633,114,-1,Unknown,165.2,949.9,False,7
pineapple,634,106,2,Platinum,631.7,760.3,False,7
pineapple,634,107,-1,Unknown,104.3,1145.7,False,7
pineapple,634,108,2,Platinum,513.9,925.9,False,7
pineapple,634,109,2,Platinum,60.7,470.0,False,7
pineapple,634,110,2,Platinum,326.7,782.1,False,7
pineapple,634,111,2,Platinum,38.0,652.5,False,7
pineapple,634,112,2,Platinum,410.5,1001.1,False,7
pineapple,634,113,2,Platinum,633.5,556.5,False,7
pineapple,634,114,-1,Unknown,171.1,947.8,False,7
pineapple,635,106,2,Platinum,632.0,755.4,False,7
pineapple,635,107,-1,Unknown,88.3,1147.4,False,7
pineapple,635,108,2,Platinum,514.8,920.0,False,7
pineapple,635,109,2,Platinum,56.9,466.6,False,7
pineapple,635,110,2,Platinum,324.7,781.0,False,7
pineapple,635,111,2,Platinum,38.0,652.5,False,7
pineapple,635,112,2,Platinum,416.5,999.4,False,7
pineapple,635,113,2,Platinum,631.5,560.0,False,7
pineapple,635,114,-1,Unknown,177.1,945.6,False,7
pineapple,636,106,2,Platinum,632.4,750.5,False,7
pineapple,636,107,-1,Unknown,72.3,1149.2,False,7
pineapple,636,108,2,Platinum,517.4,918.1,False,7
pineapple,636,109,2,Platinum,53.2,463.2,False,7
pineapple,636,110,2,Platinum,324.4,784.6,False,7
pineapple,636,111,2,Platinum,38.0,652.5,False,7
pineapple,636,112,2,Platinum,420.9,1001.1,False,7
pineapple,636,113,2,Platinum,647.5,555.5,False,7
pineapple,636,114,-1,Unknown,183.0,943.5,False,7
pineapple,636,115,-1,Unknown,381.5,1138.5,False,7
pineapple,636,116,-1,Unknown,401.5,145.5,False,7
pineapple,637,106,2,Platinum,632.8,745.6,False,7
pineapple,637,107,-1,Unknown,56.3,1150.9,False,7
pineapple,637,108,2,Platinum,520.0,916.1,False,7
pineapple,637,109,2,Platinum,49.4,459.7,False,7
pineapple,637,110,2,Platinum,326.2,790.0,False,7
pineapple,637,111,2,Platinum,38.0,652.5,False,7
pineapple,637,112,2,Platinum,425.0,1003.1,False,7
pineapple,637,113,2,Platinum,648.4,557.7,False,7
pineapple,637,114,-1,Unknown,188.9,941.4,False,7
pineapple,637,115,-1,Unknown,379.5,1138.0,False,7
pineapple,637,116,-1,Unknown,401.5,145.5,False,7
pineapple,638,106,2,Platinum,633.2,740.7,False,7
pineapple,638,107,-1,Unknown,40.3,1152.6,False,7
pineapple,638,108,2,Platinum,522.6,914.2,False,7
pineapple,638,109,2,Platinum,45.7,456.3,False,7
pineapple,638,110,2,Platinum,328.5,790.8,False,7
pineapple,638,111,2,Platinum,38.0,652.5,False,7
pineapple,638,112,2,Platinum,427.7,1004.1,False,7
pineapple,638,113,2,Platinum,649.3,559.9,False,7
pineapple,638,114,-1,Unknown,168.8,962.2,False,7
pineapple,638,115,2,Platinum,378.4,1133.3,False,7
pineapple,638,116,-1,Unknown,401.5,145.5,False,7
pineapple,639,106,2,Platinum,633.5,735.9,False,7
pineapple,639,107,-1,Unknown,24.4,1154.4,False,7
pineapple,639,108,2,Platinum,525.2,912.2,False,7
pineapple,639,109,2,Platinum,41.9,452.9,False,7
pineapple,639,110,2,Platinum,334.7,792.7,False,7
pineapple,639,111,2,Platinum,38.0,652.5,False,7
pineapple,639,112,2,Platinum,431.8,1006.5,False,7
pineapple,639,113,2,Platinum,650.2,562.1,False,7
pineapple,639,114,2,Platinum,176.0,959.6,False,7
pineapple,639,115,2,Platinum,374.1,1131.2,False,7
pineapple,639,116,-1,Unknown,401.5,145.5,False,7
pineapple,640,106,2,Platinum,633.9,731.0,False,7
pineapple,640,107,-1,Unknown,8.4,1156.1,False,7
pineapple,640,108,2,Platinum,527.8,910.3,False,7
pineapple,640,109,2,Platinum,38.2,449.5,False,7
pineapple,640,110,2,Platinum,335.1,791.7,False,7
pineapple,640,111,2,Platinum,38.0,652.5,False,7
pineapple,640,112,2,Platinum,434.2,1009.7,False,7
pineapple,640,113,2,Platinum,651.1,564.3,False,7
pineapple,640,114,2,Platinum,186.0,959.7,False,7
pineapple,640,115,2,Platinum,371.2,1128.2,False,7
pineapple,640,116,-1,Unknown,401.5,145.5,False,7
pineapple,641,106,2,Platinum,634.3,726.1,False,7
pineapple,641,107,-1,Unknown,-7.6,1157.9,False,7
pineapple,641,108,2,Platinum,530.4,908.3,False,7
pineapple,641,109,2,Platinum,34.4,446.0,False,7
pineapple,641,110,2,Platinum,335.5,790.7,False,7
pineapple,641,111,2,Platinum,38.0,652.5,False,7
pineapple,641,112,2,Platinum,438.6,1010.6,False,7
pineapple,641,113,2,Platinum,652.0,566.6,False,7
pineapple,641,114,2,Platinum,192.3,964.8,False,7
pineapple,641,115,2,Platinum,392.9,1133.5,False,7
pineapple,641,116,-1,Unknown,401.5,145.5,False,7
pineapple,642,106,2,Platinum,634.7,721.2,False,7
pineapple,642,107,-1,Unknown,-23.6,1159.6,False,7
pineapple,642,108,2,Platinum,533.0,906.4,False,7
pineapple,642,109,2,Platinum,30.7,442.6,False,7
pineapple,642,110,2,Platinum,369.4,797.0,False,7
pineapple,642,112,2,Platinum,442.9,1011.5,False,7
pineapple,642,113,2,Platinum,652.9,568.8,False,7
pineapple,642,114,2,Platinum,196.4,966.0,False,7
pineapple,642,115,2,Platinum,403.9,1134.7,False,7
pineapple,642,116,-1,Unknown,401.5,145.5,False,7
pineapple,643,106,2,Platinum,635.0,716.3,False,7
pineapple,643,107,-1,Unknown,-39.6,1161.3,False,7
pineapple,643,108,2,Platinum,535.6,904.4,False,7
pineapple,643,109,2,Platinum,26.9,439.2,False,7
pineapple,643,110,2,Platinum,372.7,796.6,False,7
pineapple,643,112,2,Platinum,456.3,1016.3,False,7
pineapple,643,113,2,Platinum,653.8,571.0,False,7
pineapple,643,114,2,Platinum,200.5,967.1,False,7
pineapple,643,115,2,Platinum,415.3,1140.4,False,7
pineapple,643,116,-1,Unknown,401.5,145.5,False,7
pineapple,644,106,2,Platinum,635.4,711.4,False,7
pineapple,644,107,-1,Unknown,-55.6,1163.1,False,7
pineapple,644,108,2,Platinum,538.1,902.5,False,7
pineapple,644,109,2,Platinum,23.2,435.7,False,7
pineapple,644,110,2,Platinum,297.0,778.1,False,7
pineapple,644,112,2,Platinum,461.5,1017.5,False,7
pineapple,644,113,2,Platinum,654.7,573.2,False,7
pineapple,644,114,2,Platinum,204.6,968.3,False,7
pineapple,644,115,2,Platinum,421.8,1141.2,False,7
pineapple,644,116,-1,Unknown,401.5,145.5,False,7
pineapple,645,106,2,Platinum,635.8,706.5,False,7
pineapple,645,107,-1,Unknown,-71.5,1164.8,False,7
pineapple,645,108,2,Platinum,540.7,900.5,False,7
pineapple,645,109,2,Platinum,19.5,432.3,False,7
pineapple,645,110,2,Platinum,289.8,773.4,False,7
pineapple,645,112,2,Platinum,466.7,1018.8,False,7
pineapple,645,113,2,Platinum,655.6,575.4,False,7
pineapple,645,114,2,Platinum,208.7,969.5,False,7
pineapple,645,115,2,Platinum,428.3,1142.0,False,7
pineapple,645,116,-1,Unknown,401.5,145.5,False,7
pineapple,646,106,2,Platinum,636.2,701.6,False,7
pineapple,646,108,2,Platinum,543.3,898.6,False,7
pineapple,646,109,2,Platinum,15.7,428.9,False,7
pineapple,646,110,2,Platinum,293.9,770.1,False,7
pineapple,646,112,2,Platinum,471.9,1020.0,False,7
pineapple,646,113,2,Platinum,656.6,577.6,False,7
pineapple,646,114,2,Platinum,212.7,970.6,False,7
pineapple,646,115,2,Platinum,434.8,1142.8,False,7
pineapple,646,116,-1,Unknown,401.5,145.5,False,7
pineapple,647,106,2,Platinum,636.5,696.8,False,7
pineapple,647,108,2,Platinum,545.9,896.6,False,7
pineapple,647,109,2,Platinum,12.0,425.4,False,7
pineapple,647,110,2,Platinum,296.8,766.9,False,7
pineapple,647,112,2,Platinum,477.1,1021.3,False,7
pineapple,647,113,2,Platinum,657.5,579.8,False,7
pineapple,647,114,2,Platinum,216.8,971.8,False,7
pineapple,647,115,2,Platinum,441.2,1143.6,False,7
pineapple,647,116,-1,Unknown,401.5,145.5,False,7
pineapple,648,106,2,Platinum,636.9,691.9,False,7
pineapple,648,108,2,Platinum,548.5,894.7,False,7
pineapple,648,109,2,Platinum,8.2,422.0,False,7
pineapple,648,110,2,Platinum,299.0,761.6,False,7
pineapple,648,112,2,Platinum,482.3,1022.6,False,7
pineapple,648,113,2,Platinum,658.4,582.0,False,7
pineapple,648,114,2,Platinum,220.9,973.0,False,7
pineapple,648,115,2,Platinum,394.1,1175.6,False,7
pineapple,648,116,-1,Unknown,401.5,145.5,False,7
pineapple,649,106,2,Platinum,637.3,687.0,False,7
pineapple,649,108,2,Platinum,551.1,892.7,False,7
pineapple,649,109,2,Platinum,4.5,418.6,False,7
pineapple,649,110,2,Platinum,301.5,756.4,False,7
pineapple,649,112,2,Platinum,487.5,1023.8,False,7
pineapple,649,113,2,Platinum,659.3,584.2,False,7
pineapple,649,114,2,Platinum,225.0,974.1,False,7
pineapple,649,115,2,Platinum,395.0,1179.7,False,7
pineapple,649,116,-1,Unknown,401.5,145.5,False,7
pineapple,650,108,2,Platinum,553.7,890.8,False,8
pineapple,650,109,2,Platinum,0.7,415.1,False,8
pineapple,650,110,2,Platinum,303.9,757.4,False,8
pineapple,650,112,2,Platinum,476.1,1134.5,True,8
pineapple,650,113,2,Platinum,660.2,586.4,False,8
pineapple,650,114,2,Platinum,254.0,982.7,False,8
pineapple,650,115,2,Platinum,444.9,1183.6,False,8
pineapple,650,116,-1,Unknown,401.5,145.5,False,8
pineapple,651,108,2,Platinum,556.3,888.8,False,8
pineapple,651,110,2,Platinum,303.8,755.9,False,8
pineapple,651,112,2,Platinum,478.6,1142.9,False,8
pineapple,651,113,2,Platinum,661.1,588.6,False,8
pineapple,651,114,2,Platinum,259.9,984.4,False,8
pineapple,651,115,2,Platinum,458.0,1188.9,False,8
pineapple,651,116,-1,Unknown,401.5,145.5,False,8
pineapple,651,117,-1,Unknown,93.5,985.0,False,8
pineapple,652,108,2,Platinum,558.9,886.9,False,8
pineapple,652,110,2,Platinum,303.8,753.5,False,8
pineapple,652,112,2,Platinum,482.5,1151.9,False,8
pineapple,652,113,2,Platinum,662.0,590.8,False,8
pineapple,652,114,2,Platinum,267.9,982.9,False,8
pineapple,652,115,2,Platinum,464.6,1193.1,False,8
pineapple,652,116,-1,Unknown,401.5,145.5,False,8
pineapple,652,117,-1,Unknown,98.5,992.0,False,8
pineapple,653,108,2,Platinum,561.5,885.0,False,8
pineapple,653,110,2,Platinum,302.7,751.1,False,8
pineapple,653,112,2,Platinum,486.4,1161.0,False,8
pineapple,653,113,2,Platinum,662.9,593.0,False,8
pineapple,653,114,2,Platinum,274.0,984.3,False,8
pineapple,653,115,2,Platinum,471.1,1197.3,False,8
pineapple,653,116,-1,Unknown,401.5,145.5,False,8
pineapple,653,117,-1,Unknown,100.7,1002.8,False,8
pineapple,654,108,2,Platinum,564.0,883.0,False,8
pineapple,654,110,2,Platinum,301.6,748.6,False,8
pineapple,654,112,2,Platinum,490.3,1170.0,False,8
pineapple,654,113,2,Platinum,663.8,595.2,False,8
pineapple,654,114,2,Platinum,280.0,985.7,False,8
pineapple,654,115,2,Platinum,477.6,1201.4,False,8
pineapple,654,116,-1,Unknown,401.5,145.5,False,8
pineapple,654,117,2,Platinum,104.3,1007.9,False,8
pineapple,655,108,2,Platinum,566.6,881.1,False,8
pineapple,655,110,2,Platinum,313.0,751.0,False,8
pineapple,655,112,2,Platinum,494.2,1179.1,False,8
pineapple,655,113,2,Platinum,664.7,597.4,False,8
pineapple,655,114,2,Platinum,289.8,979.9,False,8
pineapple,655,115,2,Platinum,484.2,1205.6,False,8
pineapple,655,116,-1,Unknown,401.5,145.5,False,8
pineapple,655,117,2,Platinum,108.3,1013.1,False,8
pineapple,656,110,2,Platinum,313.0,749.0,False,8
pineapple,656,112,2,Platinum,498.1,1188.1,False,8
pineapple,656,113,2,Platinum,665.7,599.7,False,8
pineapple,656,114,2,Platinum,296.2,980.7,False,8
pineapple,656,115,2,Platinum,490.7,1209.8,False,8
pineapple,656,116,-1,Unknown,401.5,145.5,False,8
pineapple,656,117,2,Platinum,110.5,1014.8,False,8
pineapple,657,110,2,Platinum,312.9,747.0,False,8
pineapple,657,112,2,Platinum,502.0,1197.2,False,8
pineapple,657,114,2,Platinum,293.5,975.6,False,8
pineapple,657,115,2,Platinum,497.3,1214.0,False,8
pineapple,657,117,2,Platinum,113.5,1018.6,False,8
pineapple,658,110,2,Platinum,288.6,743.3,False,8
pineapple,658,112,2,Platinum,505.9,1206.2,False,8
pineapple,658,114,2,Platinum,307.7,971.6,False,8
pineapple,658,115,2,Platinum,503.8,1218.2,False,8
pineapple,658,117,2,Platinum,114.8,1021.1,False,8
pineapple,659,110,2,Platinum,282.1,736.0,False,8
pineapple,659,112,2,Platinum,509.8,1215.3,False,8
pineapple,659,114,2,Platinum,314.1,971.5,False,8
pineapple,659,115,2,Platinum,510.4,1222.4,False,8
pineapple,659,117,2,Platinum,115.8,1021.4,False,8
pineapple,660,110,2,Platinum,278.9,732.1,False,8
pineapple,660,112,2,Platinum,513.7,1224.3,False,8
pineapple,660,114,2,Platinum,320.4,971.4,False,8
pineapple,660,115,2,Platinum,516.9,1226.6,False,8
pineapple,660,117,2,Platinum,118.3,1025.2,False,8
pineapple,661,110,2,Platinum,280.4,727.8,False,8
pineapple,661,112,2,Platinum,517.6,1233.4,False,8
pineapple,661,114,2,Platinum,326.8,971.4,False,8
pineapple,661,115,2,Platinum,523.5,1230.8,False,8
pineapple,661,117,2,Platinum,120.7,1029.1,False,8
pineapple,661,118,2,Platinum,147.5,583.0,False,8
pineapple,662,110,2,Platinum,265.0,724.7,False,8
pineapple,662,112,2,Platinum,521.4,1242.4,False,8
pineapple,662,114,2,Platinum,333.2,971.3,False,8
pineapple,662,115,2,Platinum,530.0,1234.9,False,8
pineapple,662,117,2,Platinum,123.2,1032.9,False,8
pineapple,662,118,2,Platinum,147.5,583.0,False,8
pineapple,663,110,2,Platinum,254.4,721.9,False,8
pineapple,663,112,2,Platinum,525.3,1251.4,False,8
pineapple,663,114,2,Platinum,339.5,971.2,False,8
pineapple,663,115,2,Platinum,536.6,1239.1,False,8
pineapple,663,117,2,Platinum,125.7,1036.7,False,8
pineapple,663,118,2,Platinum,147.5,583.0,False,8
pineapple,664,110,2,Platinum,244.9,720.0,False,8
pineapple,664,112,2,Platinum,529.2,1260.5,False,8
pineapple,664,114,2,Platinum,345.9,971.1,False,8
pineapple,664,115,2,Platinum,543.1,1243.3,False,8
pineapple,664,117,2,Platinum,128.2,1040.6,False,8
pineapple,664,118,2,Platinum,147.5,583.0,False,8
pineapple,665,110,2,Platinum,236.2,718.1,False,8
pineapple,665,112,2,Platinum,533.1,1269.5,False,8
pineapple,665,114,2,Platinum,352.2,971.0,False,8
pineapple,665,115,2,Platinum,549.6,1247.5,False,8
pineapple,665,117,2,Platinum,130.6,1044.4,False,8
pineapple,665,118,2,Platinum,147.5,583.0,False,8
pineapple,665,119,2,Platinum,161.0,916.0,False,8
pineapple,666,110,2,Platinum,231.4,713.8,False,8
pineapple,666,112,2,Platinum,537.0,1278.6,False,8
pineapple,666,114,2,Platinum,358.6,970.9,False,8
pineapple,666,115,2,Platinum,556.2,1251.7,False,8
pineapple,666,117,2,Platinum,133.1,1048.2,False,8
pineapple,666,118,2,Platinum,147.5,583.0,False,8
pineapple,666,119,2,Platinum,169.0,916.0,False,8
pineapple,666,120,-1,Unknown,36.0,573.0,False,8
pineapple,667,110,2,Platinum,230.1,710.0,False,8
pineapple,667,112,2,Platinum,540.9,1287.6,False,8
pineapple,667,114,2,Platinum,364.9,970.8,False,8
pineapple,667,115,2,Platinum,562.7,1255.9,False,8
pineapple,667,117,2,Platinum,135.6,1052.1,False,8
pineapple,667,118,2,Platinum,147.5,583.0,False,8
pineapple,667,119,2,Platinum,190.2,916.0,False,8
pineapple,667,120,-1,Unknown,36.0,573.0,False,8
pineapple,668,110,2,Platinum,226.8,705.4,False,8
pineapple,668,112,2,Platinum,544.8,1296.7,False,8
pineapple,668,114,2,Platinum,371.3,970.7,False,8
pineapple,668,115,2,Platinum,569.3,1260.1,False,8
pineapple,668,117,2,Platinum,96.4,1039.6,False,8
pineapple,668,118,2,Platinum,147.5,583.0,False,8
pineapple,668,119,2,Platinum,198.0,918.1,False,8
pineapple,668,120,-1,Unknown,36.0,573.0,False,8
pineapple,669,110,2,Platinum,224.8,701.8,False,8
pineapple,669,112,2,Platinum,548.7,1305.7,False,8
pineapple,669,114,2,Platinum,376.5,922.1,False,8
pineapple,669,115,2,Platinum,575.8,1264.3,False,8
pineapple,669,117,2,Platinum,95.7,1042.1,False,8
pineapple,669,118,2,Platinum,147.5,583.0,False,8
pineapple,669,119,2,Platinum,201.6,924.5,False,8
pineapple,669,120,-1,Unknown,36.0,573.0,False,8
pineapple,669,121,-1,Unknown,557.0,1132.0,False,8
pineapple,670,110,2,Platinum,225.4,700.2,False,8
pineapple,670,112,2,Platinum,552.6,1314.8,False,8
pineapple,670,114,2,Platinum,382.8,919.1,False,8
pineapple,670,115,2,Platinum,582.4,1268.4,False,8
pineapple,670,117,2,Platinum,95.1,1044.7,False,8
pineapple,670,118,2,Platinum,147.5,583.0,False,8
pineapple,670,119,2,Platinum,211.4,927.5,False,8
pineapple,670,120,-1,Unknown,36.0,573.0,False,8
pineapple,670,121,-1,Unknown,557.0,1132.0,False,8
pineapple,670,122,-1,Unknown,211.5,1223.0,False,8
pineapple,671,110,2,Platinum,221.6,697.2,False,8
pineapple,671,112,2,Platinum,556.5,1323.8,False,8
pineapple,671,114,2,Platinum,389.1,916.0,False,8
pineapple,671,115,2,Platinum,588.9,1272.6,False,8
pineapple,671,117,2,Platinum,94.4,1047.3,False,8
pineapple,671,118,2,Platinum,147.5,583.0,False,8
pineapple,671,119,2,Platinum,238.1,942.0,False,8
pineapple,671,120,-1,Unknown,36.0,573.0,False,8
pineapple,671,121,-1,Unknown,557.0,1132.0,False,8
pineapple,671,122,-1,Unknown,211.5,1223.0,False,8
pineapple,672,110,2,Platinum,228.7,694.4,False,8
pineapple,672,114,2,Platinum,395.4,913.0,False,8
pineapple,672,117,2,Platinum,93.7,1049.9,False,8
pineapple,672,118,2,Platinum,147.5,583.0,False,8
pineapple,672,119,2,Platinum,252.2,943.9,False,8
pineapple,672,120,-1,Unknown,36.0,573.0,False,8
pineapple,672,121,-1,Unknown,557.0,1132.0,False,8
pineapple,672,122,-1,Unknown,219.0,1217.0,False,8
pineapple,673,110,2,Platinum,236.7,685.1,False,8
pineapple,673,114,2,Platinum,401.7,909.9,False,8
pineapple,673,117,2,Platinum,93.0,1052.5,False,8
pineapple,673,118,2,Platinum,147.5,583.0,False,8
pineapple,673,119,2,Platinum,265.8,948.8,False,8
pineapple,673,120,-1,Unknown,36.0,573.0,False,8
pineapple,673,121,-1,Unknown,557.0,1132.0,False,8
pineapple,673,122,-1,Unknown,222.7,1214.0,False,8
pineapple,674,110,2,Platinum,234.8,681.6,False,8
pineapple,674,114,2,Platinum,446.1,888.0,False,8
pineapple,674,117,2,Platinum,92.4,1055.1,False,8
pineapple,674,118,2,Platinum,147.5,583.0,False,8
pineapple,674,119,2,Platinum,279.4,953.6,False,8
pineapple,674,120,-1,Unknown,36.0,573.0,False,8
pineapple,674,121,-1,Unknown,593.0,1111.0,False,8
pineapple,674,122,-1,Unknown,226.5,1211.0,False,8
pineapple,674,123,2,Platinum,460.0,807.0,False,8
pineapple,675,110,2,Platinum,232.9,678.1,False,8
pineapple,675,114,2,Platinum,455.2,883.5,False,8
pineapple,675,117,2,Platinum,91.7,1057.7,False,8
pineapple,675,118,2,Platinum,147.5,583.0,False,8
pineapple,675,119,2,Platinum,292.9,958.5,False,8
pineapple,675,120,-1,Unknown,36.0,573.0,False,8
pineapple,675,121,-1,Unknown,600.2,1106.8,False,8
pineapple,675,122,-1,Unknown,230.2,1208.0,False,8
pineapple,675,123,2,Platinum,460.0,807.0,False,8
pineapple,676,110,2,Platinum,267.8,672.0,False,8
pineapple,676,114,2,Platinum,464.4,879.0,False,8
pineapple,676,117,2,Platinum,91.0,1060.3,False,8
pineapple,676,118,2,Platinum,147.5,583.0,False,8
pineapple,676,119,2,Platinum,306.5,963.3,False,8
pineapple,676,120,-1,Unknown,36.0,573.0,False,8
pineapple,676,121,-1,Unknown,607.4,1102.6,False,8
pineapple,676,122,-1,Unknown,234.0,1205.0,False,8
pineapple,676,123,2,Platinum,460.0,807.0,False,8
pineapple,676,124,-1,Unknown,175.0,1024.0,False,8
pineapple,677,110,2,Platinum,268.9,668.3,False,8
pineapple,677,114,2,Platinum,473.5,874.6,False,8
pineapple,677,117,2,Platinum,90.3,1062.9,False,8
pineapple,677,118,2,Platinum,147.5,583.0,False,8
pineapple,677,119,2,Platinum,320.0,968.2,False,8
pineapple,677,120,-1,Unknown,36.0,573.0,False,8
pineapple,677,121,-1,Unknown,614.6,1098.4,False,8
pineapple,677,122,-1,Unknown,273.6,1178.8,False,8
pineapple,677,123,2,Platinum,460.0,807.0,False,8
pineapple,677,124,-1,Unknown,175.0,1024.0,False,8
pineapple,677,125,2,Platinum,452.5,151.0,False,8
pineapple,678,110,2,Platinum,270.1,664.5,False,8
pineapple,678,114,2,Platinum,482.7,870.1,False,8
pineapple,678,117,2,Platinum,89.7,1065.5,False,8
pineapple,678,118,2,Platinum,147.5,583.0,False,8
pineapple,678,119,2,Platinum,333.6,973.0,False,8
pineapple,678,120,-1,Unknown,36.0,573.0,False,8
pineapple,678,121,-1,Unknown,621.8,1094.2,False,8
pineapple,678,122,-1,Unknown,283.9,1171.5,False,8
pineapple,678,123,2,Platinum,460.0,807.0,False,8
pineapple,678,124,-1,Unknown,175.0,1024.0,False,8
pineapple,678,125,2,Platinum,468.0,150.5,False,8
pineapple,679,110,2,Platinum,271.3,660.8,False,8
pineapple,679,114,2,Platinum,491.8,865.6,False,8
pineapple,679,117,2,Platinum,89.0,1068.1,False,8
pineapple,679,118,2,Platinum,147.5,583.0,False,8
pineapple,679,119,2,Platinum,347.2,977.8,False,8
pineapple,679,120,-1,Unknown,36.0,573.0,False,8
pineapple,679,121,-1,Unknown,629.0,1090.0,False,8
pineapple,679,122,-1,Unknown,294.2,1164.3,False,8
pineapple,679,123,2,Platinum,460.0,807.0,False,8
pineapple,679,124,-1,Unknown,175.0,1024.0,False,8
pineapple,679,125,2,Platinum,477.9,151.9,False,8
pineapple,680,110,2,Platinum,272.5,657.0,False,8
pineapple,680,114,2,Platinum,501.0,861.2,False,8
pineapple,680,117,2,Platinum,88.3,1070.7,False,8
pineapple,680,118,2,Platinum,147.5,583.0,False,8
pineapple,680,119,2,Platinum,353.8,1071.7,False,8
pineapple,680,120,-1,Unknown,36.0,573.0,False,8
pineapple,680,121,-1,Unknown,636.2,1085.8,False,8
pineapple,680,122,2,Platinum,308.5,1165.8,False,8
pineapple,680,123,2,Platinum,460.0,807.0,False,8
pineapple,680,124,-1,Unknown,221.5,1016.5,False,8
pineapple,680,125,2,Platinum,487.7,154.3,False,8
pineapple,681,110,2,Platinum,273.6,653.3,False,8
pineapple,681,114,2,Platinum,510.1,856.7,False,8
pineapple,681,117,2,Platinum,87.6,1073.3,False,8
pineapple,681,118,2,Platinum,147.5,583.0,False,8
pineapple,681,119,2,Platinum,372.1,1077.4,False,8
pineapple,681,120,-1,Unknown,36.0,573.0,False,8
pineapple,681,121,-1,Unknown,643.4,1081.6,False,8
pineapple,681,122,2,Platinum,317.7,1162.0,False,8
pineapple,681,123,2,Platinum,460.0,807.0,False,8
pineapple,681,124,-1,Unknown,233.1,1014.6,False,8
pineapple,681,125,2,Platinum,498.8,154.8,False,8
pineapple,682,110,2,Platinum,195.9,697.1,False,8
pineapple,682,114,2,Platinum,519.3,852.3,False,8
pineapple,682,117,2,Platinum,87.0,1075.9,False,8
pineapple,682,119,2,Platinum,382.6,1072.5,False,8
pineapple,682,120,-1,Unknown,50.0,545.0,False,8
pineapple,682,121,-1,Unknown,650.6,1077.4,False,8
pineapple,682,122,2,Platinum,328.3,1156.3,False,8
pineapple,682,123,2,Platinum,460.0,807.0,False,8
pineapple,682,124,-1,Unknown,244.7,1012.8,False,8
pineapple,682,125,2,Platinum,512.8,155.7,False,8
pineapple,682,126,-1,Unknown,451.5,977.5,False,8
pineapple,683,110,2,Platinum,191.4,696.8,False,8
pineapple,683,114,2,Platinum,528.4,847.8,False,8
pineapple,683,117,2,Platinum,86.3,1078.5,False,8
pineapple,683,119,2,Platinum,395.7,1082.5,False,8
pineapple,683,120,-1,Unknown,53.0,535.4,False,8
pineapple,683,121,-1,Unknown,657.8,1073.2,False,8
pineapple,683,122,2,Platinum,340.2,1153.6,False,8
pineapple,683,123,2,Platinum,460.0,807.0,False,8
pineapple,683,124,-1,Unknown,256.4,1010.9,False,8
pineapple,683,125,2,Platinum,524.4,156.8,False,8
pineapple,683,126,-1,Unknown,451.5,977.5,False,8
pineapple,684,110,2,Platinum,186.8,696.5,False,8
pineapple,684,114,2,Platinum,537.6,843.3,False,8
pineapple,684,117,2,Platinum,85.6,1081.1,False,8
pineapple,684,119,2,Platinum,410.9,1067.8,False,8
pineapple,684,120,-1,Unknown,54.1,532.9,False,8
pineapple,684,121,-1,Unknown,665.0,1069.0,False,8
pineapple,684,122,2,Platinum,350.9,1148.2,False,8
pineapple,684,123,2,Platinum,460.0,807.0,False,8
pineapple,684,124,2,Platinum,265.1,1008.5,False,8
pineapple,684,125,2,Platinum,535.9,158.0,False,8
pineapple,684,126,-1,Unknown,451.5,977.5,False,8
pineapple,685,110,2,Platinum,182.3,696.2,False,8
pineapple,685,114,2,Platinum,546.7,838.9,False,8
pineapple,685,117,2,Platinum,84.9,1083.7,False,8
pineapple,685,119,2,Platinum,419.4,1063.4,False,8
pineapple,685,120,-1,Unknown,55.2,530.4,False,8
pineapple,685,121,-1,Unknown,672.2,1064.8,False,8
pineapple,685,122,2,Platinum,353.3,1143.0,False,8
pineapple,685,123,2,Platinum,460.0,807.0,False,8
pineapple,685,124,2,Platinum,270.7,1003.3,False,8
pineapple,685,125,2,Platinum,547.5,159.2,False,8
pineapple,685,126,-1,Unknown,451.5,977.5,False,8
pineapple,686,110,2,Platinum,177.7,696.0,False,8
pineapple,686,114,2,Platinum,555.9,834.4,False,8
pineapple,686,117,2,Platinum,84.3,1086.3,False,8
pineapple,686,119,2,Platinum,425.2,1058.8,False,8
pineapple,686,120,2,Platinum,69.2,534.3,False,8
pineapple,686,121,-1,Unknown,679.4,1060.6,False,8
pineapple,686,122,2,Platinum,365.4,1133.5,False,8
pineapple,686,123,2,Platinum,460.0,807.0,False,8
pineapple,686,124,2,Platinum,280.8,1000.7,False,8
pineapple,686,125,2,Platinum,559.0,160.4,False,8
pineapple,686,126,-1,Unknown,451.5,977.5,False,8
pineapple,687,110,2,Platinum,221.1,715.0,False,8
pineapple,687,114,2,Platinum,565.0,830.0,False,8
pineapple,687,117,2,Platinum,83.6,1088.9,False,8
pineapple,687,119,2,Platinum,434.5,1058.6,False,8
pineapple,687,120,2,Platinum,73.2,536.6,False,8
pineapple,687,121,-1,Unknown,686.6,1056.4,False,8
pineapple,687,122,2,Platinum,370.6,1132.2,False,8
pineapple,687,123,2,Platinum,460.0,807.0,False,8
pineapple,687,124,2,Platinum,290.9,998.2,False,8
pineapple,687,125,2,Platinum,570.6,161.5,False,8
pineapple,687,126,-1,Unknown,451.5,977.5,False,8
pineapple,687,127,2,Platinum,99.0,837.5,False,8
pineapple,687,128,-1,Unknown,232.0,602.0,False,8
pineapple,688,110,2,Platinum,225.8,717.8,False,8
pineapple,688,114,2,Platinum,574.2,825.5,False,8
pineapple,688,117,2,Platinum,82.9,1091.5,False,8
pineapple,688,119,2,Platinum,446.5,1063.5,False,8
pineapple,688,120,2,Platinum,79.3,535.1,False,8
pineapple,688,121,-1,Unknown,693.8,1052.2,False,8
pineapple,688,122,2,Platinum,380.2,1126.8,False,8
pineapple,688,123,2,Platinum,460.0,807.0,False,8
pineapple,688,124,2,Platinum,301.1,995.7,False,8
pineapple,688,125,2,Platinum,582.2,162.7,False,8
pineapple,688,126,-1,Unknown,451.5,977.5,False,8
pineapple,688,127,2,Platinum,103.5,835.0,False,8
pineapple,688,128,-1,Unknown,239.5,597.0,False,8
pineapple,689,110,2,Platinum,232.3,717.4,False,8
pineapple,689,114,2,Platinum,583.3,821.0,False,8
pineapple,689,119,2,Platinum,458.5,1068.5,False,8
pineapple,689,120,2,Platinum,86.7,529.6,False,8
pineapple,689,121,-1,Unknown,701.0,1048.0,False,8
pineapple,689,122,2,Platinum,385.7,1128.8,False,8
pineapple,689,123,2,Platinum,460.0,807.0,False,8
pineapple,689,124,2,Platinum,311.2,993.2,False,8
pineapple,689,125,2,Platinum,593.7,163.9,False,8
pineapple,689,126,-1,Unknown,451.5,977.5,False,8
pineapple,689,127,2,Platinum,111.3,833.4,False,8
pineapple,689,128,-1,Unknown,247.0,592.0,False,8
pineapple,690,110,2,Platinum,240.0,712.6,False,8
pineapple,690,114,2,Platinum,592.5,816.6,False,8
pineapple,690,119,2,Platinum,470.4,1073.5,False,8
pineapple,690,120,2,Platinum,90.1,527.7,False,8
pineapple,690,121,-1,Unknown,708.2,1043.8,False,8
pineapple,690,122,2,Platinum,387.6,1117.3,False,8
pineapple,690,123,2,Platinum,460.0,807.0,False,8
pineapple,690,124,2,Platinum,321.4,990.6,False,8
pineapple,690,125,2,Platinum,605.3,165.1,False,8
pineapple,690,126,-1,Unknown,451.5,977.5,False,8
pineapple,690,127,2,Platinum,120.2,827.3,False,8
pineapple,690,128,-1,Unknown,254.5,587.0,False,8
pineapple,690,129,2,Platinum,302.0,826.0,False,8
pineapple,691,110,2,Platinum,240.8,713.2,False,9
pineapple,691,114,2,Platinum,601.6,812.1,False,9
pineapple,691,119,2,Platinum,482.4,1078.5,False,9
pineapple,691,120,2,Platinum,106.3,519.8,False,9
pineapple,691,121,-1,Unknown,590.0,997.2,True,9
pineapple,691,122,2,Platinum,393.1,1104.1,False,9
pineapple,691,123,2,Platinum,460.0,807.0,False,9
pineapple,691,124,2,Platinum,331.5,988.1,False,9
pineapple,691,125,2,Platinum,616.8,166.2,False,9
pineapple,691,126,-1,Unknown,451.5,977.5,False,9
pineapple,691,127,2,Platinum,132.7,822.3,False,9
pineapple,691,128,2,Platinum,280.8,596.4,False,9
pineapple,691,129,2,Platinum,302.0,826.0,False,9
pineapple,692,110,2,Platinum,241.6,713.9,False,9
pineapple,692,114,2,Platinum,610.8,807.6,False,9
pineapple,692,119,2,Platinum,494.4,1083.5,False,9
pineapple,692,120,2,Platinum,112.0,517.1,False,9
pineapple,692,121,2,Platinum,597.3,994.7,False,9
pineapple,692,122,2,Platinum,397.8,1091.1,False,9
pineapple,692,123,2,Platinum,460.0,807.0,False,9
pineapple,692,124,2,Platinum,341.6,985.6,False,9
pineapple,692,125,2,Platinum,628.4,167.4,False,9
pineapple,692,126,-1,Unknown,451.5,977.5,False,9
pineapple,692,127,2,Platinum,142.5,818.7,False,9
pineapple,692,128,2,Platinum,285.7,595.2,False,9
pineapple,692,129,2,Platinum,302.0,826.0,False,9
pineapple,693,110,2,Platinum,242.5,714.5,False,9
pineapple,693,114,2,Platinum,619.9,803.2,False,9
pineapple,693,119,2,Platinum,506.3,1088.5,False,9
pineapple,693,120,2,Platinum,116.2,511.6,False,9
pineapple,693,121,2,Platinum,598.2,988.5,False,9
pineapple,693,122,2,Platinum,401.0,1083.5,False,9
pineapple,693,123,2,Platinum,460.0,807.0,False,9
pineapple,693,124,2,Platinum,351.8,983.1,False,9
pineapple,693,125,2,Platinum,640.0,168.6,False,9
pineapple,693,126,-1,Unknown,451.5,977.5,False,9
pineapple,693,127,2,Platinum,152.2,814.6,False,9
pineapple,693,128,2,Platinum,296.9,594.5,False,9
pineapple,693,129,2,Platinum,302.0,826.0,False,9
pineapple,694,110,2,Platinum,243.3,715.1,False,9
pineapple,694,114,2,Platinum,629.1,798.7,False,9
pineapple,694,119,2,Platinum,518.3,1093.5,False,9
pineapple,694,120,2,Platinum,123.3,508.3,False,9
pineapple,694,121,2,Platinum,599.0,982.2,False,9
pineapple,694,122,2,Platinum,402.0,1083.8,False,9
pineapple,694,123,2,Platinum,460.0,807.0,False,9
pineapple,694,124,2,Platinum,361.9,980.5,False,9
pineapple,694,125,2,Platinum,651.5,169.8,False,9
pineapple,694,126,-1,Unknown,451.5,977.5,False,9
pineapple,694,127,2,Platinum,151.2,815.1,False,9
pineapple,694,128,2,Platinum,308.1,593.9,False,9
pineapple,694,129,2,Platinum,302.0,826.0,False,9
pineapple,695,110,2,Platinum,244.1,715.7,False,9
pineapple,695,119,2,Platinum,530.3,1098.5,False,9
pineapple,695,120,2,Platinum,128.2,505.5,False,9
pineapple,695,121,2,Platinum,599.8,976.0,False,9
pineapple,695,122,2,Platinum,394.6,1086.7,False,9
pineapple,695,124,2,Platinum,372.0,978.0,False,9
pineapple,695,125,2,Platinum,663.1,170.9,False,9
pineapple,695,126,-1,Unknown,451.5,977.5,False,9
pineapple,695,127,2,Platinum,161.1,815.8,False,9
pineapple,695,128,2,Platinum,319.2,593.2,False,9
pineapple,695,129,2,Platinum,302.0,826.0,False,9
pineapple,696,110,2,Platinum,244.9,716.3,False,9
pineapple,696,119,2,Platinum,542.2,1103.4,False,9
pineapple,696,120,2,Platinum,133.0,499.8,False,9
pineapple,696,121,2,Platinum,600.6,969.8,False,9
pineapple,696,122,2,Platinum,396.4,1079.5,False,9
pineapple,696,124,2,Platinum,382.2,975.5,False,9
pineapple,696,125,2,Platinum,674.6,172.1,False,9
pineapple,696,126,-1,Unknown,451.5,977.5,False,9
pineapple,696,127,2,Platinum,165.6,816.5,False,9
pineapple,696,128,2,Platinum,330.4,592.5,False,9
pineapple,696,129,2,Platinum,302.0,826.0,False,9
pineapple,697,110,2,Platinum,245.7,716.9,False,9
pineapple,697,119,2,Platinum,554.2,1108.4,False,9
pineapple,697,120,2,Platinum,138.0,496.9,False,9
pineapple,697,121,2,Platinum,601.4,963.6,False,9
pineapple,697,122,2,Platinum,401.7,1074.0,False,9
pineapple,697,124,2,Platinum,392.3,972.9,False,9
pineapple,697,125,2,Platinum,686.2,173.3,False,9
pineapple,697,126,-1,Unknown,451.5,977.5,False,9
pineapple,697,127,2,Platinum,167.0,816.8,False,9
pineapple,697,128,2,Platinum,341.6,591.9,False,9
pineapple,697,129,2,Platinum,302.0,826.0,False,9
pineapple,698,110,2,Platinum,246.5,717.5,False,9
pineapple,698,119,2,Platinum,566.2,1113.4,False,9
pineapple,698,120,2,Platinum,141.6,495.6,False,9
pineapple,698,121,2,Platinum,602.2,957.3,False,9
pineapple,698,122,2,Platinum,406.9,1068.6,False,9
pineapple,698,124,2,Platinum,402.5,970.4,False,9
pineapple,698,125,2,Platinum,697.7,174.5,False,9
pineapple,698,126,-1,Unknown,451.5,977.5,False,9
pineapple,698,127,2,Platinum,167.9,817.3,False,9
pineapple,698,128,2,Platinum,352.7,591.2,False,9
pineapple,698,129,2,Platinum,302.0,826.0,False,9
pineapple,699,110,2,Platinum,250.4,702.2,False,9
pineapple,699,119,2,Platinum,578.1,1118.4,False,9
pineapple,699,120,2,Platinum,143.2,495.2,False,9
pineapple,699,121,2,Platinum,603.1,951.1,False,9
pineapple,699,122,2,Platinum,412.1,1063.1,False,9
pineapple,699,124,2,Platinum,412.6,967.9,False,9
pineapple,699,125,2,Platinum,709.3,175.6,False,9
pineapple,699,126,-1,Unknown,451.5,977.5,False,9
pineapple,699,127,2,Platinum,168.0,817.6,False,9
pineapple,699,128,2,Platinum,363.9,590.5,False,9
pineapple,699,129,2,Platinum,302.0,826.0,False,9
pineapple,700,110,2,Platinum,251.8,700.6,False,9
pineapple,700,119,2,Platinum,590.1,1123.4,False,9
pineapple,700,120,2,Platinum,143.0,495.1,False,9
pineapple,700,121,2,Platinum,603.9,944.9,False,9
pineapple,700,122,2,Platinum,417.3,1057.6,False,9
pineapple,700,124,2,Platinum,422.7,965.4,False,9
pineapple,700,125,2,Platinum,720.9,176.8,False,9
pineapple,700,126,-1,Unknown,451.5,977.5,False,9
pineapple,700,127,2,Platinum,170.1,817.8,False,9
pineapple,700,128,2,Platinum,375.0,589.9,False,9
pineapple,700,129,2,Platinum,302.0,826.0,False,9
pineapple,701,110,2,Platinum,252.9,700.0,False,9
pineapple,701,119,2,Platinum,602.1,1128.4,False,9
pineapple,701,120,2,Platinum,142.8,495.5,False,9
pineapple,701,121,2,Platinum,604.7,938.7,False,9
pineapple,701,122,2,Platinum,422.5,1052.1,False,9
pineapple,701,124,2,Platinum,432.9,962.8,False,9
pineapple,701,125,2,Platinum,732.4,178.0,False,9
pineapple,701,126,-1,Unknown,451.5,977.5,False,9
pineapple,701,127,2,Platinum,172.1,819.2,False,9
pineapple,701,128,2,Platinum,386.2,589.2,False,9
pineapple,701,129,2,Platinum,302.0,826.0,False,9
pineapple,702,110,2,Platinum,253.9,699.5,False,9
pineapple,702,119,2,Platinum,614.0,1133.4,False,9
pineapple,702,120,2,Platinum,146.4,493.3,False,9
pineapple,702,121,2,Platinum,605.5,932.4,False,9
pineapple,702,122,2,Platinum,427.7,1046.7,False,9
pineapple,702,124,2,Platinum,443.0,960.3,False,9
pineapple,702,125,2,Platinum,744.0,179.2,False,9
pineapple,702,126,-1,Unknown,451.5,977.5,False,9
pineapple,702,127,2,Platinum,172.3,821.7,False,9
pineapple,702,128,2,Platinum,397.4,588.5,False,9
pineapple,702,129,2,Platinum,302.0,826.0,False,9
pineapple,703,110,2,Platinum,254.9,699.0,False,9
pineapple,703,119,2,Platinum,626.0,1138.4,False,9
pineapple,703,120,2,Platinum,150.1,491.2,False,9
pineapple,703,121,2,Platinum,606.3,926.2,False,9
pineapple,703,122,2,Platinum,432.9,1041.2,False,9
pineapple,703,124,2,Platinum,453.2,957.8,False,9
pineapple,703,127,2,Platinum,167.9,824.0,False,9
pineapple,703,128,2,Platinum,408.5,587.9,False,9
pineapple,703,129,2,Platinum,302.0,826.0,False,9
pineapple,704,110,2,Platinum,256.0,698.5,False,9
pineapple,704,119,2,Platinum,638.0,1143.3,False,9
pineapple,704,120,2,Platinum,153.8,489.0,False,9
pineapple,704,121,2,Platinum,607.1,920.0,False,9
pineapple,704,122,2,Platinum,438.1,1035.7,False,9
pineapple,704,124,2,Platinum,463.3,955.2,False,9
pineapple,704,127,2,Platinum,160.6,822.6,False,9
pineapple,704,128,2,Platinum,419.7,587.2,False,9
pineapple,704,129,2,Platinum,302.0,826.0,False,9
pineapple,705,110,2,Platinum,257.0,697.9,False,9
pineapple,705,119,2,Platinum,649.9,1148.3,False,9
pineapple,705,120,2,Platinum,157.5,486.9,False,9
pineapple,705,121,2,Platinum,608.0,913.7,False,9
pineapple,705,122,2,Platinum,443.3,1030.2,False,9
pineapple,705,124,2,Platinum,473.4,952.7,False,9
pineapple,705,127,2,Platinum,152.8,819.8,False,9
pineapple,705,128,2,Platinum,430.9,586.5,False,9
pineapple,705,129,2,Platinum,302.0,826.0,False,9
pineapple,706,110,2,Platinum,258.1,697.4,False,10
pineapple,706,119,2,Platinum,661.9,1153.3,False,10
pineapple,706,120,2,Platinum,161.1,484.7,False,10
pineapple,706,121,2,Platinum,608.8,907.5,False,10
pineapple,706,122,2,Platinum,334.9,1025.0,True,10
pineapple,706,127,2,Platinum,154.0,819.2,False,10
pineapple,706,128,2,Platinum,442.0,585.9,False,10
pineapple,706,129,2,Platinum,302.0,826.0,False,10
pineapple,707,110,2,Platinum,259.1,696.9,False,10
pineapple,707,119,2,Platinum,673.9,1158.3,False,10
pineapple,707,120,2,Platinum,164.8,482.5,False,10
pineapple,707,121,2,Platinum,609.6,901.3,False,10
pineapple,707,122,2,Platinum,319.6,1020.5,False,10
pineapple,707,127,2,Platinum,135.4,816.2,False,10
pineapple,707,128,2,Platinum,453.2,585.2,False,10
pineapple,707,129,2,Platinum,302.0,826.0,False,10
pineapple,708,110,2,Platinum,260.2,696.3,False,10
pineapple,708,120,2,Platinum,168.5,480.4,False,10
pineapple,708,121,2,Platinum,610.4,895.1,False,10
pineapple,708,122,2,Platinum,301.8,1018.7,False,10
pineapple,708,127,2,Platinum,134.8,815.4,False,10
pineapple,708,128,2,Platinum,464.4,584.5,False,10
pineapple,708,129,2,Platinum,302.0,826.0,False,10
pineapple,709,110,2,Platinum,261.2,695.8,False,10
pineapple,709,120,2,Platinum,172.1,478.2,False,10
pineapple,709,121,2,Platinum,611.2,888.8,False,10
pineapple,709,122,2,Platinum,285.4,1016.5,False,10
pineapple,709,127,2,Platinum,134.2,814.6,False,10
pineapple,709,128,2,Platinum,475.5,583.9,False,10
pineapple,709,129,2,Platinum,302.0,826.0,False,10
pineapple,710,110,2,Platinum,262.3,695.3,False,10
pineapple,710,120,2,Platinum,175.8,476.0,False,10
pineapple,710,121,2,Platinum,612.0,882.6,False,10
pineapple,710,122,2,Platinum,269.9,1011.6,False,10
pineapple,710,127,2,Platinum,133.6,813.8,False,10
pineapple,710,128,2,Platinum,486.7,583.2,False,10
pineapple,710,129,2,Platinum,302.0,826.0,False,10
pineapple,710,130,2,Platinum,376.0,919.5,False,10
pineapple,711,110,2,Platinum,263.3,694.8,False,10
pineapple,711,120,2,Platinum,179.5,473.9,False,10
pineapple,711,121,2,Platinum,612.9,876.4,False,10
pineapple,711,122,2,Platinum,260.9,1006.9,False,10
pineapple,711,127,2,Platinum,133.1,813.0,False,10
pineapple,711,128,2,Platinum,497.9,582.5,False,10
pineapple,711,130,2,Platinum,376.0,919.5,False,10
pineapple,712,110,2,Platinum,264.4,694.2,False,10
pineapple,712,120,2,Platinum,183.1,471.7,False,10
pineapple,712,121,2,Platinum,613.7,870.2,False,10
pineapple,712,122,2,Platinum,250.5,1002.7,False,10
pineapple,712,127,2,Platinum,132.5,812.2,False,10
pineapple,712,128,2,Platinum,509.0,581.9,False,10
pineapple,712,130,2,Platinum,376.0,919.5,False,10
pineapple,713,110,2,Platinum,265.4,693.7,False,10
pineapple,713,120,2,Platinum,186.8,469.5,False,10
pineapple,713,122,2,Platinum,247.8,1000.6,False,10
pineapple,713,127,2,Platinum,131.9,811.3,False,10
pineapple,713,130,2,Platinum,376.0,919.5,False,10
pineapple,714,110,2,Platinum,266.5,693.2,False,10
pineapple,714,120,2,Platinum,190.5,467.4,False,10
pineapple,714,122,2,Platinum,244.3,998.3,False,10
pineapple,714,127,2,Platinum,131.3,810.5,False,10
pineapple,714,130,2,Platinum,376.0,919.5,False,10
pineapple,715,110,2,Platinum,267.5,692.7,False,10
pineapple,715,120,2,Platinum,194.2,465.2,False,10
pineapple,715,122,2,Platinum,236.4,993.7,False,10
pineapple,715,127,2,Platinum,130.8,809.7,False,10
pineapple,715,130,2,Platinum,376.0,919.5,False,10
pineapple,716,110,2,Platinum,268.6,692.1,False,10
pineapple,716,120,2,Platinum,197.8,463.0,False,10
pineapple,716,122,2,Platinum,231.6,988.5,False,10
pineapple,716,127,2,Platinum,130.2,808.9,False,10
pineapple,716,130,2,Platinum,376.0,919.5,False,10
pineapple,717,110,2,Platinum,269.6,691.6,False,10
pineapple,717,120,2,Platinum,201.5,460.9,False,10
pineapple,717,122,2,Platinum,228.4,981.7,False,10
pineapple,717,127,2,Platinum,129.6,808.1,False,10
pineapple,717,130,2,Platinum,376.0,919.5,False,10
pineapple,718,110,2,Platinum,270.7,691.1,False,10
pineapple,718,120,2,Platinum,205.2,458.7,False,10
pineapple,718,122,2,Platinum,226.7,975.7,False,10
pineapple,718,127,2,Platinum,129.1,807.3,False,10
pineapple,718,130,2,Platinum,376.0,919.5,False,10
pineapple,719,110,2,Platinum,271.7,690.5,False,10
pineapple,719,120,2,Platinum,208.8,456.5,False,10
pineapple,719,122,2,Platinum,225.9,972.3,False,10
pineapple,719,127,2,Platinum,128.5,806.5,False,10
pineapple,719,130,2,Platinum,376.0,919.5,False,10
pineapple,720,110,2,Platinum,272.8,690.0,False,10
pineapple,720,120,2,Platinum,212.5,454.4,False,10
pineapple,720,122,2,Platinum,225.5,966.9,False,10
pineapple,720,127,2,Platinum,127.9,805.7,False,10
pineapple,720,130,2,Platinum,376.0,919.5,False,10
pineapple,721,110,2,Platinum,244.3,672.2,False,10
pineapple,721,120,2,Platinum,216.2,452.2,False,10
pineapple,721,122,2,Platinum,217.0,954.2,False,10
pineapple,721,127,2,Platinum,127.3,804.9,False,10
pineapple,721,130,2,Platinum,376.0,919.5,False,10
pineapple,722,110,2,Platinum,232.3,677.2,False,10
pineapple,722,122,2,Platinum,211.9,948.8,False,10
pineapple,722,127,2,Platinum,126.8,804.1,False,10
pineapple,722,130,2,Platinum,376.0,919.5,False,10
pineapple,723,110,2,Platinum,231.2,676.3,False,10
pineapple,723,122,2,Platinum,206.8,943.4,False,10
pineapple,723,127,2,Platinum,126.2,803.2,False,10
pineapple,723,130,2,Platinum,376.0,919.5,False,10
pineapple,724,110,2,Platinum,230.0,675.5,False,10
pineapple,724,122,2,Platinum,201.8,938.0,False,10
pineapple,724,127,2,Platinum,125.6,802.4,False,10
pineapple,724,130,2,Platinum,376.0,919.5,False,10
pineapple,725,110,2,Platinum,228.9,674.7,False,10
pineapple,725,122,2,Platinum,196.7,932.6,False,10
pineapple,725,127,2,Platinum,125.0,801.6,False,10
pineapple,725,130,2,Platinum,376.0,919.5,False,10
pineapple,725,131,2,Platinum,514.5,599.0,False,10
pineapple,726,110,2,Platinum,227.7,673.9,False,10
pineapple,726,122,2,Platinum,171.6,895.9,False,10
pineapple,726,127,2,Platinum,124.5,800.8,False,10
pineapple,726,130,2,Platinum,376.0,919.5,False,10
pineapple,726,131,2,Platinum,514.5,599.0,False,10
pineapple,727,110,2,Platinum,226.6,673.1,False,10
pineapple,727,122,2,Platinum,155.1,877.8,False,10
pineapple,727,127,2,Platinum,123.9,800.0,False,10
pineapple,727,130,2,Platinum,376.0,919.5,False,10
pineapple,727,131,2,Platinum,514.5,599.0,False,10
pineapple,728,110,2,Platinum,225.4,672.3,False,10
pineapple,728,122,2,Platinum,143.9,868.4,False,10
pineapple,728,130,2,Platinum,376.0,919.5,False,10
pineapple,728,131,2,Platinum,514.5,599.0,False,10
pineapple,729,110,2,Platinum,224.2,671.5,False,10
pineapple,729,122,2,Platinum,136.2,859.6,False,10
pineapple,729,130,2,Platinum,376.0,919.5,False,10
pineapple,729,131,2,Platinum,514.5,599.0,False,10
pineapple,730,110,2,Platinum,223.1,670.7,False,10
pineapple,730,122,2,Platinum,116.5,853.7,False,10
pineapple,730,130,2,Platinum,376.0,919.5,False,10
pineapple,730,131,2,Platinum,514.5,599.0,False,10
pineapple,731,110,2,Platinum,221.9,669.8,False,10
pineapple,731,122,2,Platinum,107.7,845.2,False,10
pineapple,731,131,2,Platinum,514.5,599.0,False,10
pineapple,732,110,2,Platinum,220.8,669.0,False,10
pineapple,732,122,2,Platinum,98.9,836.7,False,10
pineapple,732,131,2,Platinum,514.5,599.0,False,10
pineapple,733,110,2,Platinum,219.6,668.2,False,10
pineapple,733,122,2,Platinum,90.1,828.2,False,10
pineapple,733,131,2,Platinum,514.5,599.0,False,10
pineapple,734,110,2,Platinum,218.5,667.4,False,10
pineapple,734,122,2,Platinum,81.3,819.7,False,10
pineapple,734,131,2,Platinum,514.5,599.0,False,10
pineapple,735,110,2,Platinum,217.3,666.6,False,10
pineapple,735,122,2,Platinum,72.5,811.2,False,10
pineapple,735,131,2,Platinum,514.5,599.0,False,10
pineapple,736,110,2,Platinum,216.2,665.8,False,10
pineapple,736,122,2,Platinum,63.7,802.7,False,10
pineapple,736,131,2,Platinum,514.5,599.0,False,10
pineapple,737,110,2,Platinum,215.0,665.0,False,10
pineapple,737,122,2,Platinum,54.9,794.2,False,10
pineapple,737,131,2,Platinum,514.5,599.0,False,10
pineapple,738,110,2,Platinum,213.9,664.2,False,10
pineapple,738,122,2,Platinum,46.1,785.7,False,10
pineapple,738,131,2,Platinum,514.5,599.0,False,10
pineapple,739,110,2,Platinum,212.7,663.4,False,10
pineapple,739,122,2,Platinum,37.3,777.1,False,10
pineapple,739,131,2,Platinum,514.5,599.0,False,10
pineapple,740,110,2,Platinum,211.6,662.5,False,10
pineapple,740,122,2,Platinum,28.5,768.6,False,10
pineapple,740,131,2,Platinum,514.5,599.0,False,10
pineapple,741,110,2,Platinum,210.4,661.7,False,10
pineapple,741,122,2,Platinum,19.7,760.1,False,10
pineapple,741,131,2,Platinum,514.5,599.0,False,10
pineapple,742,110,2,Platinum,209.3,660.9,False,10
pineapple,742,122,2,Platinum,10.9,751.6,False,10
pineapple,742,131,2,Platinum,514.5,599.0,False,10
pineapple,742,132,2,Platinum,669.0,575.5,False,10
pineapple,743,122,2,Platinum,2.1,743.1,False,10
pineapple,743,131,2,Platinum,514.5,599.0,False,10
pineapple,743,132,2,Platinum,660.5,564.5,False,10
pineapple,744,122,2,Platinum,-6.7,734.6,False,10
pineapple,744,131,2,Platinum,514.5,599.0,False,10
pineapple,744,132,2,Platinum,652.0,553.5,False,10
pineapple,745,122,2,Platinum,-15.5,726.1,False,10
pineapple,745,131,2,Platinum,514.5,599.0,False,10
pineapple,745,132,2,Platinum,636.6,528.8,False,10
pineapple,746,122,2,Platinum,-24.3,717.6,False,10
pineapple,746,132,2,Platinum,627.4,515.4,False,10
pineapple,747,122,2,Platinum,-33.1,709.1,False,10
pineapple,747,132,2,Platinum,616.6,499.6,False,10
pineapple,748,122,2,Platinum,-41.9,700.6,False,10
pineapple,748,132,2,Platinum,610.7,486.1,False,10
pineapple,749,122,2,Platinum,-50.7,692.1,False,10
pineapple,749,132,2,Platinum,601.7,475.9,False,10
pineapple,750,122,2,Platinum,-59.5,683.6,False,10
pineapple,750,132,2,Platinum,592.1,461.6,False,10
pineapple,751,132,2,Platinum,582.5,447.2,False,10
pineapple,752,132,2,Platinum,568.6,451.2,False,10
pineapple,753,132,2,Platinum,559.2,449.1,False,10
pineapple,754,132,2,Platinum,552.4,445.8,False,10
pineapple,755,132,2,Platinum,546.6,440.9,False,10
pineapple,756,132,2,Platinum,537.3,431.6,False,10
pineapple,757,132,2,Platinum,528.1,422.2,False,10
pineapple,758,132,2,Platinum,518.8,412.9,False,10
pineapple,759,132,2,Platinum,509.6,403.5,False,10
pineapple,760,132,2,Platinum,500.3,394.2,False,10
pineapple,761,132,2,Platinum,491.1,384.8,False,10
pineapple,761,133,-1,Unknown,176.0,872.5,False,10
pineapple,762,132,2,Platinum,481.9,375.5,False,10
pineapple,762,133,-1,Unknown,176.0,872.5,False,10
pineapple,763,132,2,Platinum,472.6,366.1,False,10
pineapple,763,133,-1,Unknown,176.0,872.5,False,10
pineapple,764,132,2,Platinum,463.4,356.7,False,10
pineapple,764,133,-1,Unknown,176.0,872.5,False,10
pineapple,765,132,2,Platinum,454.1,347.4,False,10
pineapple,765,133,-1,Unknown,176.0,872.5,False,10
pineapple,765,134,2,Platinum,274.5,991.0,False,10
pineapple,766,132,2,Platinum,444.9,338.0,False,10
pineapple,766,133,-1,Unknown,176.0,872.5,False,10
pineapple,766,134,2,Platinum,274.5,991.0,False,10
pineapple,767,132,2,Platinum,435.6,328.7,False,10
pineapple,767,133,-1,Unknown,176.0,872.5,False,10
pineapple,767,134,2,Platinum,274.5,991.0,False,10
pineapple,768,132,2,Platinum,426.4,319.3,False,10
pineapple,768,133,-1,Unknown,176.0,872.5,False,10
pineapple,768,134,2,Platinum,274.5,991.0,False,10
pineapple,769,132,2,Platinum,417.2,310.0,False,10
pineapple,769,133,-1,Unknown,176.0,872.5,False,10
pineapple,769,134,2,Platinum,274.5,991.0,False,10
pineapple,770,132,2,Platinum,407.9,300.6,False,10
pineapple,770,133,-1,Unknown,176.0,872.5,False,10
pineapple,770,134,2,Platinum,274.5,991.0,False,10
pineapple,771,132,2,Platinum,398.7,291.3,False,10
pineapple,771,133,-1,Unknown,176.0,872.5,False,10
pineapple,771,134,2,Platinum,274.5,991.0,False,10
pineapple,771,135,-1,Unknown,400.0,993.5,False,10
pineapple,772,132,2,Platinum,389.4,281.9,False,10
pineapple,772,133,-1,Unknown,176.0,872.5,False,10
pineapple,772,134,2,Platinum,274.5,991.0,False,10
pineapple,772,135,-1,Unknown,415.5,992.0,False,10
pineapple,772,136,2,Platinum,347.5,736.5,False,10
pineapple,773,132,2,Platinum,380.2,272.6,False,10
pineapple,773,133,-1,Unknown,176.0,872.5,False,10
pineapple,773,134,2,Platinum,274.5,991.0,False,10
pineapple,773,135,-1,Unknown,432.9,979.2,False,10
pineapple,773,136,2,Platinum,347.5,736.5,False,10
pineapple,774,132,2,Platinum,370.9,263.2,False,10
pineapple,774,133,-1,Unknown,176.0,872.5,False,10
pineapple,774,134,2,Platinum,274.5,991.0,False,10
pineapple,774,135,-1,Unknown,449.9,968.5,False,10
pineapple,774,136,2,Platinum,347.5,736.5,False,10
pineapple,775,132,2,Platinum,361.7,253.9,False,10
pineapple,775,133,-1,Unknown,176.0,872.5,False,10
pineapple,775,134,2,Platinum,274.5,991.0,False,10
pineapple,775,135,-1,Unknown,493.2,951.0,False,10
pineapple,775,136,2,Platinum,304.0,718.5,False,10
pineapple,776,133,-1,Unknown,176.0,872.5,False,10
pineapple,776,134,2,Platinum,274.5,991.0,False,10
pineapple,776,135,-1,Unknown,519.2,937.9,False,10
pineapple,776,136,2,Platinum,315.0,713.7,False,10
pineapple,777,133,-1,Unknown,176.0,872.5,False,10
pineapple,777,134,2,Platinum,274.5,991.0,False,10
pineapple,777,135,-1,Unknown,545.3,924.9,False,10
pineapple,777,136,2,Platinum,311.9,708.3,False,10
pineapple,778,133,-1,Unknown,176.0,872.5,False,10
pineapple,778,134,2,Platinum,274.5,991.0,False,10
pineapple,778,135,-1,Unknown,568.3,905.6,False,10
pineapple,778,136,2,Platinum,308.9,702.8,False,10
pineapple,779,133,-1,Unknown,176.0,872.5,False,10
pineapple,779,134,2,Platinum,274.5,991.0,False,10
pineapple,779,135,-1,Unknown,593.8,891.4,False,10
pineapple,779,136,2,Platinum,305.8,697.4,False,10
pineapple,780,133,-1,Unknown,176.0,872.5,False,10
pineapple,780,134,2,Platinum,274.5,991.0,False,10
pineapple,780,135,-1,Unknown,619.3,877.3,False,10
pineapple,780,136,2,Platinum,302.8,691.9,False,10
pineapple,781,133,-1,Unknown,176.0,872.5,False,10
pineapple,781,134,2,Platinum,274.5,991.0,False,10
pineapple,781,135,-1,Unknown,644.8,863.1,False,10
pineapple,781,136,2,Platinum,299.8,686.4,False,10
pineapple,782,134,2,Platinum,274.5,991.0,False,10
pineapple,782,135,-1,Unknown,670.3,848.9,False,10
pineapple,782,136,2,Platinum,296.7,681.0,False,10
pineapple,783,134,2,Platinum,274.5,991.0,False,10
pineapple,783,135,-1,Unknown,695.8,834.8,False,10
pineapple,783,136,2,Platinum,293.7,675.5,False,10
pineapple,784,134,2,Platinum,274.5,991.0,False,10
pineapple,784,135,-1,Unknown,721.3,820.6,False,10
pineapple,784,136,2,Platinum,290.6,670.1,False,10
pineapple,785,134,2,Platinum,351.0,1007.0,False,10
pineapple,785,135,-1,Unknown,746.8,806.5,False,10
pineapple,785,136,2,Platinum,287.6,664.6,False,10
pineapple,786,134,2,Platinum,354.8,1007.8,False,10
pineapple,786,135,-1,Unknown,772.3,792.3,False,10
pineapple,786,136,2,Platinum,284.5,659.2,False,10
pineapple,787,134,2,Platinum,445.3,975.7,False,10
pineapple,787,135,-1,Unknown,797.8,778.1,False,10
pineapple,787,136,2,Platinum,281.5,653.7,False,10
pineapple,788,134,2,Platinum,476.7,968.0,False,10
pineapple,788,135,-1,Unknown,823.3,764.0,False,10
pineapple,788,136,2,Platinum,278.4,648.3,False,10
pineapple,788,137,2,Platinum,379.0,1021.5,False,10
pineapple,789,134,2,Platinum,490.7,965.2,False,10
pineapple,789,135,-1,Unknown,848.9,749.8,False,10
pineapple,789,136,2,Platinum,275.4,642.8,False,10
pineapple,789,137,2,Platinum,379.0,1021.5,False,10
pineapple,790,134,2,Platinum,504.7,962.3,False,10
pineapple,790,135,-1,Unknown,874.4,735.7,False,10
pineapple,790,136,2,Platinum,272.3,637.4,False,10
pineapple,790,137,2,Platinum,379.0,1021.5,False,10
pineapple,791,134,2,Platinum,518.7,959.5,False,10
pineapple,791,135,-1,Unknown,899.9,721.5,False,10
pineapple,791,136,2,Platinum,269.3,631.9,False,10
pineapple,791,137,2,Platinum,379.0,1021.5,False,10
pineapple,792,134,2,Platinum,532.7,956.6,False,10
pineapple,792,135,-1,Unknown,925.4,707.3,False,10
pineapple,792,136,2,Platinum,266.2,626.4,False,10
pineapple,792,137,2,Platinum,379.0,1021.5,False,10
pineapple,792,138,-1,Unknown,59.5,799.5,False,10
pineapple,792,139,-1,Unknown,109.5,934.5,False,10
pineapple,793,134,2,Platinum,546.7,953.8,False,10
pineapple,793,135,-1,Unknown,950.9,693.2,False,10
pineapple,793,136,2,Platinum,263.2,621.0,False,10
pineapple,793,137,2,Platinum,439.0,1052.0,False,10
pineapple,793,138,-1,Unknown,64.0,807.5,False,10
pineapple,793,139,-1,Unknown,109.5,934.5,False,10
pineapple,794,134,2,Platinum,560.7,950.9,False,10
pineapple,794,135,-1,Unknown,976.4,679.0,False,10
pineapple,794,136,2,Platinum,260.2,615.5,False,10
pineapple,794,137,2,Platinum,451.0,1058.1,False,10
pineapple,794,138,2,Platinum,64.7,820.7,False,10
pineapple,794,139,-1,Unknown,109.5,934.5,False,10
pineapple,795,134,2,Platinum,574.7,948.1,False,10
pineapple,795,135,-1,Unknown,1001.9,664.8,False,10
pineapple,795,136,2,Platinum,257.1,610.1,False,10
pineapple,795,137,2,Platinum,463.0,1064.2,False,10
pineapple,795,138,2,Platinum,65.2,830.4,False,10
pineapple,795,139,-1,Unknown,104.0,968.0,False,10
pineapple,796,134,2,Platinum,588.7,945.2,False,10
pineapple,796,135,-1,Unknown,1027.4,650.7,False,10
pineapple,796,136,2,Platinum,254.1,604.6,False,10
pineapple,796,137,2,Platinum,459.4,1106.7,False,10
pineapple,796,138,2,Platinum,66.8,834.1,False,10
pineapple,796,139,-1,Unknown,102.2,979.2,False,10
pineapple,797,134,2,Platinum,602.7,942.3,False,11
pineapple,797,135,-1,Unknown,1052.9,636.5,False,11
pineapple,797,137,2,Platinum,472.8,1127.6,True,11
pineapple,797,138,2,Platinum,68.0,842.4,False,11
pineapple,797,139,2,Platinum,94.1,1001.5,False,11
pineapple,798,134,2,Platinum,616.7,939.5,False,11
pineapple,798,135,-1,Unknown,1078.4,622.4,False,11
pineapple,798,137,2,Platinum,485.3,1144.1,False,11
pineapple,798,138,2,Platinum,81.9,829.1,False,11
pineapple,798,139,2,Platinum,90.2,1016.3,False,11
pineapple,799,134,2,Platinum,630.7,936.6,False,11
pineapple,799,137,2,Platinum,495.4,1159.1,False,11
pineapple,799,138,2,Platinum,85.8,832.8,False,11
pineapple,799,139,2,Platinum,86.3,1031.1,False,11
pineapple,800,134,2,Platinum,644.7,933.8,False,11
pineapple,800,137,2,Platinum,505.6,1174.1,False,11
pineapple,800,138,2,Platinum,89.8,836.4,False,11
pineapple,800,139,2,Platinum,64.2,1007.6,False,11
pineapple,801,134,2,Platinum,658.7,930.9,False,11
pineapple,801,137,2,Platinum,515.8,1189.1,False,11
pineapple,801,138,2,Platinum,93.7,840.0,False,11
pineapple,801,139,2,Platinum,62.0,1008.7,False,11
pineapple,801,140,2,Platinum,308.5,802.0,False,11
pineapple,802,134,2,Platinum,672.7,928.1,False,11
pineapple,802,137,2,Platinum,526.0,1204.1,False,11
pineapple,802,138,2,Platinum,97.7,843.6,False,11
pineapple,802,139,2,Platinum,58.9,1003.1,False,11
pineapple,802,140,2,Platinum,303.0,806.5,False,11
pineapple,803,134,2,Platinum,686.8,925.2,False,11
pineapple,803,137,2,Platinum,536.2,1219.1,False,11
pineapple,803,138,2,Platinum,124.9,841.4,False,11
pineapple,803,139,2,Platinum,61.1,982.7,False,11
pineapple,803,140,2,Platinum,297.5,811.0,False,11
pineapple,804,134,2,Platinum,700.8,922.4,False,11
pineapple,804,137,2,Platinum,546.4,1234.1,False,11
pineapple,804,138,2,Platinum,131.5,844.3,False,11
pineapple,804,139,2,Platinum,61.1,965.9,False,11
pineapple,804,140,2,Platinum,292.0,815.5,False,11
pineapple,805,134,2,Platinum,714.8,919.5,False,11
pineapple,805,137,2,Platinum,556.6,1249.1,False,11
pineapple,805,138,2,Platinum,138.1,847.3,False,11
pineapple,805,139,2,Platinum,52.7,955.7,False,11
pineapple,805,140,2,Platinum,302.4,828.9,False,11
pineapple,805,141,2,Platinum,533.5,1140.0,False,11
pineapple,806,134,2,Platinum,728.8,916.7,False,11
pineapple,806,137,2,Platinum,566.8,1264.1,False,11
pineapple,806,138,2,Platinum,144.6,850.3,False,11
pineapple,806,139,2,Platinum,45.0,935.6,False,11
pineapple,806,140,2,Platinum,296.7,834.9,False,11
pineapple,806,141,2,Platinum,539.5,1135.0,False,11
pineapple,807,134,2,Platinum,742.8,913.8,False,11
pineapple,807,137,2,Platinum,577.0,1279.1,False,11
pineapple,807,138,2,Platinum,151.2,853.2,False,11
pineapple,807,139,2,Platinum,46.6,910.3,False,11
pineapple,807,140,2,Platinum,294.8,841.9,False,11
pineapple,807,141,2,Platinum,538.9,1131.9,False,11
pineapple,808,134,2,Platinum,756.8,910.9,False,11
pineapple,808,137,2,Platinum,587.2,1294.1,False,11
pineapple,808,138,2,Platinum,157.8,856.2,False,11
pineapple,808,139,2,Platinum,42.3,903.9,False,11
pineapple,808,140,2,Platinum,292.9,848.8,False,11
pineapple,808,141,2,Platinum,533.6,1131.9,False,11
pineapple,809,137,2,Platinum,597.4,1309.1,False,11
pineapple,809,138,2,Platinum,164.3,859.1,False,11
pineapple,809,139,2,Platinum,38.0,897.4,False,11
pineapple,809,140,2,Platinum,291.0,855.8,False,11
pineapple,809,141,2,Platinum,533.0,1133.6,False,11
pineapple,810,137,2,Platinum,607.5,1324.1,False,11
pineapple,810,138,2,Platinum,170.9,862.1,False,11
pineapple,810,139,2,Platinum,33.7,891.0,False,11
pineapple,810,140,2,Platinum,289.1,862.7,False,11
pineapple,810,141,2,Platinum,534.4,1136.3,False,11
pineapple,811,137,2,Platinum,617.7,1339.1,False,11
pineapple,811,138,2,Platinum,177.5,865.1,False,11
pineapple,811,139,2,Platinum,29.4,884.5,False,11
pineapple,811,140,2,Platinum,287.2,869.7,False,11
pineapple,811,141,2,Platinum,537.8,1136.9,False,11
pineapple,812,137,2,Platinum,627.9,1354.1,False,11
pineapple,812,138,2,Platinum,184.0,868.0,False,11
pineapple,812,139,2,Platinum,25.1,878.1,False,11
pineapple,812,140,2,Platinum,285.3,876.7,False,11
pineapple,812,141,2,Platinum,541.8,1135.4,False,11
pineapple,813,137,2,Platinum,638.1,1369.1,False,11
pineapple,813,138,2,Platinum,190.6,871.0,False,11
pineapple,813,139,2,Platinum,20.8,871.7,False,11
pineapple,813,140,2,Platinum,283.4,883.6,False,11
pineapple,813,141,2,Platinum,544.6,1133.8,False,11
pineapple,814,137,2,Platinum,648.3,1384.1,False,11
pineapple,814,138,2,Platinum,197.2,873.9,False,11
pineapple,814,139,2,Platinum,16.4,865.2,False,11
pineapple,814,140,2,Platinum,281.6,890.6,False,11
pineapple,814,141,2,Platinum,547.3,1132.8,False,11
pineapple,815,137,2,Platinum,658.5,1399.1,False,11
pineapple,815,138,2,Platinum,203.7,876.9,False,11
pineapple,815,139,2,Platinum,12.1,858.8,False,11
pineapple,815,140,2,Platinum,279.7,897.5,False,11
pineapple,815,141,2,Platinum,548.6,1132.5,False,11
pineapple,815,142,2,Platinum,70.0,1212.0,False,11
pineapple,816,137,2,Platinum,668.7,1414.1,False,11
pineapple,816,138,2,Platinum,210.3,879.9,False,11
pineapple,816,139,2,Platinum,7.8,852.3,False,11
pineapple,816,140,2,Platinum,277.8,904.5,False,11
pineapple,816,141,2,Platinum,550.0,1132.2,False,11
pineapple,816,142,2,Platinum,70.0,1212.0,False,11
pineapple,817,137,2,Platinum,678.9,1429.1,False,11
pineapple,817,138,2,Platinum,216.9,882.8,False,11
pineapple,817,139,2,Platinum,3.5,845.9,False,11
pineapple,817,140,2,Platinum,275.9,911.4,False,11
pineapple,817,141,2,Platinum,551.3,1131.9,False,11
pineapple,817,142,2,Platinum,70.0,1212.0,False,11
pineapple,818,137,2,Platinum,689.1,1444.1,False,11
pineapple,818,138,2,Platinum,223.4,885.8,False,11
pineapple,818,139,2,Platinum,-0.8,839.4,False,11
pineapple,818,140,2,Platinum,274.0,918.4,False,11
pineapple,818,141,2,Platinum,559.2,1148.9,False,11
pineapple,818,142,2,Platinum,70.0,1212.0,False,11
pineapple,819,138,2,Platinum,230.0,888.7,False,11
pineapple,819,139,2,Platinum,-5.1,833.0,False,11
pineapple,819,140,2,Platinum,272.1,925.3,False,11
pineapple,819,141,2,Platinum,561.2,1150.4,False,11
pineapple,819,142,2,Platinum,94.0,1224.0,False,11
pineapple,820,138,2,Platinum,236.6,891.7,False,11
pineapple,820,139,2,Platinum,-9.4,826.5,False,11
pineapple,820,140,2,Platinum,289.8,1050.8,False,11
pineapple,820,141,2,Platinum,563.1,1157.1,False,11
pineapple,820,142,2,Platinum,100.0,1227.0,False,11
pineapple,821,138,2,Platinum,243.1,894.7,False,11
pineapple,821,139,2,Platinum,-13.7,820.1,False,11
pineapple,821,140,2,Platinum,289.1,1065.1,False,11
pineapple,821,141,2,Platinum,566.4,1162.1,False,11
pineapple,821,142,2,Platinum,106.0,1230.0,False,11
pineapple,822,138,2,Platinum,249.7,897.6,False,11
pineapple,822,139,2,Platinum,-18.0,813.6,False,11
pineapple,822,140,2,Platinum,288.5,1079.4,False,11
pineapple,822,141,2,Platinum,568.5,1164.1,False,11
pineapple,822,142,2,Platinum,112.0,1233.0,False,11
pineapple,823,138,2,Platinum,256.3,900.6,False,11
pineapple,823,139,2,Platinum,-22.3,807.2,False,11
pineapple,823,140,2,Platinum,287.8,1093.7,False,11
pineapple,823,141,2,Platinum,556.8,1167.1,False,11
pineapple,823,142,2,Platinum,118.0,1236.0,False,11
pineapple,824,139,2,Platinum,-26.6,800.8,False,11
pineapple,824,140,2,Platinum,287.1,1108.0,False,11
pineapple,824,141,2,Platinum,554.2,1165.2,False,11
pineapple,824,142,2,Platinum,124.0,1239.0,False,11
pineapple,824,143,2,Platinum,106.5,1036.0,False,11
pineapple,825,139,2,Platinum,-30.9,794.3,False,11
pineapple,825,140,2,Platinum,286.4,1122.3,False,11
pineapple,825,141,2,Platinum,554.2,1163.1,False,11
pineapple,825,142,2,Platinum,130.0,1242.0,False,11
pineapple,825,143,2,Platinum,106.5,1020.5,False,11
pineapple,826,139,2,Platinum,-35.2,787.9,False,11
pineapple,826,140,2,Platinum,285.8,1136.6,False,11
pineapple,826,141,2,Platinum,552.9,1159.6,False,11
pineapple,826,142,2,Platinum,136.0,1245.0,False,11
pineapple,826,143,2,Platinum,111.2,1008.8,False,11
pineapple,827,139,2,Platinum,-39.6,781.4,False,11
pineapple,827,140,2,Platinum,285.1,1150.9,False,11
pineapple,827,141,2,Platinum,553.2,1160.7,False,11
pineapple,827,142,2,Platinum,142.0,1248.0,False,11
pineapple,827,143,2,Platinum,115.0,996.3,False,11
pineapple,828,140,2,Platinum,284.4,1165.2,False,11
pineapple,828,141,2,Platinum,553.4,1161.8,False,11
pineapple,828,142,2,Platinum,148.0,1251.0,False,11
pineapple,828,143,2,Platinum,118.9,983.9,False,11
pineapple,829,140,2,Platinum,283.7,1179.5,False,11
pineapple,829,141,2,Platinum,553.7,1162.8,False,11
pineapple,829,142,2,Platinum,154.0,1254.0,False,11
pineapple,829,143,2,Platinum,122.7,971.5,False,11
pineapple,830,140,2,Platinum,283.1,1193.8,False,11
pineapple,830,141,2,Platinum,553.9,1163.9,False,11
pineapple,830,142,2,Platinum,160.0,1257.0,False,11
pineapple,830,143,2,Platinum,140.7,953.1,False,11
pineapple,831,140,2,Platinum,282.4,1208.2,False,11
pineapple,831,141,2,Platinum,554.2,1165.0,False,11
pineapple,831,142,2,Platinum,166.0,1260.0,False,11
pineapple,831,143,2,Platinum,147.4,939.5,False,11
pineapple,832,140,2,Platinum,281.7,1222.5,False,11
pineapple,832,141,2,Platinum,554.4,1166.0,False,11
pineapple,832,142,2,Platinum,172.0,1263.0,False,11
pineapple,832,143,2,Platinum,147.4,934.3,False,11
pineapple,832,144,2,Platinum,39.5,925.0,False,11
pineapple,833,140,2,Platinum,281.0,1236.8,False,11
pineapple,833,141,2,Platinum,554.7,1167.1,False,11
pineapple,833,142,2,Platinum,178.0,1266.0,False,11
pineapple,833,143,2,Platinum,153.0,922.0,False,11
pineapple,833,144,2,Platinum,39.5,925.0,False,11
pineapple,834,140,2,Platinum,280.4,1251.1,False,11
pineapple,834,141,2,Platinum,554.9,1168.2,False,11
pineapple,834,142,2,Platinum,184.0,1269.0,False,11
pineapple,834,143,2,Platinum,158.7,909.6,False,11
pineapple,834,144,2,Platinum,47.0,924.5,False,11
pineapple,835,140,2,Platinum,279.7,1265.4,False,11
pineapple,835,141,2,Platinum,555.2,1169.2,False,11
pineapple,835,142,2,Platinum,190.0,1272.0,False,11
pineapple,835,143,2,Platinum,164.4,897.3,False,11
pineapple,835,144,2,Platinum,53.1,924.9,False,11
pineapple,836,140,2,Platinum,279.0,1279.7,False,11
pineapple,836,141,2,Platinum,555.4,1170.3,False,11
pineapple,836,142,2,Platinum,196.0,1275.0,False,11
pineapple,836,143,2,Platinum,170.1,885.0,False,11
pineapple,836,144,2,Platinum,56.0,928.6,False,11
pineapple,837,140,2,Platinum,278.3,1294.0,False,11
pineapple,837,141,2,Platinum,555.7,1171.3,False,11
pineapple,837,142,2,Platinum,202.0,1278.0,False,11
pineapple,837,143,2,Platinum,175.7,872.7,False,11
pineapple,837,144,2,Platinum,58.9,936.9,False,11
pineapple,837,145,2,Platinum,398.5,825.0,False,11
pineapple,838,140,2,Platinum,277.7,1308.3,False,11
pineapple,838,141,2,Platinum,555.9,1172.4,False,11
pineapple,838,142,2,Platinum,208.0,1281.0,False,11
pineapple,838,143,2,Platinum,170.2,861.0,False,11
pineapple,838,144,2,Platinum,64.0,938.4,False,11
pineapple,838,145,2,Platinum,398.5,825.0,False,11
pineapple,838,146,-1,Unknown,330.5,413.0,False,11
pineapple,839,140,2,Platinum,277.0,1322.6,False,11
pineapple,839,141,2,Platinum,556.2,1173.5,False,11
pineapple,839,142,2,Platinum,214.0,1284.0,False,11
pineapple,839,143,2,Platinum,171.1,847.2,False,11
pineapple,839,144,2,Platinum,88.9,942.2,False,11
pineapple,839,145,2,Platinum,398.5,825.0,False,11
pineapple,839,146,-1,Unknown,330.5,413.0,False,11
pineapple,839,147,-1,Unknown,392.5,1032.5,False,11
pineapple,840,140,2,Platinum,276.3,1336.9,False,11
pineapple,840,141,2,Platinum,556.4,1174.5,False,11
pineapple,840,143,2,Platinum,173.5,833.3,False,11
pineapple,840,144,2,Platinum,100.9,941.4,False,11
pineapple,840,145,2,Platinum,398.5,825.0,False,11
pineapple,840,146,-1,Unknown,330.5,413.0,False,11
pineapple,840,147,-1,Unknown,383.5,1034.0,False,11
pineapple,840,148,-1,Unknown,284.5,967.5,False,11
pineapple,841,141,2,Platinum,556.7,1175.6,False,11
pineapple,841,143,2,Platinum,176.9,816.6,False,11
pineapple,841,144,2,Platinum,105.6,940.2,False,11
pineapple,841,145,2,Platinum,398.5,825.0,False,11
pineapple,841,146,-1,Unknown,330.5,413.0,False,11
pineapple,841,147,-1,Unknown,374.5,1035.5,False,11
pineapple,841,148,-1,Unknown,287.5,973.0,False,11
pineapple,842,141,2,Platinum,556.9,1176.7,False,11
pineapple,842,143,2,Platinum,178.0,797.0,False,11
pineapple,842,144,2,Platinum,105.5,939.4,False,11
pineapple,842,145,2,Platinum,398.5,825.0,False,11
pineapple,842,146,-1,Unknown,330.5,413.0,False,11
pineapple,842,147,-1,Unknown,365.5,1037.0,False,11
pineapple,842,148,2,Platinum,280.6,972.9,False,11
pineapple,843,141,2,Platinum,557.2,1177.7,False,11
pineapple,843,143,2,Platinum,180.3,784.4,False,11
pineapple,843,144,2,Platinum,102.8,938.0,False,11
pineapple,843,145,2,Platinum,398.5,825.0,False,11
pineapple,843,146,-1,Unknown,330.5,413.0,False,11
pineapple,843,147,-1,Unknown,384.8,1050.4,False,11
pineapple,843,148,2,Platinum,277.2,967.6,False,11
pineapple,844,141,2,Platinum,557.4,1178.8,False,11
pineapple,844,143,2,Platinum,183.9,770.9,False,11
pineapple,844,144,2,Platinum,99.9,940.7,False,11
pineapple,844,145,2,Platinum,398.5,825.0,False,11
pineapple,844,146,-1,Unknown,330.5,413.0,False,11
pineapple,844,147,2,Platinum,385.7,1048.3,False,11
pineapple,844,148,2,Platinum,275.7,965.1,False,11
pineapple,845,141,2,Platinum,557.7,1179.8,False,11
pineapple,845,143,2,Platinum,170.5,757.5,False,11
pineapple,845,144,2,Platinum,101.6,940.7,False,11
pineapple,845,145,2,Platinum,398.5,825.0,False,11
pineapple,845,146,-1,Unknown,330.5,413.0,False,11
pineapple,845,147,2,Platinum,383.1,1048.7,False,11
pineapple,845,148,2,Platinum,279.5,964.4,False,11
pineapple,846,141,2,Platinum,558.0,1180.9,False,11
pineapple,846,143,2,Platinum,162.5,747.0,False,11
pineapple,846,144,2,Platinum,106.0,936.0,False,11
pineapple,846,145,2,Platinum,398.5,825.0,False,11
pineapple,846,146,-1,Unknown,330.5,413.0,False,11
pineapple,846,147,2,Platinum,379.4,1048.7,False,11
pineapple,846,148,2,Platinum,277.7,964.7,False,11
pineapple,847,143,2,Platinum,163.6,733.8,False,11
pineapple,847,144,2,Platinum,108.5,935.5,False,11
pineapple,847,145,2,Platinum,398.5,825.0,False,11
pineapple,847,146,-1,Unknown,330.5,413.0,False,11
pineapple,847,147,2,Platinum,375.4,1048.2,False,11
pineapple,847,148,2,Platinum,277.1,963.4,False,11
pineapple,848,143,2,Platinum,164.7,720.5,False,11
pineapple,848,144,2,Platinum,105.7,936.7,False,11
pineapple,848,145,2,Platinum,398.5,825.0,False,11
pineapple,848,146,-1,Unknown,330.5,413.0,False,11
pineapple,848,147,2,Platinum,374.9,1046.2,False,11
pineapple,848,148,2,Platinum,275.3,962.7,False,11
pineapple,849,143,2,Platinum,165.8,707.3,False,11
pineapple,849,144,2,Platinum,100.5,938.1,False,11
pineapple,849,145,2,Platinum,398.5,825.0,False,11
pineapple,849,146,-1,Unknown,330.5,413.0,False,11
pineapple,849,147,2,Platinum,375.9,1046.8,False,11
pineapple,849,148,2,Platinum,272.3,964.2,False,11
pineapple,850,143,2,Platinum,166.9,694.1,False,11
pineapple,850,144,2,Platinum,102.1,943.8,False,11
pineapple,850,145,2,Platinum,398.5,825.0,False,11
pineapple,850,146,-1,Unknown,330.5,413.0,False,11
pineapple,850,147,2,Platinum,377.9,1047.6,False,11
pineapple,850,148,2,Platinum,273.3,964.5,False,11
pineapple,851,143,2,Platinum,168.0,680.8,False,11
pineapple,851,144,2,Platinum,106.2,950.2,False,11
pineapple,851,145,2,Platinum,398.5,825.0,False,11
pineapple,851,146,-1,Unknown,330.5,413.0,False,11
pineapple,851,147,2,Platinum,376.4,1046.6,False,11
pineapple,851,148,2,Platinum,274.0,968.3,False,11
pineapple,852,143,2,Platinum,169.2,667.6,False,11
pineapple,852,144,2,Platinum,108.0,951.6,False,11
pineapple,852,145,2,Platinum,398.5,825.0,False,11
pineapple,852,146,-1,Unknown,330.5,413.0,False,11
pineapple,852,147,2,Platinum,374.2,1045.1,False,11
pineapple,852,148,2,Platinum,272.7,970.7,False,11
pineapple,853,143,2,Platinum,170.3,654.4,False,11
pineapple,853,144,2,Platinum,108.6,958.7,False,11
pineapple,853,145,2,Platinum,398.5,825.0,False,11
pineapple,853,146,-1,Unknown,330.5,413.0,False,11
pineapple,853,147,2,Platinum,370.8,1043.9,False,11
pineapple,853,148,2,Platinum,273.9,968.6,False,11
pineapple,854,143,2,Platinum,171.4,641.2,False,11
pineapple,854,144,2,Platinum,107.1,965.5,False,11
pineapple,854,145,2,Platinum,398.5,825.0,False,11
pineapple,854,146,-1,Unknown,330.5,413.0,False,11
pineapple,854,147,2,Platinum,369.6,1044.3,False,11
pineapple,854,148,2,Platinum,275.3,962.9,False,11
pineapple,855,143,2,Platinum,172.5,627.9,False,11
pineapple,855,144,2,Platinum,108.1,974.9,False,11
pineapple,855,145,2,Platinum,398.5,825.0,False,11
pineapple,855,146,-1,Unknown,330.5,413.0,False,11
pineapple,855,147,2,Platinum,377.4,1040.6,False,11
pineapple,855,148,2,Platinum,275.3,958.1,False,11
pineapple,856,143,2,Platinum,173.6,614.7,False,11
pineapple,856,144,2,Platinum,115.2,981.0,False,11
pineapple,856,145,2,Platinum,398.5,825.0,False,11
pineapple,856,146,-1,Unknown,330.5,413.0,False,11
pineapple,856,147,2,Platinum,377.1,1040.6,False,11
pineapple,856,148,2,Platinum,276.2,952.4,False,11
pineapple,857,143,2,Platinum,174.7,601.5,False,11
pineapple,857,144,2,Platinum,124.4,985.8,False,11
pineapple,857,145,2,Platinum,398.5,825.0,False,11
pineapple,857,146,-1,Unknown,330.5,413.0,False,11
pineapple,857,147,2,Platinum,376.8,1040.6,False,11
pineapple,857,148,2,Platinum,279.6,945.0,False,11
pineapple,858,143,2,Platinum,175.8,588.2,False,11
pineapple,858,144,2,Platinum,130.8,989.8,False,11
pineapple,858,146,-1,Unknown,330.5,413.0,False,11
pineapple,858,147,2,Platinum,376.4,1040.5,False,11
pineapple,858,148,2,Platinum,302.2,978.4,False,11
pineapple,859,143,2,Platinum,177.0,575.0,False,11
pineapple,859,144,2,Platinum,132.7,997.1,False,11
pineapple,859,147,2,Platinum,376.1,1040.5,False,11
pineapple,859,148,2,Platinum,312.0,989.7,False,11
pineapple,860,143,2,Platinum,178.1,561.8,False,11
pineapple,860,144,2,Platinum,139.6,1001.0,False,11
pineapple,860,147,2,Platinum,375.8,1040.5,False,11
pineapple,860,148,2,Platinum,316.3,987.1,False,11
pineapple,861,143,2,Platinum,179.2,548.5,False,11
pineapple,861,144,2,Platinum,149.9,1007.0,False,11
pineapple,861,147,2,Platinum,375.5,1040.4,False,11
pineapple,861,148,2,Platinum,323.1,982.4,False,11
pineapple,862,143,2,Platinum,180.3,535.3,False,11
pineapple,862,144,2,Platinum,157.0,1015.9,False,11
pineapple,862,147,2,Platinum,375.2,1040.4,False,11
pineapple,862,148,2,Platinum,326.5,983.6,False,11
pineapple,863,143,2,Platinum,181.4,522.1,False,11
pineapple,863,144,2,Platinum,159.8,1023.4,False,11
pineapple,863,147,2,Platinum,374.8,1040.4,False,11
pineapple,863,148,2,Platinum,329.9,984.8,False,11
pineapple,864,143,2,Platinum,182.5,508.8,False,11
pineapple,864,144,2,Platinum,160.1,1036.9,False,11
pineapple,864,147,2,Platinum,374.5,1040.3,False,11
pineapple,864,148,2,Platinum,333.4,986.0,False,11
pineapple,865,143,2,Platinum,183.7,495.6,False,11
pineapple,865,144,2,Platinum,164.1,1042.6,False,11
pineapple,865,147,2,Platinum,374.2,1040.3,False,11
pineapple,865,148,2,Platinum,336.8,987.2,False,11
pineapple,866,143,2,Platinum,184.8,482.4,False,11
pineapple,866,144,2,Platinum,168.0,1048.2,False,11
pineapple,866,147,2,Platinum,373.9,1040.3,False,11
pineapple,866,148,2,Platinum,340.2,988.4,False,11
pineapple,867,144,2,Platinum,193.3,1064.4,False,11
pineapple,867,147,2,Platinum,373.6,1040.2,False,11
pineapple,867,148,2,Platinum,343.7,989.6,False,11
pineapple,868,144,2,Platinum,196.6,1075.0,False,11
pineapple,868,147,2,Platinum,373.3,1040.2,False,11
pineapple,868,148,2,Platinum,301.5,938.9,False,11
pineapple,869,144,2,Platinum,202.1,1081.9,False,11
pineapple,869,147,2,Platinum,372.9,1040.2,False,11
pineapple,869,148,2,Platinum,294.4,943.7,False,11
pineapple,870,144,2,Platinum,207.7,1088.8,False,11
pineapple,870,147,2,Platinum,372.6,1040.1,False,11
pineapple,870,148,2,Platinum,293.9,941.8,False,11
pineapple,871,144,2,Platinum,212.6,1113.1,False,11
pineapple,871,147,2,Platinum,372.3,1040.1,False,11
pineapple,871,148,2,Platinum,293.5,939.8,False,11
pineapple,872,144,2,Platinum,218.1,1121.4,False,11
pineapple,872,147,2,Platinum,372.0,1040.1,False,11
pineapple,872,148,2,Platinum,293.1,937.9,False,11
pineapple,872,149,-1,Unknown,638.0,714.5,False,11
pineapple,872,150,-1,Unknown,264.0,662.0,False,11
pineapple,873,144,2,Platinum,223.5,1129.7,False,11
pineapple,873,147,2,Platinum,371.7,1040.0,False,11
pineapple,873,148,2,Platinum,292.6,936.0,False,11
pineapple,873,149,-1,Unknown,638.0,714.5,False,11
pineapple,873,150,-1,Unknown,267.5,664.0,False,11
pineapple,874,144,2,Platinum,229.0,1138.0,False,11
pineapple,874,147,2,Platinum,371.3,1040.0,False,11
pineapple,874,148,2,Platinum,292.2,934.1,False,11
pineapple,874,149,-1,Unknown,638.0,714.5,False,11
pineapple,874,150,-1,Unknown,263.5,665.1,False,11
pineapple,874,151,1,Pineapple,423.0,159.0,False,11
pineapple,875,144,2,Platinum,234.5,1146.4,False,11
pineapple,875,147,2,Platinum,371.0,1040.0,False,11
pineapple,875,148,2,Platinum,291.8,932.2,False,11
pineapple,875,149,-1,Unknown,638.0,714.5,False,11
pineapple,875,150,-1,Unknown,260.9,666.3,False,11
pineapple,875,151,1,Pineapple,405.0,161.0,False,11
pineapple,876,144,2,Platinum,239.9,1154.7,False,11
pineapple,876,148,2,Platinum,291.3,930.3,False,11
pineapple,876,149,-1,Unknown,638.0,714.5,False,11
pineapple,876,150,-1,Unknown,258.2,667.5,False,11
pineapple,876,151,1,Pineapple,387.0,163.0,False,11
pineapple,877,144,2,Platinum,245.4,1163.0,False,11
pineapple,877,148,2,Platinum,290.9,928.3,False,11
pineapple,877,149,-1,Unknown,638.0,714.5,False,11
pineapple,877,150,-1,Unknown,255.6,668.8,False,11
pineapple,877,151,1,Pineapple,369.0,165.0,False,11
pineapple,878,144,2,Platinum,250.9,1171.4,False,11
pineapple,878,148,2,Platinum,290.5,926.4,False,11
pineapple,878,149,-1,Unknown,638.0,714.5,False,11
pineapple,878,150,-1,Unknown,253.0,670.0,False,11
pineapple,878,151,1,Pineapple,351.1,167.0,False,11
pineapple,879,144,2,Platinum,256.3,1179.7,False,11
pineapple,879,148,2,Platinum,290.0,924.5,False,11
pineapple,879,149,-1,Unknown,638.0,714.5,False,11
pineapple,879,150,-1,Unknown,250.4,671.2,False,11
pineapple,879,151,1,Pineapple,333.1,169.0,False,11
pineapple,880,144,2,Platinum,261.8,1188.0,False,11
pineapple,880,148,2,Platinum,290.5,825.2,False,11
pineapple,880,149,-1,Unknown,638.0,714.5,False,11
pineapple,880,150,2,Platinum,181.2,681.9,False,11
pineapple,880,151,1,Pineapple,315.1,171.0,False,11
pineapple,881,144,2,Platinum,267.3,1196.3,False,11
pineapple,881,148,2,Platinum,290.1,817.4,False,11
pineapple,881,149,-1,Unknown,638.0,714.5,False,11
pineapple,881,150,2,Platinum,177.9,685.2,False,11
pineapple,881,151,1,Pineapple,297.1,173.0,False,11
pineapple,881,152,-1,Unknown,144.5,976.5,False,11
pineapple,882,144,2,Platinum,272.7,1204.7,False,11
pineapple,882,148,2,Platinum,289.7,809.5,False,11
pineapple,882,149,-1,Unknown,559.5,692.0,False,11
pineapple,882,150,2,Platinum,166.8,687.9,False,11
pineapple,882,151,1,Pineapple,279.2,175.0,False,11
pineapple,882,152,-1,Unknown,144.5,976.5,False,11
pineapple,883,144,2,Platinum,278.2,1213.0,False,11
pineapple,883,148,2,Platinum,262.9,856.4,False,11
pineapple,883,149,-1,Unknown,552.6,693.1,False,11
pineapple,883,150,2,Platinum,167.4,694.5,False,11
pineapple,883,151,1,Pineapple,261.2,177.0,False,11
pineapple,883,152,-1,Unknown,137.5,1013.5,False,11
pineapple,884,144,2,Platinum,283.7,1221.3,False,11
pineapple,884,148,2,Platinum,260.4,852.9,False,11
pineapple,884,149,-1,Unknown,544.9,691.4,False,11
pineapple,884,150,2,Platinum,167.5,718.3,False,11
pineapple,884,151,1,Pineapple,243.2,179.0,False,11
pineapple,884,152,2,Platinum,137.9,1029.4,False,11
pineapple,885,144,2,Platinum,289.1,1229.6,False,11
pineapple,885,148,2,Platinum,252.1,885.5,False,11
pineapple,885,149,-1,Unknown,537.2,689.6,False,11
pineapple,885,150,2,Platinum,167.6,732.3,False,11
pineapple,885,151,1,Pineapple,225.2,181.0,False,11
pineapple,885,152,2,Platinum,140.6,1053.7,False,11
pineapple,886,144,2,Platinum,294.6,1238.0,False,11
pineapple,886,148,2,Platinum,249.1,885.1,False,11
pineapple,886,149,-1,Unknown,529.5,687.8,False,11
pineapple,886,150,2,Platinum,160.0,738.8,False,11
pineapple,886,151,1,Pineapple,207.2,183.0,False,11
pineapple,886,152,2,Platinum,141.1,1073.9,False,11
pineapple,887,144,2,Platinum,300.1,1246.3,False,11
pineapple,887,148,2,Platinum,246.1,884.7,False,11
pineapple,887,149,-1,Unknown,521.8,686.0,False,11
pineapple,887,150,2,Platinum,169.6,746.2,False,11
pineapple,887,151,1,Pineapple,189.3,185.0,False,11
pineapple,887,152,2,Platinum,141.6,1094.1,False,11
pineapple,888,144,2,Platinum,305.5,1254.6,False,11
pineapple,888,148,2,Platinum,243.1,884.3,False,11
pineapple,888,149,-1,Unknown,514.0,684.3,False,11
pineapple,888,150,2,Platinum,163.8,752.8,False,11
pineapple,888,151,1,Pineapple,171.3,187.0,False,11
pineapple,888,152,2,Platinum,142.1,1114.3,False,11
pineapple,889,144,2,Platinum,311.0,1262.9,False,11
pineapple,889,148,2,Platinum,240.2,884.0,False,11
pineapple,889,149,-1,Unknown,506.3,682.5,False,11
pineapple,889,150,2,Platinum,198.7,761.1,False,11
pineapple,889,151,1,Pineapple,153.3,189.0,False,11
pineapple,889,152,2,Platinum,142.7,1134.4,False,11
pineapple,890,144,2,Platinum,316.5,1271.3,False,11
pineapple,890,148,2,Platinum,237.2,883.6,False,11
pineapple,890,149,-1,Unknown,498.6,680.7,False,11
pineapple,890,150,2,Platinum,214.8,767.3,False,11
pineapple,890,151,1,Pineapple,135.3,191.0,False,11
pineapple,890,152,2,Platinum,143.2,1154.6,False,11
pineapple,890,153,2,Platinum,307.0,1056.0,False,11
pineapple,891,144,2,Platinum,321.9,1279.6,False,11
pineapple,891,148,2,Platinum,234.2,883.2,False,11
pineapple,891,149,-1,Unknown,490.9,679.0,False,11
pineapple,891,150,2,Platinum,227.3,773.3,False,11
pineapple,891,151,1,Pineapple,117.3,193.0,False,11
pineapple,891,152,2,Platinum,143.7,1174.8,False,11
pineapple,891,153,2,Platinum,307.0,1056.0,False,11
pineapple,892,148,2,Platinum,231.2,882.9,False,11
pineapple,892,149,-1,Unknown,483.2,677.2,False,11
pineapple,892,150,2,Platinum,228.3,780.0,False,11
pineapple,892,151,1,Pineapple,99.4,195.0,False,11
pineapple,892,152,2,Platinum,144.2,1194.9,False,11
pineapple,892,153,2,Platinum,307.0,1056.0,False,11
pineapple,893,148,2,Platinum,228.2,882.5,False,11
pineapple,893,149,-1,Unknown,475.5,675.4,False,11
pineapple,893,150,2,Platinum,260.7,787.7,False,11
pineapple,893,151,1,Pineapple,81.4,197.0,False,11
pineapple,893,152,2,Platinum,144.7,1215.1,False,11
pineapple,893,153,2,Platinum,307.0,1056.0,False,11
pineapple,894,148,2,Platinum,225.2,882.1,False,11
pineapple,894,149,-1,Unknown,467.8,673.7,False,11
pineapple,894,150,2,Platinum,264.6,794.4,False,11
pineapple,894,151,1,Pineapple,63.4,199.0,False,11
pineapple,894,152,2,Platinum,145.3,1235.3,False,11
pineapple,894,153,2,Platinum,307.0,1056.0,False,11
pineapple,895,148,2,Platinum,222.2,881.7,False,11
pineapple,895,149,-1,Unknown,460.0,671.9,False,11
pineapple,895,150,2,Platinum,268.5,801.2,False,11
pineapple,895,151,1,Pineapple,45.4,201.0,False,11
pineapple,895,152,2,Platinum,145.8,1255.4,False,11
pineapple,895,153,2,Platinum,307.0,1056.0,False,11
pineapple,896,148,2,Platinum,219.2,881.4,False,11
pineapple,896,149,-1,Unknown,452.3,670.1,False,11
pineapple,896,150,2,Platinum,272.3,807.9,False,11
pineapple,896,152,2,Platinum,146.3,1275.6,False,11
pineapple,896,153,2,Platinum,327.0,1060.0,False,11
pineapple,896,154,2,Platinum,378.0,1169.5,False,11
pineapple,897,148,2,Platinum,216.2,881.0,False,11
pineapple,897,149,-1,Unknown,444.6,668.3,False,11
pineapple,897,150,2,Platinum,276.2,814.7,False,11
pineapple,897,152,2,Platinum,146.8,1295.8,False,11
pineapple,897,153,2,Platinum,330.3,1060.7,False,11
pineapple,897,154,2,Platinum,390.5,1167.0,False,11
pineapple,898,148,2,Platinum,213.3,880.6,False,11
pineapple,898,149,-1,Unknown,436.9,666.6,False,11
pineapple,898,150,2,Platinum,336.7,860.9,False,11
pineapple,898,152,2,Platinum,147.3,1315.9,False,11
pineapple,898,153,2,Platinum,333.7,1061.3,False,11
pineapple,898,154,2,Platinum,403.0,1164.5,False,11
pineapple,899,148,2,Platinum,210.3,880.3,False,11
pineapple,899,149,-1,Unknown,429.2,664.8,False,11
pineapple,899,150,2,Platinum,344.9,870.7,False,11
pineapple,899,152,2,Platinum,147.9,1336.1,False,11
pineapple,899,153,2,Platinum,311.2,1103.6,False,11
pineapple,899,154,2,Platinum,346.3,1212.6,False,11
pineapple,900,148,2,Platinum,207.3,879.9,False,11
pineapple,900,149,-1,Unknown,421.5,663.0,False,11
pineapple,900,150,2,Platinum,351.5,878.9,False,11
pineapple,900,152,2,Platinum,148.4,1356.3,False,11
pineapple,900,153,2,Platinum,312.5,1106.9,False,11
pineapple,900,154,2,Platinum,327.3,1233.1,False,11
pineapple,901,148,2,Platinum,204.3,879.5,False,11
pineapple,901,149,-1,Unknown,413.8,661.3,False,11
pineapple,901,150,2,Platinum,351.2,886.9,False,11
pineapple,901,152,2,Platinum,148.9,1376.4,False,11
pineapple,901,153,2,Platinum,322.8,1108.2,False,11
pineapple,901,154,2,Platinum,308.3,1253.6,False,11
pineapple,902,148,2,Platinum,201.3,879.2,False,12
pineapple,902,149,-1,Unknown,406.1,659.5,False,12
pineapple,902,150,2,Platinum,366.7,893.2,False,12
pineapple,902,152,2,Platinum,149.4,1396.6,False,12
pineapple,902,153,2,Platinum,333.7,1122.3,True,12
pineapple,902,154,2,Platinum,289.3,1274.1,False,12
pineapple,902,155,2,Platinum,602.0,1074.0,False,12
pineapple,903,148,2,Platinum,198.3,878.8,False,12
pineapple,903,149,-1,Unknown,398.3,657.7,False,12
pineapple,903,150,2,Platinum,380.2,909.3,False,12
pineapple,903,152,2,Platinum,149.9,1416.8,False,12
pineapple,903,153,2,Platinum,324.9,1131.6,False,12
pineapple,903,154,2,Platinum,270.3,1294.6,False,12
pineapple,903,155,2,Platinum,602.0,1074.0,False,12
pineapple,903,156,-1,Unknown,49.0,945.5,False,12
pineapple,903,157,-1,Unknown,426.5,1176.5,False,12
pineapple,904,148,2,Platinum,195.3,878.4,False,12
pineapple,904,150,2,Platinum,388.9,920.0,False,12
pineapple,904,152,2,Platinum,150.5,1436.9,False,12
pineapple,904,153,2,Platinum,325.8,1139.3,False,12
pineapple,904,154,2,Platinum,251.4,1315.1,False,12
pineapple,904,155,2,Platinum,602.0,1074.0,False,12
pineapple,904,156,-1,Unknown,50.5,952.5,False,12
pineapple,904,157,-1,Unknown,426.5,1176.5,False,12
pineapple,905,148,2,Platinum,192.3,878.0,False,12
pineapple,905,150,2,Platinum,394.9,922.5,False,12
pineapple,905,152,2,Platinum,151.0,1457.1,False,12
pineapple,905,153,2,Platinum,345.0,1136.0,False,12
pineapple,905,154,2,Platinum,232.4,1335.6,False,12
pineapple,905,155,2,Platinum,602.0,1074.0,False,12
pineapple,905,156,-1,Unknown,51.1,955.7,False,12
pineapple,905,157,-1,Unknown,426.5,1176.5,False,12
pineapple,905,158,-1,Unknown,313.0,806.0,False,12
pineapple,906,150,2,Platinum,401.8,922.8,False,12
pineapple,906,153,2,Platinum,353.1,1138.4,False,12
pineapple,906,154,2,Platinum,213.4,1356.1,False,12
pineapple,906,155,2,Platinum,602.0,1074.0,False,12
pineapple,906,156,2,Platinum,49.4,958.7,False,12
pineapple,906,157,-1,Unknown,426.5,1176.5,False,12
pineapple,906,158,-1,Unknown,313.0,806.0,False,12
pineapple,907,150,2,Platinum,407.7,922.3,False,12
pineapple,907,153,2,Platinum,357.5,1133.2,False,12
pineapple,907,154,2,Platinum,194.4,1376.6,False,12
pineapple,907,155,2,Platinum,602.0,1074.0,False,12
pineapple,907,156,2,Platinum,50.2,961.6,False,12
pineapple,907,157,-1,Unknown,426.5,1176.5,False,12
pineapple,907,158,-1,Unknown,307.0,824.5,False,12
pineapple,908,150,2,Platinum,413.0,926.7,False,12
pineapple,908,153,2,Platinum,354.8,1128.4,False,12
pineapple,908,154,2,Platinum,175.4,1397.0,False,12
pineapple,908,155,2,Platinum,602.0,1074.0,False,12
pineapple,908,156,2,Platinum,53.0,970.2,False,12
pineapple,908,157,-1,Unknown,426.5,1176.5,False,12
pineapple,908,158,-1,Unknown,304.0,833.7,False,12
pineapple,908,159,-1,Unknown,371.0,621.5,False,12
pineapple,909,150,2,Platinum,417.0,931.4,False,12
pineapple,909,153,2,Platinum,335.2,1121.9,False,12
pineapple,909,154,2,Platinum,156.4,1417.5,False,12
pineapple,909,155,2,Platinum,602.0,1074.0,False,12
pineapple,909,156,2,Platinum,52.9,975.0,False,12
pineapple,909,157,-1,Unknown,426.5,1176.5,False,12
pineapple,909,158,-1,Unknown,301.0,843.0,False,12
pineapple,909,159,-1,Unknown,371.0,621.5,False,12
pineapple,910,150,2,Platinum,417.9,934.6,False,12
pineapple,910,153,2,Platinum,327.4,1117.7,False,12
pineapple,910,154,2,Platinum,137.5,1438.0,False,12
pineapple,910,155,2,Platinum,602.0,1074.0,False,12
pineapple,910,156,2,Platinum,52.8,982.0,False,12
pineapple,910,157,-1,Unknown,426.5,1176.5,False,12
pineapple,910,158,-1,Unknown,298.0,852.2,False,12
pineapple,910,159,-1,Unknown,371.0,621.5,False,12
pineapple,911,150,2,Platinum,416.8,943.4,False,12
pineapple,911,153,2,Platinum,313.6,1115.3,False,12
pineapple,911,154,2,Platinum,118.5,1458.5,False,12
pineapple,911,155,2,Platinum,602.0,1074.0,False,12
pineapple,911,156,2,Platinum,52.0,986.0,False,12
pineapple,911,157,-1,Unknown,426.5,1176.5,False,12
pineapple,911,158,-1,Unknown,295.0,861.5,False,12
pineapple,911,159,-1,Unknown,371.0,621.5,False,12
pineapple,912,150,2,Platinum,414.1,947.5,False,12
pineapple,912,153,2,Platinum,302.9,1113.4,False,12
pineapple,912,154,2,Platinum,99.5,1479.0,False,12
pineapple,912,155,2,Platinum,602.0,1074.0,False,12
pineapple,912,156,2,Platinum,52.1,989.0,False,12
pineapple,912,157,-1,Unknown,426.5,1176.5,False,12
pineapple,912,158,-1,Unknown,292.0,870.7,False,12
pineapple,912,159,-1,Unknown,371.0,621.5,False,12
pineapple,913,150,2,Platinum,412.0,948.8,False,12
pineapple,913,153,2,Platinum,295.6,1106.4,False,12
pineapple,913,154,2,Platinum,80.5,1499.5,False,12
pineapple,913,155,2,Platinum,602.0,1074.0,False,12
pineapple,913,156,2,Platinum,52.1,989.5,False,12
pineapple,913,157,-1,Unknown,426.5,1176.5,False,12
pineapple,913,158,-1,Unknown,289.0,880.0,False,12
pineapple,913,159,-1,Unknown,371.0,621.5,False,12
pineapple,914,150,2,Platinum,408.1,950.4,False,12
pineapple,914,153,2,Platinum,289.0,1099.4,False,12
pineapple,914,154,2,Platinum,61.5,1520.0,False,12
pineapple,914,155,2,Platinum,602.0,1074.0,False,12
pineapple,914,156,2,Platinum,53.4,1003.2,False,12
pineapple,914,157,-1,Unknown,426.5,1176.5,False,12
pineapple,914,158,-1,Unknown,286.0,889.2,False,12
pineapple,914,159,-1,Unknown,371.0,621.5,False,12
pineapple,915,150,2,Platinum,403.8,954.1,False,12
pineapple,915,153,2,Platinum,284.9,1094.2,False,12
pineapple,915,154,2,Platinum,42.6,1540.5,False,12
pineapple,915,155,2,Platinum,602.0,1074.0,False,12
pineapple,915,156,2,Platinum,55.3,1012.8,False,12
pineapple,915,157,-1,Unknown,426.5,1176.5,False,12
pineapple,915,158,-1,Unknown,283.0,898.5,False,12
pineapple,915,159,-1,Unknown,371.0,621.5,False,12
pineapple,915,160,2,Platinum,157.5,729.0,False,12
pineapple,916,150,2,Platinum,407.0,959.7,False,12
pineapple,916,153,2,Platinum,287.8,1089.9,False,12
pineapple,916,154,2,Platinum,23.6,1561.0,False,12
pineapple,916,155,2,Platinum,602.0,1074.0,False,12
pineapple,916,156,2,Platinum,54.9,1022.9,False,12
pineapple,916,157,-1,Unknown,426.5,1176.5,False,12
pineapple,916,158,-1,Unknown,280.0,907.7,False,12
pineapple,916,159,-1,Unknown,371.0,621.5,False,12
pineapple,916,160,2,Platinum,161.0,729.5,False,12
pineapple,916,161,2,Platinum,268.5,489.5,False,12
pineapple,917,150,2,Platinum,404.3,965.5,False,12
pineapple,917,153,2,Platinum,289.9,1090.9,False,12
pineapple,917,154,2,Platinum,4.6,1581.5,False,12
pineapple,917,155,2,Platinum,652.0,1090.5,False,12
pineapple,917,156,2,Platinum,56.4,1032.7,False,12
pineapple,917,157,-1,Unknown,426.5,1176.5,False,12
pineapple,917,158,-1,Unknown,277.0,917.0,False,12
pineapple,917,159,-1,Unknown,371.0,621.5,False,12
pineapple,917,160,2,Platinum,160.7,740.4,False,12
pineapple,917,161,2,Platinum,268.5,489.5,False,12
pineapple,918,150,2,Platinum,412.3,973.7,False,12
pineapple,918,153,2,Platinum,293.8,1095.6,False,12
pineapple,918,154,2,Platinum,-14.4,1602.0,False,12
pineapple,918,155,2,Platinum,655.3,1091.6,False,12
pineapple,918,156,2,Platinum,58.6,1041.8,False,12
pineapple,918,157,-1,Unknown,426.5,1176.5,False,12
pineapple,918,158,-1,Unknown,274.0,926.2,False,12
pineapple,918,159,-1,Unknown,396.0,656.0,False,12
pineapple,918,160,2,Platinum,163.1,744.8,False,12
pineapple,918,161,2,Platinum,251.0,520.5,False,12
pineapple,919,150,2,Platinum,414.8,976.6,False,12
pineapple,919,153,2,Platinum,295.3,1097.1,False,12
pineapple,919,154,2,Platinum,-33.4,1622.5,False,12
pineapple,919,155,2,Platinum,658.7,1092.7,False,12
pineapple,919,156,2,Platinum,59.4,1044.9,False,12
pineapple,919,157,-1,Unknown,426.5,1176.5,False,12
pineapple,919,158,-1,Unknown,271.0,935.5,False,12
pineapple,919,159,2,Platinum,396.7,656.6,False,12
pineapple,919,160,2,Platinum,163.7,745.6,False,12
pineapple,919,161,2,Platinum,250.2,521.8,False,12
platinum,1,1,0,Black,429.0,491.5,False,0
platinum,1,2,0,Black,956.5,463.0,False,0
platinum,1,3,0,Black,155.0,459.0,False,0
platinum,1,4,0,Black,528.0,292.0,False,0
platinum,2,1,0,Black,427.5,489.5,False,0
platinum,2,2,0,Black,957.0,461.5,False,0
platinum,2,3,0,Black,160.0,455.5,False,0
platinum,2,4,0,Black,524.5,292.5,False,0
platinum,2,5,-1,Unknown,1056.5,566.5,False,0
platinum,3,1,0,Black,426.0,488.0,False,0
platinum,3,2,0,Black,960.8,457.6,False,0
platinum,3,3,0,Black,165.0,452.0,False,0
platinum,3,4,0,Black,521.0,293.0,False,0
platinum,3,5,-1,Unknown,1056.5,566.5,False,0
platinum,4,1,0,Black,422.8,489.4,False,0
platinum,4,2,0,Black,966.1,456.2,False,0
platinum,4,3,0,Black,159.7,455.9,False,0
platinum,4,4,0,Black,517.5,293.5,False,0
platinum,4,5,-1,Unknown,1112.0,553.5,False,0
platinum,5,1,0,Black,425.6,490.3,False,0
platinum,5,2,0,Black,967.7,455.5,False,0
platinum,5,3,0,Black,158.0,455.2,False,0
platinum,5,4,0,Black,514.0,294.0,False,0
platinum,5,5,0,Black,1125.3,550.0,False,0
platinum,6,1,0,Black,428.0,489.0,False,0
platinum,6,2,0,Black,968.4,455.4,False,0
platinum,6,3,0,Black,157.7,454.8,False,0
platinum,6,4,0,Black,510.5,294.5,False,0
platinum,6,5,0,Black,1127.5,547.1,False,0
platinum,7,1,0,Black,423.8,487.5,False,0
platinum,7,2,0,Black,966.0,458.3,False,0
platinum,7,3,0,Black,157.3,454.5,False,0
platinum,7,4,0,Black,514.0,295.5,False,0
platinum,7,5,0,Black,1132.2,543.4,False,0
platinum,7,6,0,Black,1148.0,187.0,False,0
platinum,8,1,0,Black,420.9,488.4,False,0
platinum,8,2,0,Black,976.6,457.6,False,0
platinum,8,3,0,Black,156.9,454.1,False,0
platinum,8,4,0,Black,511.8,296.1,False,0
platinum,8,5,0,Black,1145.9,538.1,False,0
platinum,8,6,0,Black,1148.0,187.0,False,0
platinum,9,1,0,Black,425.1,490.1,False,0
platinum,9,2,0,Black,987.5,456.0,False,0
platinum,9,3,0,Black,156.5,453.8,False,0
platinum,9,4,0,Black,509.7,296.7,False,0
platinum,9,5,0,Black,1156.4,533.8,False,0
platinum,9,6,0,Black,1148.0,187.0,False,0
platinum,10,1,0,Black,427.3,490.1,False,0
platinum,10,2,0,Black,998.8,449.7,False,0
platinum,10,3,0,Black,156.2,453.4,False,0
platinum,10,4,0,Black,507.5,297.3,False,0
platinum,10,5,0,Black,1167.0,529.6,False,0
platinum,10,6,0,Black,1148.0,187.0,False,0
platinum,11,1,0,Black,428.8,489.7,False,0
platinum,11,2,0,Black,1013.5,452.1,False,0
platinum,11,3,0,Black,155.8,453.1,False,0
platinum,11,4,0,Black,505.4,297.9,False,0
platinum,11,5,0,Black,1177.5,525.4,False,0
platinum,11,6,0,Black,1148.0,187.0,False,0
platinum,11,7,0,Black,816.5,285.5,False,0
platinum,12,1,0,Black,430.4,491.3,False,0
platinum,12,2,0,Black,1014.4,455.7,False,0
platinum,12,3,0,Black,155.4,452.7,False,0
platinum,12,4,0,Black,503.2,298.5,False,0
platinum,12,5,0,Black,1188.0,521.2,False,0
platinum,12,6,0,Black,1148.0,187.0,False,0
platinum,12,7,0,Black,817.5,284.5,False,0
platinum,13,1,0,Black,431.9,492.8,False,0
platinum,13,2,0,Black,1020.1,459.1,False,0
platinum,13,3,0,Black,155.0,452.4,False,0
platinum,13,4,0,Black,501.1,299.1,False,0
platinum,13,5,0,Black,1198.5,516.9,False,0
platinum,13,6,0,Black,1148.0,187.0,False,0
platinum,13,7,0,Black,818.0,284.4,False,0
platinum,14,1,0,Black,436.2,492.7,False,0
platinum,14,2,0,Black,1004.8,458.1,False,0
platinum,14,3,0,Black,154.6,452.0,False,0
platinum,14,4,0,Black,498.9,299.7,False,0
platinum,14,5,0,Black,1209.1,512.7,False,0
platinum,14,6,0,Black,1148.0,187.0,False,0
platinum,14,7,0,Black,818.6,284.2,False,0
platinum,15,1,0,Black,431.1,495.0,False,0
platinum,15,2,0,Black,996.6,459.7,False,0
platinum,15,3,0,Black,154.3,451.7,False,0
platinum,15,4,0,Black,496.8,300.3,False,0
platinum,15,5,0,Black,1219.6,508.5,False,0
platinum,15,6,0,Black,1148.0,187.0,False,0
platinum,15,7,0,Black,819.3,284.0,False,0
platinum,16,1,0,Black,426.5,495.5,False,0
platinum,16,2,0,Black,1022.3,460.9,False,0
platinum,16,3,0,Black,153.9,451.3,False,0
platinum,16,4,0,Black,494.6,300.9,False,0
platinum,16,5,0,Black,1230.1,504.3,False,0
platinum,16,6,0,Black,1148.0,187.0,False,0
platinum,16,7,0,Black,819.9,283.7,False,0
platinum,17,1,0,Black,424.8,497.7,False,0
platinum,17,2,0,Black,1035.9,464.0,False,0
platinum,17,3,0,Black,153.5,451.0,False,0
platinum,17,4,0,Black,492.5,301.5,False,0
platinum,17,5,0,Black,1240.6,500.0,False,0
platinum,17,6,0,Black,1148.0,187.0,False,0
platinum,17,7,0,Black,820.5,283.5,False,0
platinum,18,1,0,Black,427.5,496.5,False,0
platinum,18,2,0,Black,1046.4,468.5,False,0
platinum,18,3,0,Black,153.1,450.6,False,0
platinum,18,4,0,Black,490.3,302.1,False,0
platinum,18,5,0,Black,1251.2,495.8,False,0
platinum,18,6,0,Black,1148.0,187.0,False,0
platinum,18,7,0,Black,821.1,283.3,False,0
platinum,19,1,0,Black,435.7,495.4,False,0
platinum,19,2,0,Black,1054.2,470.8,False,0
platinum,19,3,0,Black,152.8,450.3,False,0
platinum,19,4,0,Black,488.2,302.7,False,0
platinum,19,5,0,Black,1261.7,491.6,False,0
platinum,19,6,0,Black,1148.0,187.0,False,0
platinum,19,7,0,Black,821.7,283.0,False,0
platinum,20,1,0,Black,441.4,494.9,False,0
platinum,20,2,0,Black,1049.0,471.9,False,0
platinum,20,3,0,Black,152.4,449.9,False,0
platinum,20,4,0,Black,486.0,303.2,False,0
platinum,20,5,0,Black,1272.2,487.4,False,0
platinum,20,6,0,Black,1148.0,187.0,False,0
platinum,20,7,0,Black,822.4,282.8,False,0
platinum,21,1,0,Black,439.3,495.1,False,0
platinum,21,2,0,Black,1054.1,472.7,False,0
platinum,21,3,0,Black,152.0,449.6,False,0
platinum,21,4,0,Black,483.9,303.8,False,0
platinum,21,5,0,Black,1282.7,483.1,False,0
platinum,21,6,0,Black,1148.0,187.0,False,0
platinum,21,7,0,Black,823.0,282.6,False,0
platinum,22,1,0,Black,439.4,494.1,False,0
platinum,22,2,0,Black,1058.1,473.9,False,0
platinum,22,3,0,Black,151.6,449.2,False,0
platinum,22,4,0,Black,481.7,304.4,False,0
platinum,22,5,0,Black,1293.2,478.9,False,0
platinum,22,6,0,Black,1148.0,187.0,False,0
platinum,22,7,0,Black,823.6,282.3,False,0
platinum,23,1,0,Black,440.4,492.5,False,0
platinum,23,2,0,Black,1065.7,474.0,False,0
platinum,23,3,0,Black,151.3,448.9,False,0
platinum,23,4,0,Black,479.5,305.0,False,0
platinum,23,5,0,Black,1303.8,474.7,False,0
platinum,23,6,0,Black,1148.0,187.0,False,0
platinum,23,7,0,Black,824.2,282.1,False,0
platinum,24,1,0,Black,439.5,494.4,False,0
platinum,24,2,0,Black,1055.6,476.0,False,0
platinum,24,3,0,Black,150.9,448.6,False,0
platinum,24,4,0,Black,477.4,305.6,False,0
platinum,24,5,0,Black,1314.3,470.5,False,0
platinum,24,6,0,Black,1148.0,187.0,False,0
platinum,24,7,0,Black,824.8,281.9,False,0
platinum,25,1,0,Black,435.8,498.1,False,0
platinum,25,2,0,Black,1041.8,480.0,False,0
platinum,25,3,0,Black,150.5,448.2,False,0
platinum,25,4,0,Black,475.2,306.2,False,0
platinum,25,5,0,Black,1324.8,466.2,False,0
platinum,25,6,0,Black,1148.0,187.0,False,0
platinum,25,7,0,Black,815.0,287.5,False,0
platinum,26,1,0,Black,428.8,502.5,False,0
platinum,26,2,0,Black,1042.7,483.7,False,0
platinum,26,4,0,Black,473.1,306.8,False,0
platinum,26,5,0,Black,1335.3,462.0,False,0
platinum,26,6,0,Black,1148.0,187.0,False,0
platinum,26,7,0,Black,814.8,287.7,False,0
platinum,27,1,0,Black,416.4,506.7,False,0
platinum,27,2,0,Black,1037.4,490.6,False,0
platinum,27,4,0,Black,470.9,307.4,False,0
platinum,27,5,0,Black,1345.9,457.8,False,0
platinum,27,6,0,Black,1148.0,187.0,False,0
platinum,27,7,0,Black,814.6,287.9,False,0
platinum,27,8,-1,Unknown,448.0,497.0,False,0
platinum,28,1,0,Black,408.4,511.2,False,0
platinum,28,2,0,Black,1031.1,500.4,False,0
platinum,28,5,0,Black,1356.4,453.6,False,0
platinum,28,7,0,Black,814.4,288.2,False,0
platinum,28,8,-1,Unknown,448.0,497.0,False,0
platinum,29,1,0,Black,403.2,511.3,False,0
platinum,29,2,0,Black,1028.7,501.4,False,0
platinum,29,7,0,Black,814.2,288.4,False,0
platinum,29,8,-1,Unknown,448.0,497.0,False,0
platinum,30,1,0,Black,398.7,509.9,False,0
platinum,30,2,0,Black,1030.3,502.0,False,0
platinum,30,7,0,Black,814.0,288.6,False,0
platinum,30,8,-1,Unknown,448.0,497.0,False,0
platinum,30,9,-1,Unknown,289.5,352.0,False,0
platinum,31,1,0,Black,391.8,512.6,False,0
platinum,31,2,0,Black,1033.9,503.8,False,0
platinum,31,7,0,Black,813.8,288.8,False,0
platinum,31,8,-1,Unknown,448.0,497.0,False,0
platinum,31,9,-1,Unknown,336.0,351.5,False,0
platinum,32,1,0,Black,385.4,518.5,False,0
platinum,32,2,0,Black,1038.2,506.7,False,0
platinum,32,7,0,Black,813.6,289.1,False,0
platinum,32,8,-1,Unknown,448.0,497.0,False,0
platinum,32,9,0,Black,358.0,344.4,False,0
platinum,33,1,0,Black,380.1,521.0,False,0
platinum,33,2,0,Black,1037.8,508.7,False,0
platinum,33,7,0,Black,813.4,289.3,False,0
platinum,33,8,-1,Unknown,448.0,497.0,False,0
platinum,33,9,0,Black,373.1,338.1,False,0
platinum,34,1,0,Black,380.5,521.6,False,0
platinum,34,2,0,Black,1035.7,504.5,False,0
platinum,34,7,0,Black,813.2,289.5,False,0
platinum,34,8,-1,Unknown,448.0,497.0,False,0
platinum,34,9,0,Black,393.8,332.0,False,0
platinum,34,10,-1,Unknown,613.0,315.0,False,0
platinum,35,1,0,Black,377.5,521.1,False,0
platinum,35,2,0,Black,1035.8,494.7,False,0
platinum,35,7,0,Black,813.0,289.7,False,0
platinum,35,8,-1,Unknown,448.0,497.0,False,0
platinum,35,9,0,Black,404.3,328.2,False,0
platinum,35,10,-1,Unknown,613.0,315.0,False,0
platinum,36,1,0,Black,374.8,520.2,False,0
platinum,36,2,0,Black,1037.8,489.3,False,0
platinum,36,7,0,Black,812.8,290.0,False,0
platinum,36,8,-1,Unknown,448.0,497.0,False,0
platinum,36,9,0,Black,406.0,322.9,False,0
platinum,36,10,-1,Unknown,613.0,315.0,False,0
platinum,37,1,0,Black,367.7,520.5,False,0
platinum,37,2,0,Black,1045.1,489.8,False,0
platinum,37,7,0,Black,812.6,290.2,False,0
platinum,37,8,-1,Unknown,448.0,497.0,False,0
platinum,37,9,0,Black,420.4,317.5,False,0
platinum,37,10,-1,Unknown,609.0,311.5,False,0
platinum,38,1,0,Black,362.4,523.5,False,0
platinum,38,2,0,Black,1039.3,495.9,False,0
platinum,38,7,0,Black,812.4,290.4,False,0
platinum,38,8,-1,Unknown,448.0,497.0,False,0
platinum,38,9,0,Black,434.8,312.1,False,0
platinum,38,10,-1,Unknown,607.7,310.3,False,0
platinum,39,1,0,Black,355.7,528.5,False,0
platinum,39,2,0,Black,1032.2,492.6,False,0
platinum,39,7,0,Black,812.2,290.6,False,0
platinum,39,8,-1,Unknown,448.0,497.0,False,0
platinum,39,9,0,Black,417.8,328.9,False,0
platinum,39,10,-1,Unknown,606.3,309.2,False,0
platinum,40,1,0,Black,349.3,531.7,False,0
platinum,40,2,0,Black,1026.2,487.8,False,0
platinum,40,7,0,Black,812.0,290.9,False,0
platinum,40,8,-1,Unknown,448.0,497.0,False,0
platinum,40,9,0,Black,429.7,330.7,False,0
platinum,40,10,-1,Unknown,605.0,308.0,False,0
platinum,41,1,0,Black,343.1,531.9,False,0
platinum,41,2,0,Black,1029.8,492.5,False,0
platinum,41,7,0,Black,811.8,291.1,False,0
platinum,41,8,-1,Unknown,448.0,497.0,False,0
platinum,41,9,0,Black,445.0,333.3,False,0
platinum,41,10,-1,Unknown,603.7,306.8,False,0
platinum,42,1,0,Black,337.3,530.9,False,0
platinum,42,2,0,Black,1030.5,502.1,False,0
platinum,42,7,0,Black,811.6,291.3,False,0
platinum,42,8,-1,Unknown,448.0,497.0,False,0
platinum,42,9,0,Black,446.3,333.0,False,0
platinum,42,10,-1,Unknown,602.3,305.7,False,0
platinum,43,1,0,Black,330.7,529.5,False,0
platinum,43,2,0,Black,1034.7,501.5,False,0
platinum,43,7,0,Black,811.4,291.5,False,0
platinum,43,8,-1,Unknown,448.0,497.0,False,0
platinum,43,9,0,Black,436.8,331.3,False,0
platinum,43,10,-1,Unknown,601.0,304.5,False,0
platinum,43,11,-1,Unknown,1052.0,480.5,False,0
platinum,44,1,0,Black,322.8,528.6,False,0
platinum,44,2,0,Black,1035.0,502.5,False,0
platinum,44,7,0,Black,811.2,291.8,False,0
platinum,44,8,-1,Unknown,448.0,497.0,False,0
platinum,44,9,0,Black,444.4,330.1,False,0
platinum,44,10,-1,Unknown,599.7,303.3,False,0
platinum,44,11,-1,Unknown,1025.0,477.0,False,0
platinum,45,1,0,Black,316.3,529.2,False,0
platinum,45,2,0,Black,1035.4,503.5,False,0
platinum,45,7,0,Black,811.0,292.0,False,0
platinum,45,8,-1,Unknown,448.0,497.0,False,0
platinum,45,9,0,Black,452.0,328.9,False,0
platinum,45,10,-1,Unknown,598.3,302.2,False,0
platinum,45,11,0,Black,1024.8,475.4,False,0
platinum,46,1,0,Black,312.4,530.0,False,0
platinum,46,2,0,Black,1035.7,504.5,False,0
platinum,46,8,-1,Unknown,448.0,497.0,False,0
platinum,46,9,0,Black,459.6,327.8,False,0
platinum,46,10,-1,Unknown,597.0,301.0,False,0
platinum,46,11,0,Black,1053.0,474.3,False,0
platinum,46,12,-1,Unknown,1078.5,218.5,False,0
platinum,47,1,0,Black,308.5,530.3,False,0
platinum,47,2,0,Black,1036.0,505.5,False,0
platinum,47,8,-1,Unknown,448.0,497.0,False,0
platinum,47,9,0,Black,467.2,326.6,False,0
platinum,47,10,-1,Unknown,595.7,299.8,False,0
platinum,47,11,0,Black,1042.3,476.1,False,0
platinum,47,12,-1,Unknown,1060.0,219.0,False,0
platinum,47,13,0,Black,938.5,351.0,False,0
platinum,48,1,0,Black,302.9,533.4,False,0
platinum,48,2,0,Black,1036.3,506.5,False,0
platinum,48,9,0,Black,474.8,325.4,False,0
platinum,48,10,-1,Unknown,594.3,298.7,False,0
platinum,48,11,0,Black,1035.3,474.5,False,0
platinum,48,12,-1,Unknown,1041.5,219.5,False,0
platinum,48,13,0,Black,938.5,351.0,False,0
platinum,49,1,0,Black,298.0,534.4,False,0
platinum,49,2,0,Black,1036.6,507.5,False,0
platinum,49,9,0,Black,482.3,324.2,False,0
platinum,49,10,-1,Unknown,593.0,297.5,False,0
platinum,49,11,0,Black,1064.9,476.4,False,0
platinum,49,12,-1,Unknown,1023.0,220.0,False,0
platinum,49,13,0,Black,938.5,351.0,False,0
platinum,50,1,0,Black,288.0,533.6,False,0
platinum,50,2,0,Black,1036.9,508.5,False,0
platinum,50,9,0,Black,489.9,323.0,False,0
platinum,50,10,-1,Unknown,591.7,296.3,False,0
platinum,50,11,0,Black,1072.1,476.3,False,0
platinum,50,12,-1,Unknown,1004.6,220.5,False,0
platinum,50,13,0,Black,938.5,351.0,False,0
platinum,51,1,0,Black,282.6,534.5,False,0
platinum,51,2,0,Black,1037.2,509.5,False,0
platinum,51,9,0,Black,497.5,321.8,False,0
platinum,51,10,-1,Unknown,590.3,295.2,False,0
platinum,51,11,0,Black,1079.3,476.2,False,0
platinum,51,12,-1,Unknown,986.1,221.0,False,0
platinum,51,13,0,Black,938.5,351.0,False,0
platinum,51,14,-1,Unknown,741.0,254.5,False,0
platinum,52,1,0,Black,277.3,535.4,False,0
platinum,52,2,0,Black,1037.5,510.5,False,0
platinum,52,9,0,Black,424.4,347.9,False,0
platinum,52,10,-1,Unknown,589.0,294.0,False,0
platinum,52,11,0,Black,1103.2,479.5,False,0
platinum,52,12,-1,Unknown,996.4,217.0,False,0
platinum,52,13,0,Black,938.5,351.0,False,0
platinum,52,14,-1,Unknown,778.0,244.0,False,0
platinum,53,1,0,Black,278.7,537.3,False,0
platinum,53,2,0,Black,1037.9,511.5,False,0
platinum,53,9,0,Black,421.6,348.5,False,0
platinum,53,10,-1,Unknown,587.7,292.8,False,0
platinum,53,11,0,Black,1112.7,479.9,False,0
platinum,53,12,0,Black,993.3,215.8,False,0
platinum,53,13,0,Black,938.5,351.0,False,0
platinum,53,14,-1,Unknown,792.4,239.6,False,0
platinum,54,1,0,Black,276.7,538.4,False,0
platinum,54,2,0,Black,1038.2,512.5,False,0
platinum,54,9,0,Black,419.2,349.7,False,0
platinum,54,10,-1,Unknown,586.3,291.7,False,0
platinum,54,11,0,Black,1122.2,480.3,False,0
platinum,54,12,0,Black,1001.0,212.7,False,0
platinum,54,13,0,Black,938.5,351.0,False,0
platinum,54,14,0,Black,792.4,231.0,False,0
platinum,55,1,0,Black,272.4,538.2,False,0
platinum,55,2,0,Black,1038.5,513.5,False,0
platinum,55,9,0,Black,419.2,349.8,False,0
platinum,55,10,-1,Unknown,585.0,290.5,False,0
platinum,55,11,0,Black,1109.1,474.1,False,0
platinum,55,12,0,Black,992.9,211.7,False,0
platinum,55,13,0,Black,938.5,351.0,False,0
platinum,55,14,0,Black,801.9,223.6,False,0
platinum,56,1,0,Black,270.9,538.4,False,0
platinum,56,2,0,Black,1038.8,514.6,False,0
platinum,56,9,0,Black,418.8,350.8,False,0
platinum,56,10,-1,Unknown,583.7,289.3,False,0
platinum,56,11,0,Black,1108.1,476.3,False,0
platinum,56,12,0,Black,984.8,210.8,False,0
platinum,56,13,0,Black,938.5,351.0,False,0
platinum,56,14,0,Black,805.1,218.0,False,0
platinum,57,1,0,Black,269.5,539.1,False,0
platinum,57,2,0,Black,1039.1,515.6,False,0
platinum,57,9,0,Black,416.3,353.1,False,0
platinum,57,10,-1,Unknown,582.3,288.2,False,0
platinum,57,11,0,Black,1114.3,476.2,False,0
platinum,57,12,0,Black,1033.8,200.1,False,0
platinum,57,13,0,Black,879.0,345.0,False,0
platinum,57,14,0,Black,812.7,211.2,False,0
platinum,57,15,-1,Unknown,667.0,373.0,False,0
platinum,58,1,0,Black,268.4,539.6,False,0
platinum,58,2,0,Black,1039.4,516.6,False,0
platinum,58,9,0,Black,412.8,354.7,False,0
platinum,58,11,0,Black,1107.2,469.8,False,0
platinum,58,12,0,Black,1037.0,197.6,False,0
platinum,58,13,0,Black,874.1,345.5,False,0
platinum,58,14,0,Black,820.3,204.4,False,0
platinum,58,15,-1,Unknown,670.0,375.5,False,0
platinum,59,1,0,Black,267.2,541.1,False,0
platinum,59,2,0,Black,1039.7,517.6,False,0
platinum,59,9,0,Black,415.6,358.8,False,0
platinum,59,11,0,Black,1112.1,469.1,False,0
platinum,59,12,0,Black,1042.4,193.2,False,0
platinum,59,13,0,Black,872.2,346.1,False,0
platinum,59,14,0,Black,814.6,197.1,False,0
platinum,59,15,0,Black,684.3,380.4,False,0
platinum,60,1,0,Black,266.8,541.7,False,0
platinum,60,2,0,Black,1040.0,518.6,False,0
platinum,60,9,0,Black,415.4,362.3,False,0
platinum,60,11,0,Black,1116.9,468.4,False,0
platinum,60,12,0,Black,1046.8,192.9,False,0
platinum,60,13,0,Black,869.0,348.6,False,0
platinum,60,14,0,Black,818.3,190.4,False,0
platinum,60,15,0,Black,696.5,384.8,False,0
platinum,61,1,0,Black,263.9,543.8,False,0
platinum,61,2,0,Black,1040.4,519.6,False,0
platinum,61,9,0,Black,413.7,366.2,False,0
platinum,61,11,0,Black,1121.8,467.7,False,0
platinum,61,12,0,Black,1049.0,192.9,False,0
platinum,61,13,0,Black,864.1,348.7,False,0
platinum,61,14,0,Black,816.1,186.9,False,0
platinum,61,15,0,Black,708.6,389.2,False,0
platinum,61,16,0,Black,858.0,93.5,False,0
platinum,62,1,0,Black,260.2,544.9,False,0
platinum,62,2,0,Black,1040.7,520.6,False,0
platinum,62,9,0,Black,413.3,367.6,False,0
platinum,62,11,0,Black,1126.6,467.0,False,0
platinum,62,12,0,Black,1050.9,191.3,False,0
platinum,62,13,0,Black,859.8,354.1,False,0
platinum,62,14,0,Black,820.3,180.5,False,0
platinum,62,15,0,Black,720.8,393.6,False,0
platinum,62,16,0,Black,858.0,93.5,False,0
platinum,63,1,0,Black,259.6,546.3,False,0
platinum,63,2,0,Black,1041.0,521.6,False,0
platinum,63,9,0,Black,413.5,372.7,False,0
platinum,63,11,0,Black,1131.4,466.3,False,0
platinum,63,12,0,Black,1052.5,188.8,False,0
platinum,63,13,0,Black,855.0,354.9,False,0
platinum,63,14,0,Black,822.2,143.3,False,0
platinum,63,15,0,Black,733.0,398.0,False,0
platinum,63,16,0,Black,858.0,93.5,False,0
platinum,64,1,0,Black,257.5,546.8,False,0
platinum,64,9,0,Black,408.7,378.8,False,0
platinum,64,11,0,Black,1136.3,465.6,False,0
platinum,64,12,0,Black,1056.1,187.9,False,0
platinum,64,13,0,Black,850.2,355.7,False,0
platinum,64,14,0,Black,826.1,133.4,False,0
platinum,64,15,0,Black,745.2,402.4,False,0
platinum,64,16,0,Black,858.0,93.5,False,0
platinum,64,17,-1,Unknown,217.0,423.0,False,0
platinum,65,1,0,Black,257.1,547.6,False,0
platinum,65,9,0,Black,410.8,380.4,False,0
platinum,65,11,0,Black,1141.1,464.9,False,0
platinum,65,12,0,Black,1057.4,184.4,False,0
platinum,65,13,0,Black,845.3,356.4,False,0
platinum,65,14,0,Black,831.6,118.4,False,0
platinum,65,15,0,Black,757.3,406.8,False,0
platinum,65,16,0,Black,858.0,93.5,False,0
platinum,65,17,-1,Unknown,217.0,423.0,False,0
platinum,66,1,0,Black,257.7,548.5,False,0
platinum,66,9,0,Black,408.6,384.8,False,0
platinum,66,11,0,Black,1146.0,464.2,False,0
platinum,66,12,0,Black,1055.9,182.1,False,0
platinum,66,13,0,Black,840.5,357.2,False,0
platinum,66,14,0,Black,852.5,113.0,False,0
platinum,66,15,0,Black,769.5,411.2,False,0
platinum,66,16,0,Black,858.0,93.5,False,0
platinum,66,17,-1,Unknown,217.0,423.0,False,0
platinum,66,18,-1,Unknown,564.0,546.5,False,0
platinum,67,1,0,Black,259.7,550.1,False,0
platinum,67,9,0,Black,408.5,388.1,False,0
platinum,67,11,0,Black,1150.8,463.4,False,0
platinum,67,12,0,Black,1056.8,180.1,False,0
platinum,67,13,0,Black,835.7,358.0,False,0
platinum,67,14,0,Black,858.3,103.1,False,0
platinum,67,15,0,Black,723.9,427.4,False,0
platinum,67,16,0,Black,858.0,93.5,False,0
platinum,67,17,-1,Unknown,217.0,423.0,False,0
platinum,67,18,-1,Unknown,556.5,544.0,False,0
platinum,67,19,0,Black,636.0,313.5,False,0
platinum,68,1,0,Black,260.8,554.3,False,0
platinum,68,9,0,Black,410.7,390.9,False,0
platinum,68,11,0,Black,1155.6,462.7,False,0
platinum,68,12,0,Black,1057.1,165.3,False,0
platinum,68,13,0,Black,830.8,358.7,False,0
platinum,68,14,0,Black,864.1,93.2,False,0
platinum,68,15,0,Black,724.2,430.9,False,0
platinum,68,16,0,Black,858.0,93.5,False,0
platinum,68,17,-1,Unknown,217.0,423.0,False,0
platinum,68,18,0,Black,558.4,542.4,False,0
platinum,68,19,0,Black,635.0,313.5,False,0
platinum,69,1,0,Black,262.6,553.9,False,0
platinum,69,9,0,Black,415.5,392.5,False,0
platinum,69,11,0,Black,1160.5,462.0,False,0
platinum,69,12,0,Black,1058.0,162.1,False,0
platinum,69,13,0,Black,826.0,359.5,False,0
platinum,69,14,0,Black,870.0,83.3,False,0
platinum,69,15,0,Black,731.1,431.5,False,0
platinum,69,16,0,Black,858.0,93.5,False,0
platinum,69,17,-1,Unknown,217.0,423.0,False,0
platinum,69,18,0,Black,559.4,537.6,False,0
platinum,69,19,0,Black,635.4,312.6,False,0
platinum,70,1,0,Black,264.3,554.0,False,0
platinum,70,9,0,Black,416.6,393.7,False,0
platinum,70,11,0,Black,1165.3,461.3,False,0
platinum,70,12,0,Black,1058.8,158.9,False,0
platinum,70,13,0,Black,821.2,360.3,False,0
platinum,70,14,0,Black,875.8,73.3,False,0
platinum,70,15,0,Black,733.1,434.1,False,0
platinum,70,16,0,Black,858.0,93.5,False,0
platinum,70,17,-1,Unknown,217.0,423.0,False,0
platinum,70,18,0,Black,560.4,535.2,False,0
platinum,70,19,0,Black,635.6,311.8,False,0
platinum,70,20,-1,Unknown,1211.5,311.0,False,0
platinum,71,1,0,Black,266.0,554.0,False,0
platinum,71,9,0,Black,421.9,395.4,False,0
platinum,71,11,0,Black,1170.2,460.6,False,0
platinum,71,12,0,Black,1059.7,155.7,False,0
platinum,71,13,0,Black,816.3,361.0,False,0
platinum,71,14,0,Black,881.7,63.4,False,0
platinum,71,15,0,Black,766.4,434.6,False,0
platinum,71,16,0,Black,858.0,93.5,False,0
platinum,71,17,-1,Unknown,217.0,423.0,False,0
platinum,71,18,0,Black,564.4,532.4,False,0
platinum,71,19,0,Black,635.7,311.0,False,0
platinum,71,20,-1,Unknown,1201.5,311.5,False,0
platinum,71,21,0,Black,638.0,481.5,False,0
platinum,72,1,0,Black,267.0,554.0,False,0
platinum,72,9,0,Black,421.6,395.9,False,0
platinum,72,11,0,Black,1175.0,459.9,False,0
platinum,72,12,0,Black,1060.5,152.5,False,0
platinum,72,13,0,Black,811.5,361.8,False,0
platinum,72,14,0,Black,887.5,53.5,False,0
platinum,72,15,0,Black,801.8,432.4,False,0
platinum,72,16,0,Black,858.0,93.5,False,0
platinum,72,17,-1,Unknown,217.0,423.0,False,0
platinum,72,18,0,Black,567.8,529.5,False,0
platinum,72,19,0,Black,637.0,316.3,False,0
platinum,72,20,0,Black,1190.6,293.6,False,0
platinum,72,21,0,Black,639.0,497.5,False,0
platinum,72,22,0,Black,285.0,297.5,False,0
platinum,73,1,0,Black,265.8,555.3,False,0
platinum,73,9,0,Black,422.8,395.7,False,0
platinum,73,11,0,Black,1179.9,459.2,False,0
platinum,73,12,0,Black,1061.3,149.3,False,0
platinum,73,13,0,Black,806.7,362.6,False,0
platinum,73,14,0,Black,893.3,43.6,False,0
platinum,73,15,0,Black,818.5,432.0,False,0
platinum,73,16,0,Black,858.0,93.5,False,0
platinum,73,17,-1,Unknown,217.0,423.0,False,0
platinum,73,18,0,Black,568.9,527.2,False,0
platinum,73,19,0,Black,636.7,316.6,False,0
platinum,73,20,0,Black,1187.2,285.8,False,0
platinum,73,21,0,Black,642.4,494.2,False,0
platinum,73,22,0,Black,306.0,294.0,False,0
platinum,74,1,0,Black,263.7,556.4,False,0
platinum,74,9,0,Black,423.9,397.9,False,0
platinum,74,11,0,Black,1184.7,458.5,False,0
platinum,74,12,0,Black,1062.2,146.0,False,0
platinum,74,13,0,Black,801.8,363.4,False,0
platinum,74,14,0,Black,899.2,33.7,False,0
platinum,74,15,0,Black,827.3,433.4,False,0
platinum,74,16,0,Black,858.0,93.5,False,0
platinum,74,17,-1,Unknown,217.0,423.0,False,0
platinum,74,18,0,Black,568.2,525.2,False,0
platinum,74,19,0,Black,637.0,317.3,False,0
platinum,74,20,0,Black,1181.6,264.4,False,0
platinum,74,21,0,Black,655.2,494.5,False,0
platinum,74,22,0,Black,313.4,297.6,False,0
platinum,74,23,0,Black,650.0,467.0,False,0
platinum,75,1,0,Black,263.3,558.1,False,0
platinum,75,9,0,Black,426.2,400.6,False,0
platinum,75,11,0,Black,1189.5,457.8,False,0
platinum,75,12,0,Black,1063.0,142.8,False,0
platinum,75,13,0,Black,797.0,364.1,False,0
platinum,75,14,0,Black,905.0,23.7,False,0
platinum,75,15,0,Black,831.3,435.8,False,0
platinum,75,16,0,Black,760.5,124.0,False,0
platinum,75,17,-1,Unknown,217.0,423.0,False,0
platinum,75,18,0,Black,569.2,523.8,False,0
platinum,75,19,0,Black,637.5,319.2,False,0
platinum,75,20,0,Black,1164.3,251.0,False,0
platinum,75,21,0,Black,663.2,494.8,False,0
platinum,75,22,0,Black,323.3,299.8,False,0
platinum,75,23,0,Black,654.5,467.0,False,0
platinum,76,1,0,Black,262.4,559.1,False,0
platinum,76,9,0,Black,430.7,402.9,False,0
platinum,76,11,0,Black,1194.4,457.1,False,0
platinum,76,12,0,Black,1063.8,139.6,False,0
platinum,76,13,0,Black,792.2,364.9,False,0
platinum,76,14,0,Black,910.9,13.8,False,0
platinum,76,15,0,Black,833.1,437.6,False,0
platinum,76,16,0,Black,742.7,125.4,False,0
platinum,76,17,-1,Unknown,217.0,423.0,False,0
platinum,76,18,0,Black,571.9,520.8,False,0
platinum,76,19,0,Black,637.8,320.1,False,0
platinum,76,20,0,Black,1142.5,246.9,False,0
platinum,76,21,0,Black,671.2,495.1,False,0
platinum,76,22,0,Black,333.2,302.0,False,0
platinum,76,23,0,Black,652.4,468.4,False,0
platinum,77,1,0,Black,261.6,560.1,False,0
platinum,77,9,0,Black,431.0,403.0,False,0
platinum,77,11,0,Black,1199.2,456.4,False,0
platinum,77,12,0,Black,1064.7,136.4,False,0
platinum,77,13,0,Black,787.3,365.7,False,0
platinum,77,14,0,Black,916.7,3.9,False,0
platinum,77,15,0,Black,836.7,439.8,False,0
platinum,77,16,0,Black,734.5,127.4,False,0
platinum,77,17,-1,Unknown,217.0,423.0,False,0
platinum,77,18,0,Black,571.8,518.1,False,0
platinum,77,19,0,Black,636.8,322.2,False,0
platinum,77,20,0,Black,1130.3,234.8,False,0
platinum,77,21,0,Black,679.2,495.4,False,0
platinum,77,22,0,Black,343.1,304.3,False,0
platinum,77,23,0,Black,651.9,466.5,False,0
platinum,78,1,0,Black,262.6,556.4,False,0
platinum,78,9,0,Black,432.2,404.9,False,0
platinum,78,11,0,Black,1204.1,455.7,False,0
platinum,78,12,0,Black,1065.5,133.2,False,0
platinum,78,13,0,Black,782.5,366.4,False,0
platinum,78,14,0,Black,922.5,-6.0,False,0
platinum,78,15,0,Black,836.4,438.6,False,0
platinum,78,16,0,Black,726.4,129.5,False,0
platinum,78,17,-1,Unknown,217.0,423.0,False,0
platinum,78,18,0,Black,571.1,515.5,False,0
platinum,78,19,0,Black,634.6,322.1,False,0
platinum,78,20,0,Black,1118.1,222.6,False,0
platinum,78,21,0,Black,687.2,495.7,False,0
platinum,78,22,0,Black,353.0,306.5,False,0
platinum,78,23,0,Black,655.7,463.7,False,0
platinum,79,1,0,Black,262.0,557.0,False,0
platinum,79,9,0,Black,433.5,406.7,False,0
platinum,79,12,0,Black,1066.3,130.0,False,0
platinum,79,13,0,Black,777.7,367.2,False,0
platinum,79,14,0,Black,928.4,-16.0,False,0
platinum,79,15,0,Black,837.7,438.4,False,0
platinum,79,16,0,Black,718.3,131.6,False,0
platinum,79,17,-1,Unknown,217.0,423.0,False,0
platinum,79,18,0,Black,570.1,513.6,False,0
platinum,79,19,0,Black,634.4,322.9,False,0
platinum,79,20,0,Black,1105.9,210.5,False,0
platinum,79,21,0,Black,695.2,496.1,False,0
platinum,79,22,0,Black,362.9,308.7,False,0
platinum,79,23,0,Black,658.8,473.9,False,0
platinum,80,1,0,Black,261.3,557.6,False,0
platinum,80,9,0,Black,434.7,408.6,False,0
platinum,80,12,0,Black,1067.2,126.8,False,0
platinum,80,13,0,Black,757.2,312.6,False,0
platinum,80,14,0,Black,934.2,-25.9,False,0
platinum,80,15,0,Black,834.9,442.1,False,0
platinum,80,16,0,Black,710.1,133.7,False,0
platinum,80,17,-1,Unknown,217.0,423.0,False,0
platinum,80,18,0,Black,567.3,513.0,False,0
platinum,80,19,0,Black,630.9,320.8,False,0
platinum,80,20,0,Black,1093.7,198.4,False,0
platinum,80,21,0,Black,703.2,496.4,False,0
platinum,80,22,0,Black,372.8,311.0,False,0
platinum,80,23,0,Black,664.7,463.1,False,0
platinum,81,1,0,Black,260.6,558.2,False,0
platinum,81,9,0,Black,435.9,410.5,False,0
platinum,81,12,0,Black,1068.0,123.6,False,0
platinum,81,13,0,Black,755.0,311.6,False,0
platinum,81,14,0,Black,940.0,-35.8,False,0
platinum,81,15,0,Black,810.8,446.4,False,0
platinum,81,16,0,Black,702.0,135.8,False,0
platinum,81,17,-1,Unknown,217.0,423.0,False,0
platinum,81,18,0,Black,565.6,514.5,False,0
platinum,81,19,0,Black,630.8,322.5,False,0
platinum,81,20,0,Black,1081.5,186.3,False,0
platinum,81,21,0,Black,711.2,496.7,False,0
platinum,81,22,0,Black,382.7,313.2,False,0
platinum,81,23,0,Black,667.2,462.2,False,0
platinum,82,1,0,Black,257.8,565.6,False,0
platinum,82,9,0,Black,437.1,412.3,False,0
platinum,82,12,0,Black,1068.8,120.4,False,0
platinum,82,13,0,Black,755.1,311.9,False,0
platinum,82,14,0,Black,945.9,-45.7,False,0
platinum,82,15,0,Black,815.1,448.6,False,0
platinum,82,16,0,Black,693.9,137.9,False,0
platinum,82,17,-1,Unknown,217.0,423.0,False,0
platinum,82,18,0,Black,566.0,513.2,False,0
platinum,82,19,0,Black,630.8,325.0,False,0
platinum,82,20,0,Black,1088.5,214.4,False,0
platinum,82,21,0,Black,719.2,497.0,False,0
platinum,82,22,0,Black,392.6,315.4,False,0
platinum,82,23,0,Black,669.7,461.2,False,0
platinum,83,1,0,Black,256.9,566.7,False,0
platinum,83,9,0,Black,438.4,414.2,False,0
platinum,83,12,0,Black,1069.7,117.2,False,0
platinum,83,13,0,Black,750.3,310.2,False,0
platinum,83,14,0,Black,951.7,-55.7,False,0
platinum,83,15,0,Black,834.7,450.0,False,0
platinum,83,16,0,Black,685.7,140.0,False,0
platinum,83,17,-1,Unknown,217.0,423.0,False,0
platinum,83,18,0,Black,566.1,513.1,False,0
platinum,83,19,0,Black,630.8,325.6,False,0
platinum,83,20,0,Black,1071.5,229.4,False,0
platinum,83,21,0,Black,727.2,497.3,False,0
platinum,83,22,0,Black,402.5,317.7,False,0
platinum,83,23,0,Black,672.2,460.3,False,0
platinum,83,24,0,Black,1214.0,391.5,False,0
platinum,84,1,0,Black,256.1,567.8,False,0
platinum,84,9,0,Black,439.6,416.1,False,0
platinum,84,12,0,Black,1070.5,114.0,False,0
platinum,84,13,0,Black,757.1,312.0,False,0
platinum,84,14,0,Black,957.6,-65.6,False,0
platinum,84,15,0,Black,829.5,453.1,False,0
platinum,84,16,0,Black,677.6,142.1,False,0
platinum,84,17,-1,Unknown,217.0,423.0,False,0
platinum,84,18,0,Black,569.7,515.1,False,0
platinum,84,19,0,Black,632.8,327.5,False,0
platinum,84,20,0,Black,1064.2,230.9,False,0
platinum,84,21,0,Black,735.2,497.6,False,0
platinum,84,22,0,Black,412.4,319.9,False,0
platinum,84,23,0,Black,674.7,459.3,False,0
platinum,84,24,0,Black,1212.0,412.5,False,0
platinum,85,1,0,Black,267.7,572.8,False,0
platinum,85,9,0,Black,440.8,417.9,False,0
platinum,85,12,0,Black,1071.3,110.8,False,0
platinum,85,13,0,Black,757.5,318.3,False,0
platinum,85,14,0,Black,963.4,-75.5,False,0
platinum,85,15,0,Black,845.0,455.2,False,0
platinum,85,16,0,Black,669.4,144.2,False,0
platinum,85,18,0,Black,568.1,516.5,False,0
platinum,85,19,0,Black,632.6,328.4,False,0
platinum,85,20,0,Black,1057.2,209.2,False,0
platinum,85,21,0,Black,743.2,497.9,False,0
platinum,85,22,0,Black,422.3,322.2,False,0
platinum,85,23,0,Black,677.2,458.4,False,0
platinum,85,24,0,Black,1210.0,410.0,False,0
platinum,86,1,0,Black,269.3,576.1,False,0
platinum,86,9,0,Black,442.1,419.8,False,0
platinum,86,12,0,Black,1072.2,107.6,False,0
platinum,86,13,0,Black,757.0,318.5,False,0
platinum,86,14,0,Black,969.2,-85.4,False,0
platinum,86,15,0,Black,832.5,458.8,False,0
platinum,86,16,0,Black,661.3,146.3,False,0
platinum,86,18,0,Black,568.8,517.8,False,0
platinum,86,19,0,Black,632.5,329.4,False,0
platinum,86,20,0,Black,1050.9,198.6,False,0
platinum,86,21,0,Black,751.2,498.2,False,0
platinum,86,22,0,Black,432.2,324.4,False,0
platinum,86,23,0,Black,679.7,457.5,False,0
platinum,86,24,0,Black,1205.0,400.1,False,0
platinum,87,1,0,Black,273.5,576.9,False,0
platinum,87,9,0,Black,443.3,421.7,False,0
platinum,87,12,0,Black,1073.0,104.4,False,0
platinum,87,13,0,Black,753.9,318.0,False,0
platinum,87,15,0,Black,825.3,462.1,False,0
platinum,87,16,0,Black,653.2,148.3,False,0
platinum,87,18,0,Black,568.4,518.3,False,0
platinum,87,19,0,Black,632.3,330.3,False,0
platinum,87,20,0,Black,1049.3,208.6,False,0
platinum,87,21,0,Black,759.2,498.5,False,0
platinum,87,22,0,Black,442.2,326.6,False,0
platinum,87,23,0,Black,682.3,456.5,False,0
platinum,87,24,0,Black,1201.9,384.3,False,0
platinum,88,1,0,Black,275.3,576.8,False,0
platinum,88,9,0,Black,444.5,423.5,False,0
platinum,88,12,0,Black,1147.2,85.7,False,0
platinum,88,13,0,Black,750.8,317.4,False,0
platinum,88,15,0,Black,823.4,465.5,False,0
platinum,88,16,0,Black,645.0,150.4,False,0
platinum,88,18,0,Black,569.6,518.5,False,0
platinum,88,19,0,Black,632.2,331.3,False,0
platinum,88,20,0,Black,1051.9,214.6,False,0
platinum,88,21,0,Black,767.2,498.8,False,0
platinum,88,22,0,Black,452.1,328.9,False,0
platinum,88,23,0,Black,684.8,455.6,False,0
platinum,88,24,0,Black,1198.5,375.9,False,0
platinum,89,1,0,Black,271.8,576.8,False,0
platinum,89,9,0,Black,445.7,425.4,False,0
platinum,89,12,0,Black,1147.7,83.0,False,0
platinum,89,13,0,Black,756.3,319.9,False,0
platinum,89,15,0,Black,825.7,468.2,False,0
platinum,89,16,0,Black,636.9,152.5,False,0
platinum,89,18,0,Black,571.0,520.3,False,0
platinum,89,19,0,Black,632.0,332.2,False,0
platinum,89,20,0,Black,1054.8,210.5,False,0
platinum,89,21,0,Black,775.2,499.1,False,0
platinum,89,22,0,Black,462.0,331.1,False,0
platinum,89,23,0,Black,687.3,454.7,False,0
platinum,89,24,0,Black,1195.4,401.3,False,0
platinum,90,1,0,Black,268.5,577.0,False,0
platinum,90,9,0,Black,447.0,427.3,False,0
platinum,90,12,0,Black,1146.6,82.7,False,0
platinum,90,13,0,Black,753.6,321.2,False,0
platinum,90,15,0,Black,831.1,472.9,False,0
platinum,90,16,0,Black,628.8,154.6,False,0
platinum,90,18,0,Black,571.2,520.0,False,0
platinum,90,19,0,Black,631.9,333.2,False,0
platinum,90,20,0,Black,1056.5,207.1,False,0
platinum,90,21,0,Black,783.2,499.5,False,0
platinum,90,22,0,Black,471.9,333.3,False,0
platinum,90,23,0,Black,689.8,453.7,False,0
platinum,90,24,0,Black,1192.1,400.3,False,0
platinum,91,1,0,Black,276.3,576.8,False,0
platinum,91,9,0,Black,448.2,429.1,False,0
platinum,91,12,0,Black,1144.8,79.4,False,0
platinum,91,13,0,Black,754.0,332.8,False,0
platinum,91,15,0,Black,831.2,474.9,False,0
platinum,91,16,0,Black,620.6,156.7,False,0
platinum,91,18,0,Black,571.9,520.5,False,0
platinum,91,19,0,Black,631.5,333.5,False,0
platinum,91,20,0,Black,1051.5,196.4,False,0
platinum,91,21,0,Black,791.1,499.8,False,0
platinum,91,22,0,Black,481.8,335.6,False,0
platinum,91,23,0,Black,692.3,452.8,False,0
platinum,91,24,0,Black,1181.1,399.1,False,0
platinum,92,1,0,Black,280.6,574.7,False,0
platinum,92,9,0,Black,449.4,431.0,False,0
platinum,92,12,0,Black,1143.6,79.9,False,0
platinum,92,13,0,Black,754.3,340.5,False,0
platinum,92,15,0,Black,833.5,477.7,False,0
platinum,92,16,0,Black,612.5,158.8,False,0
platinum,92,18,0,Black,572.5,519.1,False,0
platinum,92,19,0,Black,630.8,330.4,False,0
platinum,92,20,0,Black,1048.2,189.3,False,0
platinum,92,21,0,Black,799.1,500.1,False,0
platinum,92,22,0,Black,491.7,337.8,False,0
platinum,92,23,0,Black,694.8,451.8,False,0
platinum,92,24,0,Black,1176.6,398.0,False,0
platinum,93,1,0,Black,281.7,575.4,False,0
platinum,93,9,0,Black,450.6,432.8,False,0
platinum,93,12,0,Black,1140.1,86.1,False,0
platinum,93,13,0,Black,751.5,344.3,False,0
platinum,93,15,0,Black,835.9,480.4,False,0
platinum,93,16,0,Black,604.3,160.9,False,0
platinum,93,18,0,Black,572.7,518.9,False,0
platinum,93,19,0,Black,630.6,330.9,False,0
platinum,93,20,0,Black,1047.4,187.4,False,0
platinum,93,21,0,Black,807.1,500.4,False,0
platinum,93,22,0,Black,501.6,340.0,False,0
platinum,93,23,0,Black,697.3,450.9,False,0
platinum,93,24,0,Black,1160.7,399.0,False,0
platinum,94,1,0,Black,288.3,571.0,False,0
platinum,94,9,0,Black,429.8,414.8,False,0
platinum,94,12,0,Black,1139.1,85.0,False,0
platinum,94,13,0,Black,748.5,352.5,False,0
platinum,94,15,0,Black,882.3,457.1,False,0
platinum,94,16,0,Black,596.2,163.0,False,0
platinum,94,18,0,Black,572.7,518.2,False,0
platinum,94,19,0,Black,630.1,329.2,False,0
platinum,94,20,0,Black,1045.0,184.2,False,0
platinum,94,21,0,Black,808.5,534.9,False,0
platinum,94,22,0,Black,511.5,342.3,False,0
platinum,94,23,0,Black,699.8,450.0,False,0
platinum,94,24,0,Black,1152.5,376.8,False,0
platinum,95,1,0,Black,291.3,567.4,False,0
platinum,95,9,0,Black,429.0,413.1,False,0
platinum,95,12,0,Black,1136.3,88.9,False,0
platinum,95,13,0,Black,745.2,353.0,False,0
platinum,95,15,0,Black,898.6,454.5,False,0
platinum,95,16,0,Black,588.1,165.1,False,0
platinum,95,18,0,Black,573.7,520.9,False,0
platinum,95,19,0,Black,629.8,329.5,False,0
platinum,95,20,0,Black,1040.1,179.7,False,0
platinum,95,21,0,Black,814.3,537.6,False,0
platinum,95,23,0,Black,702.3,449.0,False,0
platinum,95,24,0,Black,1148.1,344.8,False,0
platinum,96,1,0,Black,289.4,564.8,False,0
platinum,96,9,0,Black,428.7,413.9,False,0
platinum,96,12,0,Black,1124.1,94.0,False,0
platinum,96,13,0,Black,743.0,355.2,False,0
platinum,96,15,0,Black,916.6,453.0,False,0
platinum,96,16,0,Black,579.9,167.1,False,0
platinum,96,18,0,Black,575.0,522.9,False,0
platinum,96,19,0,Black,626.0,334.6,False,0
platinum,96,20,0,Black,1035.1,175.2,False,0
platinum,96,21,0,Black,815.7,539.9,False,0
platinum,96,23,0,Black,704.8,448.1,False,0
platinum,96,24,0,Black,1142.7,327.1,False,0
platinum,97,1,0,Black,292.9,567.5,False,0
platinum,97,9,0,Black,427.3,415.5,False,0
platinum,97,12,0,Black,1124.1,93.1,False,0
platinum,97,13,0,Black,740.8,357.3,False,0
platinum,97,15,0,Black,934.6,450.4,False,0
platinum,97,18,0,Black,575.9,524.0,False,0
platinum,97,19,0,Black,625.5,335.4,False,0
platinum,97,20,0,Black,1030.2,170.6,False,0
platinum,97,21,0,Black,820.3,544.3,False,0
platinum,97,23,0,Black,707.3,447.2,False,0
platinum,97,24,0,Black,1139.9,321.0,False,0
platinum,98,1,0,Black,294.4,567.5,False,0
platinum,98,9,0,Black,427.7,415.8,False,0
platinum,98,12,0,Black,1087.4,96.7,False,0
platinum,98,13,0,Black,738.6,359.5,False,0
platinum,98,15,0,Black,943.8,448.5,False,0
platinum,98,18,0,Black,575.8,524.4,False,0
platinum,98,19,0,Black,624.9,336.2,False,0
platinum,98,20,0,Black,1025.3,166.1,False,0
platinum,98,21,0,Black,823.4,548.5,False,0
platinum,98,23,0,Black,709.8,446.2,False,0
platinum,98,24,0,Black,1137.7,318.7,False,0
platinum,98,25,0,Black,1096.0,637.5,False,0
platinum,99,1,0,Black,314.1,557.9,False,0
platinum,99,9,0,Black,427.6,416.5,False,0
platinum,99,12,0,Black,1075.7,94.1,False,0
platinum,99,13,0,Black,736.4,361.7,False,0
platinum,99,15,0,Black,953.5,445.5,False,0
platinum,99,18,0,Black,577.1,526.5,False,0
platinum,99,19,0,Black,624.4,337.0,False,0
platinum,99,20,0,Black,1020.3,161.6,False,0
platinum,99,21,0,Black,829.8,550.9,False,0
platinum,99,23,0,Black,712.3,445.3,False,0
platinum,99,24,0,Black,1138.1,315.8,False,0
platinum,99,25,0,Black,1096.0,637.5,False,0
platinum,100,1,0,Black,322.1,555.0,False,0
platinum,100,9,0,Black,424.5,417.1,False,0
platinum,100,12,0,Black,1068.6,95.7,False,0
platinum,100,13,0,Black,734.2,363.8,False,0
platinum,100,15,0,Black,966.1,441.4,False,0
platinum,100,18,0,Black,577.6,527.9,False,0
platinum,100,19,0,Black,623.8,337.8,False,0
platinum,100,20,0,Black,1015.4,157.0,False,0
platinum,100,21,0,Black,829.8,556.2,False,0
platinum,100,23,0,Black,714.8,444.3,False,0
platinum,100,24,0,Black,1136.7,317.5,False,0
platinum,100,25,0,Black,1096.0,637.5,False,0
platinum,101,1,0,Black,326.2,554.6,False,0
platinum,101,9,0,Black,424.2,417.8,False,0
platinum,101,12,0,Black,1064.2,95.3,False,0
platinum,101,13,0,Black,732.0,366.0,False,0
platinum,101,15,0,Black,982.3,439.2,False,0
platinum,101,18,0,Black,578.1,530.1,False,0
platinum,101,19,0,Black,623.3,338.5,False,0
platinum,101,20,0,Black,967.4,131.9,False,0
platinum,101,21,0,Black,838.9,559.0,False,0
platinum,101,24,0,Black,1132.1,329.9,False,0
platinum,101,25,0,Black,1096.0,637.5,False,0
platinum,102,1,0,Black,327.6,553.2,False,0
platinum,102,9,0,Black,423.9,418.5,False,0
platinum,102,12,0,Black,1059.9,94.8,False,0
platinum,102,13,0,Black,729.8,368.2,False,0
platinum,102,15,0,Black,990.4,437.4,False,0
platinum,102,18,0,Black,579.5,530.2,False,0
platinum,102,19,0,Black,622.7,339.3,False,0
platinum,102,20,0,Black,959.4,125.9,False,0
platinum,102,21,0,Black,862.4,561.9,False,0
platinum,102,24,0,Black,1126.3,312.8,False,0
platinum,102,25,0,Black,1096.0,637.5,False,0
platinum,103,1,0,Black,326.8,553.1,False,0
platinum,103,9,0,Black,423.5,419.2,False,0
platinum,103,12,0,Black,1055.5,94.3,False,0
platinum,103,13,0,Black,727.6,370.3,False,0
platinum,103,15,0,Black,994.5,436.1,False,0
platinum,103,18,0,Black,581.4,529.0,False,0
platinum,103,19,0,Black,622.2,340.1,False,0
platinum,103,20,0,Black,951.4,119.9,False,0
platinum,103,21,0,Black,871.3,565.5,False,0
platinum,103,24,0,Black,1123.5,310.8,False,0
platinum,103,25,0,Black,1096.0,637.5,False,0
platinum,104,1,0,Black,326.7,554.0,False,0
platinum,104,9,0,Black,423.2,419.9,False,0
platinum,104,12,0,Black,1051.2,93.9,False,0
platinum,104,13,0,Black,725.4,372.5,False,0
platinum,104,15,0,Black,998.3,435.4,False,0
platinum,104,18,0,Black,582.0,530.1,False,0
platinum,104,19,0,Black,621.6,340.9,False,0
platinum,104,20,0,Black,943.4,113.9,False,0
platinum,104,21,0,Black,871.9,568.4,False,0
platinum,104,24,0,Black,1123.3,312.4,False,0
platinum,104,25,0,Black,1096.0,637.5,False,0
platinum,105,1,0,Black,331.1,555.4,False,0
platinum,105,9,0,Black,422.8,420.6,False,0
platinum,105,12,0,Black,1046.8,93.4,False,0
platinum,105,13,0,Black,673.9,357.2,False,0
platinum,105,15,0,Black,1003.1,434.8,False,0
platinum,105,18,0,Black,584.9,535.8,False,0
platinum,105,19,0,Black,621.1,341.6,False,0
platinum,105,20,0,Black,935.4,107.9,False,0
platinum,105,21,0,Black,878.4,571.1,False,0
platinum,105,24,0,Black,1124.7,318.1,False,0
platinum,105,25,0,Black,1096.0,637.5,False,0
platinum,106,1,0,Black,335.0,554.9,False,0
platinum,106,9,0,Black,422.5,421.4,False,0
platinum,106,12,0,Black,1042.5,92.9,False,0
platinum,106,13,0,Black,668.6,358.2,False,0
platinum,106,15,0,Black,1006.9,434.9,False,0
platinum,106,18,0,Black,585.9,537.9,False,0
platinum,106,19,0,Black,620.6,342.4,False,0
platinum,106,20,0,Black,927.4,101.9,False,0
platinum,106,21,0,Black,882.5,573.0,False,0
platinum,106,24,0,Black,1125.7,319.8,False,0
platinum,106,25,0,Black,1096.0,637.5,False,0
platinum,107,1,0,Black,339.0,555.8,False,0
platinum,107,9,0,Black,422.1,422.1,False,0
platinum,107,12,0,Black,1038.1,92.5,False,0
platinum,107,13,0,Black,669.4,355.5,False,0
platinum,107,15,0,Black,1009.1,434.3,False,0
platinum,107,18,0,Black,586.9,538.9,False,0
platinum,107,19,0,Black,620.0,343.2,False,0
platinum,107,20,0,Black,919.4,95.9,False,0
platinum,107,21,0,Black,884.6,574.3,False,0
platinum,107,24,0,Black,1123.5,319.2,False,0
platinum,107,25,0,Black,1096.0,637.5,False,0
platinum,107,26,-1,Unknown,742.5,264.5,False,0
platinum,108,1,0,Black,349.2,553.2,False,0
platinum,108,9,0,Black,421.8,422.8,False,0
platinum,108,12,0,Black,1033.8,92.0,False,0
platinum,108,13,0,Black,668.9,356.8,False,0
platinum,108,15,0,Black,1009.3,433.2,False,0
platinum,108,18,0,Black,589.9,538.4,False,0
platinum,108,19,0,Black,619.5,344.0,False,0
platinum,108,20,0,Black,911.4,89.9,False,0
platinum,108,21,0,Black,890.9,576.9,False,0
platinum,108,24,0,Black,1124.8,317.8,False,0
platinum,108,25,0,Black,1096.0,637.5,False,0
platinum,108,26,-1,Unknown,749.5,259.0,False,0
platinum,109,1,0,Black,354.3,551.9,False,0
platinum,109,9,0,Black,421.5,423.5,False,0
platinum,109,12,0,Black,1029.4,91.5,False,0
platinum,109,13,0,Black,668.4,359.8,False,0
platinum,109,15,0,Black,1010.5,433.4,False,0
platinum,109,18,0,Black,591.0,535.4,False,0
platinum,109,19,0,Black,618.9,344.7,False,0
platinum,109,20,0,Black,903.4,83.9,False,0
platinum,109,21,0,Black,890.5,576.0,False,0
platinum,109,24,0,Black,1125.3,313.7,False,0
platinum,109,25,0,Black,1096.0,637.5,False,0
platinum,109,26,-1,Unknown,756.5,253.5,False,0
platinum,110,1,0,Black,366.9,550.4,False,0
platinum,110,9,0,Black,421.1,424.2,False,0
platinum,110,12,0,Black,1025.1,91.1,False,0
platinum,110,13,0,Black,664.3,360.8,False,0
platinum,110,15,0,Black,1013.0,432.9,False,0
platinum,110,18,0,Black,590.7,534.4,False,0
platinum,110,19,0,Black,618.4,345.5,False,0
platinum,110,20,0,Black,895.4,77.9,False,0
platinum,110,21,0,Black,896.3,578.3,False,0
platinum,110,24,0,Black,1126.3,308.4,False,0
platinum,110,25,0,Black,1096.0,637.5,False,0
platinum,110,26,-1,Unknown,757.6,253.9,False,0
platinum,111,1,0,Black,365.3,548.6,False,0
platinum,111,9,0,Black,420.8,424.9,False,0
platinum,111,12,0,Black,1020.7,90.6,False,0
platinum,111,13,0,Black,660.3,361.8,False,0
platinum,111,15,0,Black,1016.0,432.0,False,0
platinum,111,18,0,Black,591.3,532.6,False,0
platinum,111,19,0,Black,617.8,346.3,False,0
platinum,111,20,0,Black,887.4,71.9,False,0
platinum,111,21,0,Black,877.5,579.4,False,0
platinum,111,24,0,Black,1127.7,305.4,False,0
platinum,111,25,0,Black,1096.0,637.5,False,0
platinum,111,26,-1,Unknown,761.9,251.1,False,0
platinum,112,1,0,Black,365.2,547.2,False,0
platinum,112,9,0,Black,420.4,425.6,False,0
platinum,112,12,0,Black,1016.4,90.1,False,0
platinum,112,13,0,Black,664.0,358.8,False,0
platinum,112,15,0,Black,1019.6,429.8,False,0
platinum,112,18,0,Black,593.7,529.4,False,0
platinum,112,19,0,Black,617.3,347.1,False,0
platinum,112,20,0,Black,879.4,65.9,False,0
platinum,112,21,0,Black,875.0,578.8,False,0
platinum,112,24,0,Black,1127.6,304.1,False,0
platinum,112,25,0,Black,1096.0,637.5,False,0
platinum,112,26,-1,Unknown,766.2,248.3,False,0
platinum,113,1,0,Black,365.7,545.8,False,0
platinum,113,9,0,Black,420.1,426.4,False,0
platinum,113,12,0,Black,1012.0,89.7,False,0
platinum,113,13,0,Black,665.3,357.8,False,0
platinum,113,15,0,Black,1020.5,429.0,False,0
platinum,113,18,0,Black,595.6,528.1,False,0
platinum,113,19,0,Black,616.7,347.8,False,0
platinum,113,20,0,Black,871.4,59.9,False,0
platinum,113,21,0,Black,885.9,578.3,False,0
platinum,113,24,0,Black,1127.3,302.4,False,0
platinum,113,25,0,Black,1096.0,637.5,False,0
platinum,113,26,-1,Unknown,770.6,245.4,False,0
platinum,114,1,0,Black,365.8,544.6,False,0
platinum,114,9,0,Black,419.7,427.1,False,0
platinum,114,12,0,Black,1007.7,89.2,False,0
platinum,114,13,0,Black,665.4,357.1,False,0
platinum,114,15,0,Black,1024.5,426.1,False,0
platinum,114,18,0,Black,596.9,527.3,False,0
platinum,114,19,0,Black,616.2,348.6,False,0
platinum,114,20,0,Black,863.3,53.9,False,0
platinum,114,21,0,Black,889.7,580.0,False,0
platinum,114,24,0,Black,1127.3,301.5,False,0
platinum,114,25,0,Black,1096.0,637.5,False,0
platinum,114,26,0,Black,799.4,253.5,False,0
platinum,115,1,0,Black,384.3,538.7,False,0
platinum,115,9,0,Black,419.4,427.8,False,0
platinum,115,12,0,Black,1003.3,88.7,False,0
platinum,115,13,0,Black,660.9,355.2,False,0
platinum,115,15,0,Black,1031.8,424.0,False,0
platinum,115,18,0,Black,598.0,525.7,False,0
platinum,115,19,0,Black,615.6,349.4,False,0
platinum,115,20,0,Black,855.3,47.9,False,0
platinum,115,21,0,Black,878.5,578.5,False,0
platinum,115,24,0,Black,1127.3,300.9,False,0
platinum,115,25,0,Black,1096.0,637.5,False,0
platinum,115,26,0,Black,807.3,252.5,False,0
platinum,116,1,0,Black,388.8,537.2,False,0
platinum,116,9,0,Black,419.1,428.5,False,0
platinum,116,12,0,Black,999.0,88.3,False,0
platinum,116,13,0,Black,657.4,353.8,False,0
platinum,116,15,0,Black,1036.3,421.3,False,0
platinum,116,18,0,Black,600.1,525.8,False,0
platinum,116,19,0,Black,615.1,350.2,False,0
platinum,116,20,0,Black,847.3,41.9,False,0
platinum,116,21,0,Black,880.3,577.3,False,0
platinum,116,24,0,Black,1127.0,298.8,False,0
platinum,116,25,0,Black,1096.0,637.5,False,0
platinum,116,26,0,Black,812.5,251.2,False,0
platinum,117,1,0,Black,393.3,535.8,False,0
platinum,117,9,0,Black,418.7,429.2,False,0
platinum,117,12,0,Black,994.6,87.8,False,0
platinum,117,13,0,Black,649.9,352.7,False,0
platinum,117,15,0,Black,1038.9,419.4,False,0
platinum,117,18,0,Black,601.1,526.8,False,0
platinum,117,20,0,Black,839.3,35.9,False,0
platinum,117,21,0,Black,883.6,576.2,False,0
platinum,117,24,0,Black,1127.6,295.5,False,0
platinum,117,25,0,Black,1096.0,637.5,False,0
platinum,117,26,0,Black,812.8,241.0,False,0
platinum,118,1,0,Black,397.8,534.4,False,0
platinum,118,9,0,Black,418.4,429.9,False,0
platinum,118,12,0,Black,990.3,87.3,False,0
platinum,118,13,0,Black,636.7,353.2,False,0
platinum,118,15,0,Black,1042.0,414.4,False,0
platinum,118,18,0,Black,598.9,527.8,False,0
platinum,118,20,0,Black,831.3,29.9,False,0
platinum,118,21,0,Black,886.1,577.2,False,0
platinum,118,24,0,Black,1128.2,296.0,False,0
platinum,118,25,0,Black,1096.0,637.5,False,0
platinum,118,26,0,Black,814.2,241.6,False,0
platinum,119,1,0,Black,402.3,533.0,False,0
platinum,119,9,0,Black,418.0,430.6,False,0
platinum,119,12,0,Black,985.9,86.9,False,0
platinum,119,13,0,Black,627.3,357.3,False,0
platinum,119,15,0,Black,1044.9,411.6,False,0
platinum,119,18,0,Black,597.0,529.2,False,0
platinum,119,20,0,Black,823.3,23.9,False,0
platinum,119,21,0,Black,862.7,580.4,False,0
platinum,119,24,0,Black,1128.1,296.2,False,0
platinum,119,26,0,Black,820.5,239.7,False,0
platinum,120,1,0,Black,415.1,538.7,False,0
platinum,120,9,0,Black,417.7,431.4,False,0
platinum,120,12,0,Black,981.6,86.4,False,0
platinum,120,13,0,Black,617.0,358.9,False,0
platinum,120,15,0,Black,1045.9,407.3,False,0
platinum,120,18,0,Black,595.9,531.7,False,0
platinum,120,20,0,Black,815.3,17.9,False,0
platinum,120,21,0,Black,863.0,581.5,False,0
platinum,120,24,0,Black,1127.8,296.7,False,0
platinum,120,26,0,Black,846.2,244.2,False,0
platinum,121,1,0,Black,418.4,539.7,False,0
platinum,121,13,0,Black,604.1,357.8,False,0
platinum,121,15,0,Black,1052.7,403.5,False,0
platinum,121,18,0,Black,595.2,533.3,False,0
platinum,121,20,0,Black,807.3,11.9,False,0
platinum,121,21,0,Black,863.3,582.7,False,0
platinum,121,24,0,Black,1127.0,296.9,False,0
platinum,121,26,0,Black,857.9,247.1,False,0
platinum,122,1,0,Black,420.5,539.3,False,0
platinum,122,13,0,Black,593.2,357.7,False,0
platinum,122,15,0,Black,1058.4,400.5,False,0
platinum,122,18,0,Black,594.5,534.9,False,0
platinum,122,21,0,Black,846.7,583.6,False,0
platinum,122,24,0,Black,1124.5,296.4,False,0
platinum,122,26,0,Black,867.2,246.8,False,0
platinum,123,1,0,Black,422.1,539.8,False,0
platinum,123,13,0,Black,586.9,358.3,False,0
platinum,123,15,0,Black,1062.0,398.4,False,0
platinum,123,18,0,Black,596.3,536.4,False,0
platinum,123,21,0,Black,839.4,574.1,False,0
platinum,123,24,0,Black,1121.9,296.3,False,0
platinum,123,26,0,Black,871.1,250.0,False,0
platinum,124,1,0,Black,423.6,539.7,False,0
platinum,124,13,0,Black,582.8,358.6,False,0
platinum,124,15,0,Black,1066.5,396.2,False,0
platinum,124,18,0,Black,596.9,537.0,False,0
platinum,124,21,0,Black,835.6,573.5,False,0
platinum,124,24,0,Black,1120.0,296.3,False,0
platinum,124,26,0,Black,875.5,256.1,False,0
platinum,125,1,0,Black,423.3,540.7,False,0
platinum,125,13,0,Black,579.5,356.0,False,0
platinum,125,15,0,Black,1067.5,393.6,False,0
platinum,125,18,0,Black,599.1,535.9,False,0
platinum,125,21,0,Black,832.6,568.3,False,0
platinum,125,24,0,Black,1119.0,296.6,False,0
platinum,125,26,0,Black,883.4,256.5,False,0
platinum,125,27,-1,Unknown,421.5,431.0,False,0
platinum,126,1,0,Black,423.5,540.8,False,0
platinum,126,13,0,Black,573.6,356.1,False,0
platinum,126,15,0,Black,1071.9,388.8,False,0
platinum,126,18,0,Black,600.5,533.5,False,0
platinum,126,21,0,Black,830.7,568.0,False,0
platinum,126,24,0,Black,1119.6,296.5,False,0
platinum,126,26,0,Black,899.2,251.2,False,0
platinum,126,27,-1,Unknown,421.5,431.0,False,0
platinum,126,28,0,Black,294.0,354.5,False,0
platinum,127,1,0,Black,422.1,540.1,False,0
platinum,127,13,0,Black,574.1,342.2,False,0
platinum,127,15,0,Black,1075.7,385.8,False,0
platinum,127,18,0,Black,601.1,531.9,False,0
platinum,127,21,0,Black,826.6,551.0,False,0
platinum,127,24,0,Black,1121.2,295.8,False,0
platinum,127,26,0,Black,908.3,248.3,False,0
platinum,127,27,-1,Unknown,421.5,431.0,False,0
platinum,127,28,0,Black,298.0,347.0,False,0
platinum,128,1,0,Black,423.1,535.0,False,0
platinum,128,13,0,Black,572.3,336.0,False,0
platinum,128,15,0,Black,1075.1,387.0,False,0
platinum,128,18,0,Black,600.9,530.3,False,0
platinum,128,21,0,Black,828.5,553.8,False,0
platinum,128,24,0,Black,1124.7,296.6,False,0
platinum,128,26,0,Black,914.4,246.6,False,0
platinum,128,27,-1,Unknown,421.5,431.0,False,0
platinum,128,28,0,Black,302.0,339.5,False,0
platinum,129,1,0,Black,426.0,529.2,False,0
platinum,129,13,0,Black,571.3,332.2,False,0
platinum,129,15,0,Black,1078.8,384.8,False,0
platinum,129,18,0,Black,601.5,527.1,False,0
platinum,129,21,0,Black,828.2,560.0,False,0
platinum,129,24,0,Black,1118.9,294.6,False,0
platinum,129,26,0,Black,937.0,242.8,False,0
platinum,129,27,-1,Unknown,421.5,431.0,False,0
platinum,129,28,0,Black,306.0,332.0,False,0
platinum,130,1,0,Black,426.3,529.9,False,0
platinum,130,13,0,Black,570.8,330.1,False,0
platinum,130,15,0,Black,1082.5,382.6,False,0
platinum,130,18,0,Black,600.1,524.6,False,0
platinum,130,21,0,Black,826.6,559.3,False,0
platinum,130,24,0,Black,1118.1,293.7,False,0
platinum,130,26,0,Black,957.1,245.2,False,0
platinum,130,27,-1,Unknown,421.5,431.0,False,0
platinum,130,28,0,Black,310.0,324.5,False,0
platinum,131,1,0,Black,426.4,531.9,False,0
platinum,131,13,0,Black,569.4,325.5,False,0
platinum,131,15,0,Black,1086.3,380.4,False,0
platinum,131,18,0,Black,602.1,525.0,False,0
platinum,131,21,0,Black,824.9,558.6,False,0
platinum,131,24,0,Black,1117.3,292.8,False,0
platinum,131,26,0,Black,968.9,246.9,False,0
platinum,131,27,-1,Unknown,421.5,431.0,False,0
platinum,131,28,0,Black,300.1,315.5,False,0
platinum,132,1,0,Black,429.2,532.3,False,0
platinum,132,13,0,Black,561.2,323.5,False,0
platinum,132,15,0,Black,1090.0,378.2,False,0
platinum,132,18,0,Black,602.2,524.2,False,0
platinum,132,21,0,Black,823.3,557.9,False,0
platinum,132,24,0,Black,1116.4,291.8,False,0
platinum,132,26,0,Black,978.0,251.4,False,0
platinum,132,27,-1,Unknown,429.0,423.5,False,0
platinum,132,28,0,Black,300.2,305.7,False,0
platinum,133,1,0,Black,430.2,531.9,False,0
platinum,133,13,0,Black,561.2,319.8,False,0
platinum,133,15,0,Black,1093.8,376.0,False,0
platinum,133,18,0,Black,601.0,523.5,False,0
platinum,133,21,0,Black,821.6,557.2,False,0
platinum,133,24,0,Black,1115.6,290.9,False,0
platinum,133,26,0,Black,985.6,257.1,False,0
platinum,133,27,0,Black,428.9,422.8,False,0
platinum,133,28,0,Black,300.7,297.4,False,0
platinum,134,1,0,Black,427.6,535.3,False,0
platinum,134,13,0,Black,562.3,317.5,False,0
platinum,134,15,0,Black,1097.5,373.8,False,0
platinum,134,18,0,Black,598.8,524.0,False,0
platinum,134,21,0,Black,820.0,556.6,False,0
platinum,134,24,0,Black,1114.8,290.0,False,0
platinum,134,26,0,Black,994.0,258.9,False,0
platinum,134,27,0,Black,428.2,422.7,False,0
platinum,134,28,0,Black,301.3,289.1,False,0
platinum,135,1,0,Black,430.5,536.0,False,0
platinum,135,13,0,Black,561.5,314.8,False,0
platinum,135,15,0,Black,1101.3,371.6,False,0
platinum,135,18,0,Black,601.6,525.1,False,0
platinum,135,21,0,Black,818.3,555.9,False,0
platinum,135,24,0,Black,1113.9,289.1,False,0
platinum,135,26,0,Black,1005.1,266.4,False,0
platinum,135,27,0,Black,428.9,422.6,False,0
platinum,135,28,0,Black,301.8,280.9,False,0
platinum,136,1,0,Black,435.1,535.9,False,0
platinum,136,13,0,Black,562.6,313.8,False,0
platinum,136,15,0,Black,1105.0,369.4,False,0
platinum,136,18,0,Black,603.0,525.6,False,0
platinum,136,21,0,Black,816.7,555.2,False,0
platinum,136,24,0,Black,1113.1,288.2,False,0
platinum,136,26,0,Black,1013.5,269.2,False,0
platinum,136,27,0,Black,425.7,425.1,False,0
platinum,136,28,0,Black,302.4,272.6,False,0
platinum,137,1,0,Black,437.4,534.6,False,0
platinum,137,13,0,Black,567.7,314.2,False,0
platinum,137,15,0,Black,1108.7,367.2,False,0
platinum,137,18,0,Black,604.5,526.4,False,0
platinum,137,21,0,Black,815.0,554.5,False,0
platinum,137,24,0,Black,1112.3,287.2,False,0
platinum,137,26,0,Black,1036.0,276.4,False,0
platinum,137,27,0,Black,424.9,427.0,False,0
platinum,137,28,0,Black,303.0,264.3,False,0
platinum,138,1,0,Black,439.5,533.4,False,0
platinum,138,13,0,Black,570.1,312.1,False,0
platinum,138,15,0,Black,1112.5,365.0,False,0
platinum,138,18,0,Black,604.7,524.5,False,0
platinum,138,21,0,Black,813.4,553.8,False,0
platinum,138,24,0,Black,1111.5,286.3,False,0
platinum,138,26,0,Black,1046.1,282.7,False,0
platinum,138,27,0,Black,428.9,424.7,False,0
platinum,138,28,0,Black,303.5,256.1,False,0
platinum,139,1,0,Black,442.6,533.0,False,0
platinum,139,13,0,Black,557.7,310.4,False,0
platinum,139,15,0,Black,1118.4,379.0,False,0
platinum,139,18,0,Black,605.7,524.7,False,0
platinum,139,21,0,Black,811.8,553.1,False,0
platinum,139,24,0,Black,1110.6,285.4,False,0
platinum,139,26,0,Black,1054.5,284.4,False,0
platinum,139,27,0,Black,430.1,421.8,False,0
platinum,139,28,0,Black,304.1,247.8,False,0
platinum,140,1,0,Black,442.7,532.2,False,0
platinum,140,13,0,Black,563.5,308.5,False,0
platinum,140,15,0,Black,1118.7,379.3,False,0
platinum,140,18,0,Black,608.4,525.5,False,0
platinum,140,21,0,Black,810.1,552.4,False,0
platinum,140,24,0,Black,1109.8,284.5,False,0
platinum,140,26,0,Black,1058.6,287.6,False,0
platinum,140,27,0,Black,428.5,419.8,False,0
platinum,140,28,0,Black,304.6,239.5,False,0
platinum,141,1,0,Black,442.3,532.3,False,0
platinum,141,13,0,Black,572.6,309.5,False,0
platinum,141,15,0,Black,1122.7,379.7,False,0
platinum,141,18,0,Black,608.1,524.1,False,0
platinum,141,21,0,Black,808.5,551.7,False,0
platinum,141,24,0,Black,1109.0,283.5,False,0
platinum,141,26,0,Black,1060.8,290.6,False,0
platinum,141,27,0,Black,425.0,421.7,False,0
platinum,141,28,0,Black,305.2,231.2,False,0
platinum,141,29,-1,Unknown,536.0,67.0,False,0
platinum,142,1,0,Black,441.8,532.0,False,0
platinum,142,13,0,Black,571.9,310.2,False,0
platinum,142,15,0,Black,1130.1,378.6,False,0
platinum,142,18,0,Black,608.9,525.3,False,0
platinum,142,21,0,Black,806.8,551.1,False,0
platinum,142,24,0,Black,1108.2,282.6,False,0
platinum,142,26,0,Black,1063.6,287.8,False,0
platinum,142,27,0,Black,426.9,421.1,False,0
platinum,142,28,0,Black,305.7,223.0,False,0
platinum,142,29,-1,Unknown,511.5,67.5,False,0
platinum,143,1,0,Black,439.9,534.1,False,0
platinum,143,13,0,Black,571.6,312.2,False,0
platinum,143,15,0,Black,1129.8,381.1,False,0
platinum,143,18,0,Black,609.6,525.1,False,0
platinum,143,21,0,Black,805.2,550.4,False,0
platinum,143,24,0,Black,1107.3,281.7,False,0
platinum,143,26,0,Black,1062.1,290.3,False,0
platinum,143,27,0,Black,428.6,423.2,False,0
platinum,143,28,0,Black,306.3,214.7,False,0
platinum,143,29,0,Black,508.6,71.3,False,0
platinum,144,1,0,Black,438.8,537.3,False,0
platinum,144,13,0,Black,572.2,316.6,False,0
platinum,144,15,0,Black,1133.3,380.5,False,0
platinum,144,18,0,Black,602.0,527.7,False,0
platinum,144,21,0,Black,815.3,555.9,False,0
platinum,144,24,0,Black,1106.5,280.8,False,0
platinum,144,26,0,Black,1061.5,291.4,False,0
platinum,144,27,0,Black,427.6,426.3,False,0
platinum,144,28,0,Black,306.8,206.4,False,0
platinum,144,29,0,Black,497.3,79.2,False,0
platinum,145,1,0,Black,438.7,539.1,False,0
platinum,145,13,0,Black,562.4,317.9,False,0
platinum,145,15,0,Black,1133.5,387.3,False,0
platinum,145,18,0,Black,602.0,529.9,False,0
platinum,145,21,0,Black,816.1,557.9,False,0
platinum,145,24,0,Black,1105.7,279.8,False,0
platinum,145,26,0,Black,1061.4,304.2,False,0
platinum,145,27,0,Black,423.6,431.1,False,0
platinum,145,28,0,Black,307.4,198.1,False,0
platinum,145,29,0,Black,493.1,85.3,False,0
platinum,145,30,0,Black,57.0,328.0,False,0
platinum,146,1,0,Black,433.0,544.7,False,0
platinum,146,13,0,Black,572.7,326.6,False,0
platinum,146,15,0,Black,1135.9,389.1,False,0
platinum,146,18,0,Black,597.4,532.7,False,0
platinum,146,21,0,Black,814.4,560.2,False,0
platinum,146,24,0,Black,1104.9,278.9,False,0
platinum,146,26,0,Black,1063.1,307.1,False,0
platinum,146,27,0,Black,423.3,431.7,False,0
platinum,146,28,0,Black,307.9,189.9,False,0
platinum,146,29,0,Black,490.0,92.5,False,0
platinum,146,30,0,Black,57.5,331.0,False,0
platinum,146,31,0,Black,1211.0,64.0,False,0
platinum,147,1,0,Black,429.9,547.8,False,0
platinum,147,13,0,Black,572.2,327.0,False,0
platinum,147,15,0,Black,1141.0,392.7,False,0
platinum,147,18,0,Black,593.7,535.0,False,0
platinum,147,21,0,Black,812.5,562.7,False,0
platinum,147,24,0,Black,1104.0,278.0,False,0
platinum,147,26,0,Black,1063.8,303.1,False,0
platinum,147,27,0,Black,423.0,432.3,False,0
platinum,147,28,0,Black,308.5,181.6,False,0
platinum,147,29,0,Black,479.7,100.7,False,0
platinum,147,30,0,Black,60.8,332.6,False,0
platinum,147,31,0,Black,1205.0,82.5,False,0
platinum,148,1,0,Black,429.0,549.6,False,0
platinum,148,13,0,Black,574.6,329.8,False,0
platinum,148,15,0,Black,1145.8,391.1,False,0
platinum,148,18,0,Black,592.7,536.2,False,0
platinum,148,21,0,Black,815.1,569.2,False,0
platinum,148,24,0,Black,1103.2,277.1,False,0
platinum,148,26,0,Black,1064.3,299.6,False,0
platinum,148,27,0,Black,423.8,446.4,False,0
platinum,148,28,0,Black,309.0,173.3,False,0
platinum,148,29,0,Black,473.6,104.0,False,0
platinum,148,30,0,Black,62.2,334.5,False,0
platinum,148,31,0,Black,1200.9,86.9,False,0
platinum,149,1,0,Black,428.0,550.9,False,0
platinum,149,13,0,Black,577.8,334.1,False,0
platinum,149,15,0,Black,1149.3,391.4,False,0
platinum,149,18,0,Black,591.6,536.0,False,0
platinum,149,21,0,Black,814.4,570.1,False,0
platinum,149,24,0,Black,1102.4,276.2,False,0
platinum,149,26,0,Black,1066.9,297.9,False,0
platinum,149,27,0,Black,423.5,448.4,False,0
platinum,149,28,0,Black,309.6,165.1,False,0
platinum,149,29,0,Black,469.6,104.2,False,0
platinum,149,30,0,Black,62.5,336.5,False,0
platinum,149,31,0,Black,1196.4,93.9,False,0
platinum,150,1,0,Black,430.3,550.0,False,0
platinum,150,13,0,Black,580.2,337.0,False,0
platinum,150,15,0,Black,1152.8,391.7,False,0
platinum,150,18,0,Black,592.6,534.6,False,0
platinum,150,21,0,Black,813.7,570.9,False,0
platinum,150,26,0,Black,1071.6,296.8,False,0
platinum,150,27,0,Black,427.7,447.5,False,0
platinum,150,28,0,Black,310.1,156.8,False,0
platinum,150,29,0,Black,468.8,104.7,False,0
platinum,150,30,0,Black,62.9,336.6,False,0
platinum,150,31,0,Black,1182.7,81.4,False,0
platinum,150,32,0,Black,1003.5,116.5,False,0
platinum,150,33,-1,Unknown,430.0,481.0,False,0
platinum,151,1,0,Black,435.4,547.7,False,0
platinum,151,13,0,Black,572.0,339.3,False,0
platinum,151,15,0,Black,1156.2,392.0,False,0
platinum,151,18,0,Black,593.3,534.0,False,0
platinum,151,21,0,Black,841.4,598.3,False,0
platinum,151,26,0,Black,1074.5,296.4,False,0
platinum,151,27,0,Black,427.3,447.0,False,0
platinum,151,28,0,Black,310.7,148.5,False,0
platinum,151,29,0,Black,469.8,106.7,False,0
platinum,151,30,0,Black,63.6,339.4,False,0
platinum,151,31,0,Black,1172.0,72.1,False,0
platinum,151,32,0,Black,1014.0,128.5,False,0
platinum,151,33,-1,Unknown,430.0,481.0,False,0
platinum,152,1,0,Black,437.6,547.5,False,0
platinum,152,13,0,Black,579.3,338.9,False,0
platinum,152,15,0,Black,1159.7,392.3,False,0
platinum,152,18,0,Black,595.2,534.1,False,0
platinum,152,21,0,Black,860.7,601.5,False,0
platinum,152,26,0,Black,1080.7,300.4,False,0
platinum,152,27,0,Black,427.4,448.4,False,0
platinum,152,28,0,Black,311.2,140.2,False,0
platinum,152,29,0,Black,467.7,106.9,False,0
platinum,152,30,0,Black,64.9,339.7,False,0
platinum,152,31,0,Black,1138.5,69.6,False,0
platinum,152,32,0,Black,1007.1,126.4,False,0
platinum,152,33,-1,Unknown,430.0,481.0,False,0
platinum,153,1,0,Black,438.1,547.3,False,0
platinum,153,13,0,Black,578.5,339.3,False,0
platinum,153,15,0,Black,1163.2,392.6,False,0
platinum,153,18,0,Black,596.3,533.8,False,0
platinum,153,21,0,Black,878.4,605.5,False,0
platinum,153,26,0,Black,1083.9,303.2,False,0
platinum,153,27,0,Black,427.6,449.8,False,0
platinum,153,29,0,Black,470.1,109.2,False,0
platinum,153,30,0,Black,66.7,338.6,False,0
platinum,153,31,0,Black,1114.4,60.8,False,0
platinum,153,32,0,Black,985.7,125.7,False,0
platinum,153,33,-1,Unknown,430.0,481.0,False,0
platinum,153,34,0,Black,723.5,532.0,False,0
platinum,153,35,-1,Unknown,1102.0,630.5,False,0
platinum,153,36,-1,Unknown,265.5,456.0,False,0
platinum,154,1,0,Black,436.3,548.3,False,0
platinum,154,13,0,Black,578.9,340.8,False,0
platinum,154,15,0,Black,1166.7,392.9,False,0
platinum,154,18,0,Black,595.7,533.7,False,0
platinum,154,21,0,Black,891.5,614.8,False,0
platinum,154,26,0,Black,1087.9,309.5,False,0
platinum,154,27,0,Black,427.7,451.2,False,0
platinum,154,29,0,Black,469.8,110.9,False,0
platinum,154,30,0,Black,68.0,337.2,False,0
platinum,154,31,0,Black,1098.5,57.3,False,0
platinum,154,32,0,Black,985.1,126.3,False,0
platinum,154,33,-1,Unknown,430.0,481.0,False,0
platinum,154,34,0,Black,721.5,530.5,False,0
platinum,154,35,-1,Unknown,1104.0,630.0,False,0
platinum,154,36,-1,Unknown,265.5,456.0,False,0
platinum,155,1,0,Black,436.9,548.6,False,0
platinum,155,13,0,Black,577.4,341.6,False,0
platinum,155,15,0,Black,1170.2,393.1,False,0
platinum,155,18,0,Black,596.5,533.3,False,0
platinum,155,21,0,Black,900.6,623.1,False,0
platinum,155,26,0,Black,1089.6,310.5,False,0
platinum,155,27,0,Black,430.6,438.1,False,0
platinum,155,29,0,Black,466.6,114.1,False,0
platinum,155,30,0,Black,69.4,337.3,False,0
platinum,155,31,0,Black,1082.6,53.7,False,0
platinum,155,32,0,Black,975.1,129.1,False,0
platinum,155,33,-1,Unknown,430.0,481.0,False,0
platinum,155,34,0,Black,719.5,529.0,False,0
platinum,155,35,-1,Unknown,1106.0,629.5,False,0
platinum,155,36,-1,Unknown,265.5,456.0,False,0
platinum,156,1,0,Black,437.5,548.1,False,0
platinum,156,13,0,Black,575.5,341.9,False,0
platinum,156,15,0,Black,1173.7,393.4,False,0
platinum,156,18,0,Black,598.1,533.5,False,0
platinum,156,21,0,Black,900.5,628.7,False,0
platinum,156,26,0,Black,1091.7,310.8,False,0
platinum,156,27,0,Black,430.0,437.4,False,0
platinum,156,29,0,Black,462.3,115.1,False,0
platinum,156,30,0,Black,71.9,336.0,False,0
platinum,156,31,0,Black,1066.7,50.2,False,0
platinum,156,32,0,Black,965.0,129.3,False,0
platinum,156,33,-1,Unknown,430.0,481.0,False,0
platinum,156,34,0,Black,717.5,527.5,False,0
platinum,156,35,-1,Unknown,1108.0,629.0,False,0
platinum,156,36,-1,Unknown,265.5,456.0,False,0
platinum,157,1,0,Black,441.9,550.1,False,0
platinum,157,13,0,Black,579.0,342.0,False,0
platinum,157,15,0,Black,1177.2,393.7,False,0
platinum,157,18,0,Black,598.0,534.9,False,0
platinum,157,21,0,Black,905.7,633.1,False,0
platinum,157,26,0,Black,1092.4,313.2,False,0
platinum,157,27,0,Black,431.4,437.8,False,0
platinum,157,29,0,Black,457.3,118.0,False,0
platinum,157,30,0,Black,73.8,335.4,False,0
platinum,157,31,0,Black,1050.8,46.7,False,0
platinum,157,32,0,Black,959.1,134.9,False,0
platinum,157,33,-1,Unknown,430.0,481.0,False,0
platinum,157,34,0,Black,715.5,526.0,False,0
platinum,157,35,-1,Unknown,1110.0,628.5,False,0
platinum,157,36,-1,Unknown,265.5,457.0,False,0
platinum,158,1,0,Black,442.7,550.7,False,0
platinum,158,13,0,Black,581.0,342.6,False,0
platinum,158,15,0,Black,1180.7,394.0,False,0
platinum,158,18,0,Black,597.0,536.0,False,0
platinum,158,21,0,Black,911.0,637.4,False,0
platinum,158,26,0,Black,1094.8,304.8,False,0
platinum,158,27,0,Black,430.6,437.3,False,0
platinum,158,29,0,Black,462.2,122.7,False,0
platinum,158,30,0,Black,74.1,336.9,False,0
platinum,158,31,0,Black,1034.9,43.1,False,0
platinum,158,32,0,Black,950.6,136.5,False,0
platinum,158,33,-1,Unknown,430.0,481.0,False,0
platinum,158,34,0,Black,713.5,524.5,False,0
platinum,158,35,-1,Unknown,1112.0,628.0,False,0
platinum,158,36,-1,Unknown,265.5,457.2,False,0
platinum,159,1,0,Black,443.6,551.2,False,0
platinum,159,13,0,Black,577.2,343.5,False,0
platinum,159,15,0,Black,1184.2,394.3,False,0
platinum,159,18,0,Black,596.7,537.4,False,0
platinum,159,21,0,Black,916.0,634.9,False,0
platinum,159,26,0,Black,1109.6,295.1,False,0
platinum,159,27,0,Black,431.9,439.8,False,0
platinum,159,29,0,Black,468.7,129.5,False,0
platinum,159,30,0,Black,75.8,337.4,False,0
platinum,159,31,0,Black,1019.1,39.6,False,0
platinum,159,32,0,Black,943.2,138.0,False,0
platinum,159,33,-1,Unknown,430.0,481.0,False,0
platinum,159,34,0,Black,711.5,523.0,False,0
platinum,159,35,-1,Unknown,1114.0,627.5,False,0
platinum,159,36,-1,Unknown,265.5,457.5,False,0
platinum,160,1,0,Black,444.4,551.8,False,0
platinum,160,13,0,Black,577.2,344.3,False,0
platinum,160,15,0,Black,1187.7,394.6,False,0
platinum,160,18,0,Black,597.8,538.0,False,0
platinum,160,21,0,Black,919.7,637.2,False,0
platinum,160,26,0,Black,1105.3,296.3,False,0
platinum,160,27,0,Black,432.3,440.1,False,0
platinum,160,29,0,Black,477.5,135.3,False,0
platinum,160,30,0,Black,78.0,336.3,False,0
platinum,160,31,0,Black,1003.2,36.0,False,0
platinum,160,32,0,Black,935.0,142.6,False,0
platinum,160,33,-1,Unknown,430.0,481.0,False,0
platinum,160,34,0,Black,709.5,521.5,False,0
platinum,160,35,-1,Unknown,1116.0,627.0,False,0
platinum,160,36,-1,Unknown,265.5,457.7,False,0
platinum,161,1,0,Black,445.3,552.4,False,0
platinum,161,13,0,Black,579.3,343.1,False,0
platinum,161,15,0,Black,1185.1,403.8,False,0
platinum,161,18,0,Black,600.2,539.8,False,0
platinum,161,21,0,Black,922.3,637.7,False,0
platinum,161,26,0,Black,1124.4,288.6,False,0
platinum,161,27,0,Black,432.7,440.4,False,0
platinum,161,29,0,Black,477.2,137.4,False,0
platinum,161,30,0,Black,80.8,334.5,False,0
platinum,161,31,0,Black,987.3,32.5,False,0
platinum,161,32,0,Black,924.9,140.9,False,0
platinum,161,33,-1,Unknown,430.0,481.0,False,0
platinum,161,34,0,Black,707.5,520.0,False,0
platinum,161,35,-1,Unknown,1118.0,626.5,False,0
platinum,161,36,-1,Unknown,265.5,458.0,False,0
platinum,161,37,0,Black,1097.0,362.0,False,0
platinum,162,1,0,Black,446.1,552.9,False,0
platinum,162,13,0,Black,579.5,343.8,False,0
platinum,162,15,0,Black,1188.8,408.0,False,0
platinum,162,18,0,Black,600.5,540.4,False,0
platinum,162,21,0,Black,923.8,639.7,False,0
platinum,162,26,0,Black,1133.2,284.4,False,0
platinum,162,27,0,Black,433.0,440.7,False,0
platinum,162,29,0,Black,453.6,141.6,False,0
platinum,162,30,0,Black,80.5,335.2,False,0
platinum,162,31,0,Black,971.4,29.0,False,0
platinum,162,32,0,Black,914.4,141.1,False,0
platinum,162,33,-1,Unknown,430.0,481.0,False,0
platinum,162,34,0,Black,705.5,518.5,False,0
platinum,162,35,-1,Unknown,1120.0,626.0,False,0
platinum,162,36,-1,Unknown,265.5,458.2,False,0
platinum,162,37,0,Black,1097.0,363.5,False,0
platinum,163,1,0,Black,447.0,553.5,False,0
platinum,163,13,0,Black,579.6,344.5,False,0
platinum,163,15,0,Black,1188.7,411.3,False,0
platinum,163,18,0,Black,600.7,541.0,False,0
platinum,163,21,0,Black,924.8,640.4,False,0
platinum,163,26,0,Black,1134.3,279.5,False,0
platinum,163,27,0,Black,433.4,441.0,False,0
platinum,163,29,0,Black,450.7,145.3,False,0
platinum,163,30,0,Black,83.3,331.8,False,0
platinum,163,31,0,Black,955.5,25.4,False,0
platinum,163,32,0,Black,905.7,142.5,False,0
platinum,163,33,-1,Unknown,430.0,481.0,False,0
platinum,163,34,0,Black,703.5,517.0,False,0
platinum,163,35,-1,Unknown,1122.0,625.5,False,0
platinum,163,36,-1,Unknown,265.5,458.5,False,0
platinum,163,37,0,Black,1101.7,363.6,False,0
platinum,164,1,0,Black,447.8,554.0,False,0
platinum,164,13,0,Black,579.8,345.1,False,0
platinum,164,15,0,Black,1187.0,412.2,False,0
platinum,164,18,0,Black,600.9,541.6,False,0
platinum,164,21,0,Black,917.9,639.9,False,0
platinum,164,26,0,Black,1135.9,275.5,False,0
platinum,164,27,0,Black,433.8,441.3,False,0
platinum,164,29,0,Black,447.8,148.9,False,0
platinum,164,30,0,Black,90.5,330.2,False,0
platinum,164,31,0,Black,939.6,21.9,False,0
platinum,164,32,0,Black,896.9,143.9,False,0
platinum,164,33,-1,Unknown,430.0,481.0,False,0
platinum,164,34,0,Black,701.5,515.5,False,0
platinum,164,35,-1,Unknown,1124.0,625.0,False,0
platinum,164,36,-1,Unknown,265.5,458.7,False,0
platinum,164,37,0,Black,1106.4,365.3,False,0
platinum,165,1,0,Black,448.7,554.6,False,0
platinum,165,13,0,Black,559.3,340.3,False,0
platinum,165,15,0,Black,1190.5,412.2,False,0
platinum,165,18,0,Black,601.2,542.1,False,0
platinum,165,21,0,Black,915.2,638.3,False,0
platinum,165,26,0,Black,1136.4,275.3,False,0
platinum,165,27,0,Black,434.1,441.7,False,0
platinum,165,29,0,Black,445.0,152.6,False,0
platinum,165,30,0,Black,92.6,329.9,False,0
platinum,165,31,0,Black,923.7,18.3,False,0
platinum,165,32,0,Black,888.1,145.3,False,0
platinum,165,33,-1,Unknown,430.0,481.0,False,0
platinum,165,34,0,Black,699.5,514.0,False,0
platinum,165,35,-1,Unknown,1126.0,624.5,False,0
platinum,165,36,-1,Unknown,265.5,459.0,False,0
platinum,165,37,0,Black,1094.9,366.8,False,0
platinum,166,1,0,Black,449.5,555.1,False,0
platinum,166,13,0,Black,562.0,339.8,False,0
platinum,166,15,0,Black,1194.0,410.8,False,0
platinum,166,18,0,Black,601.4,542.7,False,0
platinum,166,21,0,Black,916.6,636.9,False,0
platinum,166,26,0,Black,1136.7,272.0,False,0
platinum,166,27,0,Black,434.5,442.0,False,0
platinum,166,29,0,Black,442.1,156.2,False,0
platinum,166,30,0,Black,94.7,329.5,False,0
platinum,166,31,0,Black,907.8,14.8,False,0
platinum,166,32,0,Black,914.9,108.9,False,0
platinum,166,33,-1,Unknown,430.0,481.0,False,0
platinum,166,34,0,Black,697.5,512.5,False,0
platinum,166,35,-1,Unknown,1128.0,624.0,False,0
platinum,166,36,-1,Unknown,265.5,459.2,False,0
platinum,166,37,0,Black,1092.4,368.0,False,0
platinum,167,1,0,Black,450.3,555.7,False,0
platinum,167,13,0,Black,560.9,340.0,False,0
platinum,167,15,0,Black,1196.2,408.9,False,0
platinum,167,18,0,Black,601.7,543.3,False,0
platinum,167,21,0,Black,916.8,635.7,False,0
platinum,167,26,0,Black,1140.8,270.3,False,0
platinum,167,27,0,Black,434.9,442.3,False,0
platinum,167,29,0,Black,439.2,159.9,False,0
platinum,167,30,0,Black,96.8,329.1,False,0
platinum,167,31,0,Black,892.0,11.3,False,0
platinum,167,32,0,Black,912.2,108.0,False,0
platinum,167,33,-1,Unknown,430.0,481.0,False,0
platinum,167,34,0,Black,695.5,511.0,False,0
platinum,167,35,-1,Unknown,1130.0,623.5,False,0
platinum,167,36,-1,Unknown,265.5,459.5,False,0
platinum,167,37,0,Black,1094.8,366.9,False,0
platinum,168,1,0,Black,451.2,556.3,False,0
platinum,168,13,0,Black,559.8,340.2,False,0
platinum,168,15,0,Black,1198.0,407.9,False,0
platinum,168,18,0,Black,601.9,543.9,False,0
platinum,168,21,0,Black,910.9,635.2,False,0
platinum,168,26,0,Black,1144.9,268.7,False,0
platinum,168,27,0,Black,435.2,442.6,False,0
platinum,168,29,0,Black,436.3,163.5,False,0
platinum,168,30,0,Black,84.9,325.5,False,0
platinum,168,31,0,Black,876.1,7.7,False,0
platinum,168,32,0,Black,905.7,111.9,False,0
platinum,168,33,-1,Unknown,430.0,481.0,False,0
platinum,168,34,0,Black,693.5,509.5,False,0
platinum,168,35,-1,Unknown,1132.0,623.0,False,0
platinum,168,36,-1,Unknown,265.5,459.7,False,0
platinum,168,37,0,Black,1096.1,367.2,False,0
platinum,169,1,0,Black,452.0,556.8,False,0
platinum,169,13,0,Black,558.7,340.4,False,0
platinum,169,15,0,Black,1198.5,406.5,False,0
platinum,169,18,0,Black,602.1,544.5,False,0
platinum,169,21,0,Black,909.9,634.6,False,0
platinum,169,26,0,Black,1149.0,267.1,False,0
platinum,169,27,0,Black,435.6,442.9,False,0
platinum,169,29,0,Black,433.5,167.2,False,0
platinum,169,30,0,Black,81.2,330.4,False,0
platinum,169,31,0,Black,860.2,4.2,False,0
platinum,169,32,0,Black,900.3,110.5,False,0
platinum,169,33,-1,Unknown,430.0,481.0,False,0
platinum,169,34,0,Black,691.5,508.0,False,0
platinum,169,35,-1,Unknown,1134.0,622.5,False,0
platinum,169,36,-1,Unknown,265.5,460.0,False,0
platinum,169,37,0,Black,1091.8,366.6,False,0
platinum,170,1,0,Black,452.9,557.4,False,0
platinum,170,13,0,Black,557.5,340.5,False,0
platinum,170,15,0,Black,1198.3,402.7,False,0
platinum,170,18,0,Black,602.4,545.1,False,0
platinum,170,21,0,Black,911.2,635.9,False,0
platinum,170,26,0,Black,1153.1,265.4,False,0
platinum,170,27,0,Black,436.0,443.2,False,0
platinum,170,29,0,Black,399.2,177.6,False,0
platinum,170,30,0,Black,80.3,331.1,False,0
platinum,170,31,0,Black,844.3,0.7,False,0
platinum,170,32,0,Black,894.9,109.2,False,0
platinum,170,33,-1,Unknown,430.0,481.0,False,0
platinum,170,34,0,Black,689.5,506.5,False,0
platinum,170,35,-1,Unknown,1136.0,622.0,False,0
platinum,170,36,-1,Unknown,265.5,460.2,False,0
platinum,170,37,0,Black,1089.6,366.0,False,0
platinum,171,1,0,Black,475.0,539.9,False,0
platinum,171,13,0,Black,556.4,340.7,False,0
platinum,171,15,0,Black,1198.2,402.5,False,0
platinum,171,18,0,Black,602.6,545.7,False,0
platinum,171,21,0,Black,912.6,637.2,False,0
platinum,171,26,0,Black,1157.2,263.8,False,0
platinum,171,27,0,Black,436.3,443.5,False,0
platinum,171,29,0,Black,394.2,181.7,False,0
platinum,171,30,0,Black,80.6,327.4,False,0
platinum,171,31,0,Black,828.4,-2.9,False,0
platinum,171,32,0,Black,889.6,107.8,False,0
platinum,171,34,0,Black,687.5,505.0,False,0
platinum,171,35,-1,Unknown,1138.0,621.5,False,0
platinum,171,36,-1,Unknown,265.5,460.5,False,0
platinum,171,37,0,Black,1088.4,364.1,False,0
platinum,172,1,0,Black,477.0,539.5,False,0
platinum,172,13,0,Black,555.3,340.9,False,0
platinum,172,15,0,Black,1196.8,399.2,False,0
platinum,172,18,0,Black,602.8,546.3,False,0
platinum,172,21,0,Black,914.0,638.5,False,0
platinum,172,26,0,Black,1161.3,262.1,False,0
platinum,172,27,0,Black,436.7,443.8,False,0
platinum,172,29,0,Black,374.5,189.9,False,0
platinum,172,30,0,Black,82.0,324.4,False,0
platinum,172,31,0,Black,812.5,-6.4,False,0
platinum,172,32,0,Black,884.2,106.4,False,0
platinum,172,34,0,Black,685.5,503.5,False,0
platinum,172,35,-1,Unknown,1140.0,621.0,False,0
platinum,172,36,-1,Unknown,265.5,460.7,False,0
platinum,172,37,0,Black,1084.4,363.3,False,0
platinum,173,1,0,Black,479.1,539.0,False,0
platinum,173,13,0,Black,554.1,341.1,False,0
platinum,173,15,0,Black,1193.2,394.0,False,0
platinum,173,18,0,Black,603.1,546.9,False,0
platinum,173,21,0,Black,915.3,639.7,False,0
platinum,173,26,0,Black,1165.4,260.5,False,0
platinum,173,27,0,Black,437.1,444.2,False,0
platinum,173,29,0,Black,364.7,196.1,False,0
platinum,173,30,0,Black,82.5,323.9,False,0
platinum,173,31,0,Black,796.6,-10.0,False,0
platinum,173,32,0,Black,878.8,105.0,False,0
platinum,173,34,0,Black,683.5,502.0,False,0
platinum,173,35,-1,Unknown,1142.0,620.5,False,0
platinum,173,36,-1,Unknown,265.5,461.0,False,0
platinum,173,37,0,Black,1079.3,363.1,False,0
platinum,174,1,0,Black,481.1,538.6,False,0
platinum,174,13,0,Black,535.0,337.7,False,0
platinum,174,15,0,Black,1191.8,392.8,False,0
platinum,174,18,0,Black,603.3,547.5,False,0
platinum,174,21,0,Black,916.7,641.0,False,0
platinum,174,26,0,Black,1169.5,258.9,False,0
platinum,174,27,0,Black,437.5,444.5,False,0
platinum,174,29,0,Black,358.2,200.7,False,0
platinum,174,30,0,Black,83.0,321.8,False,0
platinum,174,32,0,Black,873.5,103.6,False,0
platinum,174,34,0,Black,681.5,500.5,False,0
platinum,174,35,-1,Unknown,1144.0,620.0,False,0
platinum,174,36,-1,Unknown,265.5,461.2,False,0
platinum,174,37,0,Black,1077.4,363.3,False,0
platinum,175,1,0,Black,483.1,538.2,False,0
platinum,175,13,0,Black,528.1,339.3,False,0
platinum,175,15,0,Black,1198.1,391.6,False,0
platinum,175,18,0,Black,603.6,548.0,False,0
platinum,175,21,0,Black,910.6,633.7,False,0
platinum,175,26,0,Black,1173.6,257.2,False,0
platinum,175,27,0,Black,437.8,444.8,False,0
platinum,175,29,0,Black,348.8,211.6,False,0
platinum,175,30,0,Black,83.2,321.0,False,0
platinum,175,32,0,Black,800.4,119.4,False,0
platinum,175,36,-1,Unknown,265.5,461.5,False,0
platinum,175,37,0,Black,1078.1,364.7,False,0
platinum,175,38,0,Black,788.5,424.0,False,0
platinum,176,1,0,Black,478.7,541.6,False,0
platinum,176,13,0,Black,521.2,340.4,False,0
platinum,176,15,0,Black,1198.2,392.9,False,0
platinum,176,18,0,Black,603.8,548.6,False,0
platinum,176,21,0,Black,912.2,633.8,False,0
platinum,176,26,0,Black,1177.7,255.6,False,0
platinum,176,27,0,Black,438.2,445.1,False,0
platinum,176,29,0,Black,342.0,216.8,False,0
platinum,176,30,0,Black,83.6,320.2,False,0
platinum,176,32,0,Black,790.1,119.2,False,0
platinum,176,36,-1,Unknown,265.5,461.7,False,0
platinum,176,37,0,Black,1075.8,364.9,False,0
platinum,176,38,0,Black,788.0,424.0,False,0
platinum,177,1,0,Black,480.2,541.5,False,0
platinum,177,13,0,Black,519.3,344.1,False,0
platinum,177,15,0,Black,1199.5,392.2,False,0
platinum,177,18,0,Black,604.0,549.2,False,0
platinum,177,21,0,Black,913.0,634.4,False,0
platinum,177,26,0,Black,1181.8,254.0,False,0
platinum,177,27,0,Black,438.6,445.4,False,0
platinum,177,29,0,Black,329.6,227.8,False,0
platinum,177,30,0,Black,82.1,321.0,False,0
platinum,177,32,0,Black,773.7,111.5,False,0
platinum,177,36,-1,Unknown,265.5,462.0,False,0
platinum,177,37,0,Black,1069.8,365.7,False,0
platinum,177,38,0,Black,775.3,426.4,False,0
platinum,178,1,0,Black,481.7,541.3,False,0
platinum,178,13,0,Black,518.4,347.5,False,0
platinum,178,15,0,Black,1200.8,391.5,False,0
platinum,178,18,0,Black,604.3,549.8,False,0
platinum,178,21,0,Black,913.9,635.0,False,0
platinum,178,26,0,Black,1185.9,252.3,False,0
platinum,178,27,0,Black,438.9,445.7,False,0
platinum,178,29,0,Black,323.4,236.2,False,0
platinum,178,30,0,Black,84.1,320.8,False,0
platinum,178,32,0,Black,762.9,110.8,False,0
platinum,178,37,0,Black,1091.2,369.2,False,0
platinum,178,38,0,Black,764.8,428.3,False,0
platinum,179,1,0,Black,483.2,541.2,False,0
platinum,179,13,0,Black,515.6,348.2,False,0
platinum,179,15,0,Black,1202.0,390.8,False,0
platinum,179,18,0,Black,604.5,550.4,False,0
platinum,179,21,0,Black,914.8,635.6,False,0
platinum,179,26,0,Black,1190.0,250.7,False,0
platinum,179,27,0,Black,439.3,446.0,False,0
platinum,179,29,0,Black,313.1,246.0,False,0
platinum,179,30,0,Black,84.9,321.1,False,0
platinum,179,32,0,Black,752.1,110.0,False,0
platinum,179,37,0,Black,1099.0,373.5,False,0
platinum,179,38,0,Black,754.4,430.2,False,0
platinum,180,1,0,Black,484.7,541.1,False,0
platinum,180,13,0,Black,511.8,350.9,False,0
platinum,180,15,0,Black,1203.3,390.1,False,0
platinum,180,18,0,Black,604.7,551.0,False,0
platinum,180,21,0,Black,915.7,636.2,False,0
platinum,180,26,0,Black,1194.1,249.0,False,0
platinum,180,29,0,Black,304.6,250.8,False,0
platinum,180,30,0,Black,85.3,320.5,False,0
platinum,180,32,0,Black,728.4,105.3,False,0
platinum,180,37,0,Black,1076.0,375.4,False,0
platinum,180,38,0,Black,764.7,422.8,False,0
platinum,181,1,0,Black,486.3,540.9,False,0
platinum,181,13,0,Black,508.9,351.8,False,0
platinum,181,15,0,Black,1204.6,389.4,False,0
platinum,181,18,0,Black,605.0,551.6,False,0
platinum,181,21,0,Black,916.6,636.8,False,0
platinum,181,26,0,Black,1198.2,247.4,False,0
platinum,181,29,0,Black,297.0,256.9,False,0
platinum,181,30,0,Black,86.3,318.5,False,0
platinum,181,32,0,Black,720.9,108.1,False,0
platinum,181,37,0,Black,1063.1,376.5,False,0
platinum,181,38,0,Black,755.8,422.8,False,0
platinum,182,1,0,Black,487.8,540.8,False,0
platinum,182,13,0,Black,506.1,352.8,False,0
platinum,182,15,0,Black,1205.9,388.7,False,0
platinum,182,21,0,Black,917.4,637.4,False,0
platinum,182,26,0,Black,1202.3,245.8,False,0
platinum,182,29,0,Black,290.6,260.3,False,0
platinum,182,30,0,Black,86.8,317.8,False,0
platinum,182,32,0,Black,710.5,108.8,False,0
platinum,182,37,0,Black,1055.3,376.5,False,0
platinum,182,38,0,Black,750.3,423.2,False,0
platinum,183,1,0,Black,489.3,540.7,False,0
platinum,183,13,0,Black,503.2,353.7,False,0
platinum,183,15,0,Black,1207.2,388.0,False,0
platinum,183,21,0,Black,918.3,638.0,False,0
platinum,183,26,0,Black,1206.4,244.1,False,0
platinum,183,29,0,Black,283.1,268.7,False,0
platinum,183,30,0,Black,87.4,317.2,False,0
platinum,183,32,0,Black,696.7,107.1,False,0
platinum,183,37,0,Black,1057.0,379.1,False,0
platinum,183,38,0,Black,747.2,423.0,False,0
platinum,184,1,0,Black,490.8,540.5,False,0
platinum,184,13,0,Black,500.3,354.6,False,0
platinum,184,15,0,Black,1208.4,387.4,False,0
platinum,184,21,0,Black,919.2,638.6,False,0
platinum,184,26,0,Black,1210.5,242.5,False,0
platinum,184,29,0,Black,278.2,276.9,False,0
platinum,184,30,0,Black,87.9,316.5,False,0
platinum,184,32,0,Black,685.1,106.3,False,0
platinum,184,37,0,Black,1054.5,380.1,False,0
platinum,184,38,0,Black,744.0,423.6,False,0
platinum,185,1,0,Black,492.4,540.4,False,0
platinum,185,13,0,Black,497.4,355.5,False,0
platinum,185,15,0,Black,1209.7,386.7,False,0
platinum,185,21,0,Black,920.1,639.2,False,0
platinum,185,26,0,Black,1214.6,240.9,False,0
platinum,185,29,0,Black,271.3,281.8,False,0
platinum,185,30,0,Black,88.4,315.9,False,0
platinum,185,32,0,Black,660.8,108.2,False,0
platinum,185,37,0,Black,1080.1,384.5,False,0
platinum,185,38,0,Black,739.6,424.5,False,0
platinum,186,1,0,Black,493.9,540.3,False,0
platinum,186,13,0,Black,494.6,356.4,False,0
platinum,186,15,0,Black,1211.0,386.0,False,0
platinum,186,21,0,Black,920.9,639.9,False,0
platinum,186,26,0,Black,1218.7,239.2,False,0
platinum,186,29,0,Black,264.7,290.3,False,0
platinum,186,30,0,Black,88.9,315.2,False,0
platinum,186,32,0,Black,648.1,107.7,False,0
platinum,186,37,0,Black,1084.7,388.6,False,0
platinum,186,38,0,Black,735.9,423.8,False,0
platinum,187,1,0,Black,495.4,540.1,False,0
platinum,187,13,0,Black,500.9,365.9,False,0
platinum,187,15,0,Black,1212.3,385.3,False,0
platinum,187,21,0,Black,921.8,640.5,False,0
platinum,187,29,0,Black,257.5,296.6,False,0
platinum,187,30,0,Black,89.4,314.5,False,0
platinum,187,32,0,Black,635.4,107.2,False,0
platinum,187,37,0,Black,1085.4,391.1,False,0
platinum,187,38,0,Black,734.0,423.3,False,0
platinum,188,1,0,Black,496.9,540.0,False,0
platinum,188,13,0,Black,498.7,367.5,False,0
platinum,188,15,0,Black,1213.6,384.6,False,0
platinum,188,21,0,Black,922.7,641.1,False,0
platinum,188,29,0,Black,250.4,303.0,False,0
platinum,188,30,0,Black,89.9,313.9,False,0
platinum,188,32,0,Black,622.6,106.7,False,0
platinum,188,37,0,Black,1083.0,393.2,False,0
platinum,188,38,0,Black,729.5,423.1,False,0
platinum,189,1,0,Black,498.4,539.8,False,0
platinum,189,13,0,Black,498.1,371.0,False,0
platinum,189,15,0,Black,1214.8,383.9,False,0
platinum,189,21,0,Black,923.6,641.7,False,0
platinum,189,29,0,Black,243.2,309.4,False,0
platinum,189,30,0,Black,90.4,313.2,False,0
platinum,189,32,0,Black,609.9,106.2,False,0
platinum,189,37,0,Black,1083.0,393.7,False,0
platinum,189,38,0,Black,676.2,396.5,False,0
platinum,190,1,0,Black,500.0,539.7,False,0
platinum,190,13,0,Black,547.2,379.9,False,0
platinum,190,15,0,Black,1216.1,383.2,False,0
platinum,190,21,0,Black,924.5,642.3,False,0
platinum,190,29,0,Black,236.1,315.8,False,0
platinum,190,30,0,Black,91.0,312.6,False,0
platinum,190,32,0,Black,605.6,120.0,False,0
platinum,190,37,0,Black,1068.4,394.4,False,0
platinum,190,38,0,Black,666.6,393.6,False,0
platinum,191,1,0,Black,501.5,539.6,False,0
platinum,191,13,0,Black,549.6,382.2,False,0
platinum,191,15,0,Black,1217.4,382.5,False,0
platinum,191,21,0,Black,925.3,642.9,False,0
platinum,191,29,0,Black,228.9,322.2,False,0
platinum,191,30,0,Black,91.5,311.9,False,0
platinum,191,32,0,Black,590.8,122.6,False,0
platinum,191,37,0,Black,1056.6,393.4,False,0
platinum,191,38,0,Black,657.0,390.7,False,0
platinum,192,1,0,Black,503.0,539.4,False,0
platinum,192,13,0,Black,552.0,384.6,False,0
platinum,192,15,0,Black,1218.7,381.8,False,0
platinum,192,21,0,Black,926.2,643.5,False,0
platinum,192,29,0,Black,221.8,328.5,False,0
platinum,192,30,0,Black,92.0,311.3,False,0
platinum,192,32,0,Black,575.5,125.4,False,0
platinum,192,37,0,Black,1049.3,392.6,False,0
platinum,192,38,0,Black,647.5,387.8,False,0
platinum,193,1,0,Black,485.8,576.0,False,0
platinum,193,13,0,Black,554.4,386.9,False,0
platinum,193,15,0,Black,1220.0,381.1,False,0
platinum,193,21,0,Black,927.1,644.1,False,0
platinum,193,29,0,Black,214.6,334.9,False,0
platinum,193,30,0,Black,92.5,310.6,False,0
platinum,193,32,0,Black,563.0,126.4,False,0
platinum,193,37,0,Black,1042.9,391.0,False,0
platinum,193,38,0,Black,637.9,384.9,False,0
platinum,193,39,-1,Unknown,762.5,655.0,False,0
platinum,194,1,0,Black,486.4,577.6,False,0
platinum,194,13,0,Black,556.8,389.2,False,0
platinum,194,15,0,Black,1221.2,380.4,False,0
platinum,194,21,0,Black,987.7,622.8,False,0
platinum,194,29,0,Black,207.5,341.3,False,0
platinum,194,30,0,Black,93.0,310.0,False,0
platinum,194,32,0,Black,543.9,132.1,False,0
platinum,194,37,0,Black,1031.2,393.2,False,0
platinum,194,38,0,Black,628.3,382.0,False,0
platinum,194,39,-1,Unknown,768.5,650.0,False,0
platinum,195,1,0,Black,487.0,579.3,False,0
platinum,195,13,0,Black,559.2,391.5,False,0
platinum,195,15,0,Black,1222.5,379.8,False,0
platinum,195,21,0,Black,987.0,618.0,False,0
platinum,195,29,0,Black,200.3,347.7,False,0
platinum,195,30,0,Black,93.5,309.3,False,0
platinum,195,32,0,Black,538.3,136.5,False,0
platinum,195,37,0,Black,1029.1,395.1,False,0
platinum,195,38,0,Black,618.7,379.1,False,0
platinum,195,39,0,Black,765.6,642.2,False,0
platinum,196,1,0,Black,502.7,578.9,False,0
platinum,196,13,0,Black,561.5,393.8,False,0
platinum,196,15,0,Black,1223.8,379.1,False,0
platinum,196,21,0,Black,983.9,603.9,False,0
platinum,196,29,0,Black,193.2,354.0,False,0
platinum,196,30,0,Black,94.0,308.7,False,0
platinum,196,32,0,Black,521.7,138.4,False,0
platinum,196,37,0,Black,1027.8,397.3,False,0
platinum,196,38,0,Black,609.1,376.2,False,0
platinum,196,39,0,Black,764.3,634.9,False,0
platinum,196,40,0,Black,300.5,259.0,False,0
platinum,197,1,0,Black,506.9,581.8,False,0
platinum,197,13,0,Black,563.9,396.2,False,0
platinum,197,21,0,Black,978.1,590.2,False,0
platinum,197,29,0,Black,186.0,360.4,False,0
platinum,197,30,0,Black,94.5,308.0,False,0
platinum,197,32,0,Black,508.8,140.0,False,0
platinum,197,37,0,Black,1026.7,398.2,False,0
platinum,197,38,0,Black,599.5,373.3,False,0
platinum,197,39,0,Black,763.0,627.6,False,0
platinum,197,40,0,Black,300.5,259.0,False,0
platinum,198,1,0,Black,514.6,585.1,False,0
platinum,198,13,0,Black,566.3,398.5,False,0
platinum,198,21,0,Black,980.1,587.1,False,0
platinum,198,29,0,Black,178.9,366.8,False,0
platinum,198,30,0,Black,95.1,307.4,False,0
platinum,198,32,0,Black,496.0,141.7,False,0
platinum,198,37,0,Black,1026.1,398.1,False,0
platinum,198,38,0,Black,552.6,315.3,False,0
platinum,198,39,0,Black,761.8,620.3,False,0
platinum,198,40,0,Black,300.5,259.0,False,0
platinum,199,1,0,Black,517.7,586.0,False,0
platinum,199,13,0,Black,568.7,400.8,False,0
platinum,199,21,0,Black,965.8,568.5,False,0
platinum,199,29,0,Black,171.7,373.2,False,0
platinum,199,30,0,Black,95.6,306.7,False,0
platinum,199,32,0,Black,483.2,143.3,False,0
platinum,199,37,0,Black,1026.7,398.1,False,0
platinum,199,38,0,Black,544.6,306.8,False,0
platinum,199,39,0,Black,760.5,613.0,False,0
platinum,199,40,0,Black,300.5,259.0,False,0
platinum,200,1,0,Black,521.1,584.0,False,0
platinum,200,13,0,Black,571.1,403.1,False,0
platinum,200,21,0,Black,956.4,562.7,False,0
platinum,200,29,0,Black,164.6,379.6,False,0
platinum,200,30,0,Black,96.1,306.1,False,0
platinum,200,32,0,Black,470.3,145.0,False,0
platinum,200,37,0,Black,1028.9,396.1,False,0
platinum,200,38,0,Black,540.8,305.6,False,0
platinum,200,39,0,Black,759.2,605.7,False,0
platinum,200,40,0,Black,300.5,259.0,False,0
platinum,201,1,0,Black,522.6,582.8,False,0
platinum,201,13,0,Black,573.5,405.4,False,0
platinum,201,21,0,Black,932.3,529.1,False,0
platinum,201,29,0,Black,157.4,385.9,False,0
platinum,201,30,0,Black,96.6,305.4,False,0
platinum,201,32,0,Black,457.5,146.6,False,0
platinum,201,37,0,Black,1029.8,394.3,False,0
platinum,201,38,0,Black,537.1,302.0,False,0
platinum,201,39,0,Black,758.0,598.4,False,0
platinum,201,40,0,Black,300.5,259.0,False,0
platinum,202,1,0,Black,524.4,582.3,False,0
platinum,202,13,0,Black,575.9,407.8,False,0
platinum,202,21,0,Black,929.7,521.8,False,0
platinum,202,29,0,Black,150.3,392.3,False,0
platinum,202,32,0,Black,444.6,148.3,False,0
platinum,202,37,0,Black,1033.5,392.0,False,0
platinum,202,38,0,Black,536.4,302.9,False,0
platinum,202,39,0,Black,756.7,591.1,False,0
platinum,202,40,0,Black,300.5,259.0,False,0
platinum,202,41,0,Black,767.0,251.5,False,0
platinum,202,42,0,Black,157.0,218.5,False,0
platinum,203,1,0,Black,524.4,582.1,False,0
platinum,203,13,0,Black,578.3,410.1,False,0
platinum,203,21,0,Black,940.1,529.1,False,0
platinum,203,29,0,Black,143.1,398.7,False,0
platinum,203,32,0,Black,431.8,149.9,False,0
platinum,203,37,0,Black,1037.6,389.8,False,0
platinum,203,38,0,Black,526.9,297.5,False,0
platinum,203,39,0,Black,755.4,583.8,False,0
platinum,203,40,0,Black,300.5,259.0,False,0
platinum,203,41,0,Black,759.5,252.5,False,0
platinum,203,42,0,Black,152.5,218.5,False,0
platinum,204,1,0,Black,526.2,580.1,False,0
platinum,204,13,0,Black,580.7,412.4,False,0
platinum,204,21,0,Black,938.7,523.1,False,0
platinum,204,29,0,Black,136.0,405.1,False,0
platinum,204,32,0,Black,419.0,151.6,False,0
platinum,204,37,0,Black,1040.2,389.6,False,0
platinum,204,38,0,Black,517.4,292.1,False,0
platinum,204,39,0,Black,754.2,576.5,False,0
platinum,204,40,0,Black,300.5,259.0,False,0
platinum,204,41,0,Black,747.3,260.1,False,0
platinum,204,42,0,Black,148.0,218.5,False,0
platinum,205,1,0,Black,527.8,578.6,False,0
platinum,205,13,0,Black,583.0,414.7,False,0
platinum,205,21,0,Black,937.2,517.1,False,0
platinum,205,29,0,Black,128.8,411.4,False,0
platinum,205,32,0,Black,406.1,153.2,False,0
platinum,205,37,0,Black,1043.4,389.2,False,0
platinum,205,38,0,Black,507.9,286.7,False,0
platinum,205,39,0,Black,769.4,627.8,False,0
platinum,205,40,0,Black,300.5,259.0,False,0
platinum,205,41,0,Black,741.1,268.6,False,0
platinum,205,42,0,Black,143.5,218.5,False,0
platinum,205,43,-1,Unknown,756.0,515.0,False,0
platinum,206,1,0,Black,530.3,580.0,False,0
platinum,206,13,0,Black,585.4,417.0,False,0
platinum,206,21,0,Black,935.7,511.0,False,0
platinum,206,29,0,Black,121.7,417.8,False,0
platinum,206,32,0,Black,393.3,154.9,False,0
platinum,206,37,0,Black,1047.0,390.0,False,0
platinum,206,38,0,Black,498.4,281.3,False,0
platinum,206,39,0,Black,764.0,626.7,False,0
platinum,206,40,0,Black,300.5,259.0,False,0
platinum,206,41,0,Black,732.4,276.1,False,0
platinum,206,42,0,Black,139.0,218.5,False,0
platinum,206,43,-1,Unknown,756.0,515.0,False,0
platinum,207,1,0,Black,531.2,582.4,False,0
platinum,207,13,0,Black,587.8,419.4,False,0
platinum,207,21,0,Black,934.3,505.0,False,0
platinum,207,32,0,Black,380.5,156.5,False,0
platinum,207,37,0,Black,1049.3,391.6,False,0
platinum,207,38,0,Black,488.9,275.9,False,0
platinum,207,39,0,Black,777.5,629.3,False,0
platinum,207,40,0,Black,300.5,259.0,False,0
platinum,207,41,0,Black,725.3,279.9,False,0
platinum,207,42,0,Black,134.5,218.5,False,0
platinum,207,43,-1,Unknown,756.0,515.0,False,0
platinum,208,1,0,Black,533.4,583.4,False,0
platinum,208,13,0,Black,590.2,421.7,False,0
platinum,208,21,0,Black,932.8,498.9,False,0
platinum,208,32,0,Black,367.6,158.2,False,0
platinum,208,37,0,Black,1047.6,393.6,False,0
platinum,208,38,0,Black,494.7,302.8,False,0
platinum,208,39,0,Black,783.2,631.9,False,0
platinum,208,40,0,Black,300.5,259.0,False,0
platinum,208,41,0,Black,712.6,281.7,False,0
platinum,208,42,0,Black,130.0,218.5,False,0
platinum,208,43,-1,Unknown,756.0,515.0,False,0
platinum,208,44,0,Black,1070.0,160.0,False,0
platinum,209,1,0,Black,535.5,584.1,False,0
platinum,209,13,0,Black,592.6,424.0,False,0
platinum,209,21,0,Black,931.3,492.9,False,0
platinum,209,32,0,Black,354.8,159.8,False,0
platinum,209,37,0,Black,1043.3,394.3,False,0
platinum,209,38,0,Black,486.4,299.8,False,0
platinum,209,39,0,Black,785.9,635.6,False,0
platinum,209,40,0,Black,300.5,259.0,False,0
platinum,209,41,0,Black,700.7,284.3,False,0
platinum,209,42,0,Black,125.5,218.5,False,0
platinum,209,43,-1,Unknown,756.0,515.0,False,0
platinum,209,44,0,Black,1067.5,159.0,False,0
platinum,209,45,0,Black,755.5,134.5,False,0
platinum,210,1,0,Black,537.6,584.8,False,0
platinum,210,13,0,Black,595.0,426.3,False,0
platinum,210,21,0,Black,929.9,486.8,False,0
platinum,210,32,0,Black,341.9,161.5,False,0
platinum,210,37,0,Black,1041.7,396.2,False,0
platinum,210,38,0,Black,498.0,313.1,False,0
platinum,210,39,0,Black,788.2,637.0,False,0
platinum,210,40,0,Black,315.0,204.0,False,0
platinum,210,41,0,Black,679.3,282.9,False,0
platinum,210,42,0,Black,121.0,218.5,False,0
platinum,210,43,-1,Unknown,756.0,515.0,False,0
platinum,210,44,0,Black,1066.9,160.4,False,0
platinum,210,45,0,Black,756.0,134.0,False,0
platinum,211,1,0,Black,539.7,585.5,False,0
platinum,211,21,0,Black,920.0,510.4,False,0
platinum,211,32,0,Black,329.1,163.1,False,0
platinum,211,37,0,Black,1048.0,397.9,False,0
platinum,211,38,0,Black,499.1,319.8,False,0
platinum,211,39,0,Black,792.6,638.2,False,0
platinum,211,40,0,Black,302.0,205.3,False,0
platinum,211,41,0,Black,667.7,286.8,False,0
platinum,211,42,0,Black,116.5,218.5,False,0
platinum,211,43,-1,Unknown,756.0,515.0,False,0
platinum,211,44,0,Black,1068.5,159.8,False,0
platinum,211,45,0,Black,745.2,132.6,False,0
platinum,212,1,0,Black,541.8,586.2,False,0
platinum,212,21,0,Black,920.7,514.7,False,0
platinum,212,32,0,Black,316.3,164.8,False,0
platinum,212,37,0,Black,1049.7,397.8,False,0
platinum,212,38,0,Black,501.2,320.9,False,0
platinum,212,39,0,Black,795.9,640.3,False,0
platinum,212,40,0,Black,301.6,201.9,False,0
platinum,212,41,0,Black,659.2,286.9,False,0
platinum,212,42,0,Black,112.0,218.5,False,0
platinum,212,43,-1,Unknown,756.0,515.0,False,0
platinum,212,44,0,Black,1076.4,162.3,False,0
platinum,212,45,0,Black,731.8,131.0,False,0
platinum,213,1,0,Black,543.9,586.8,False,0
platinum,213,21,0,Black,920.6,536.4,False,0
platinum,213,32,0,Black,303.4,166.5,False,0
platinum,213,37,0,Black,1046.1,399.1,False,0
platinum,213,38,0,Black,491.7,324.6,False,0
platinum,213,39,0,Black,800.0,641.1,False,0
platinum,213,40,0,Black,275.8,213.9,False,0
platinum,213,41,0,Black,650.4,285.7,False,0
platinum,213,42,0,Black,107.6,218.5,False,0
platinum,213,43,-1,Unknown,756.0,515.0,False,0
platinum,213,44,0,Black,1066.5,162.3,False,0
platinum,213,45,0,Black,728.4,132.7,False,0
platinum,214,1,0,Black,546.0,587.5,False,0
platinum,214,21,0,Black,920.0,523.7,False,0
platinum,214,32,0,Black,290.6,168.1,False,0
platinum,214,37,0,Black,1044.4,399.9,False,0
platinum,214,38,0,Black,463.8,322.5,False,0
platinum,214,39,0,Black,800.8,640.8,False,0
platinum,214,40,0,Black,269.4,223.0,False,0
platinum,214,41,0,Black,644.2,285.2,False,0
platinum,214,42,0,Black,103.1,218.5,False,0
platinum,214,43,-1,Unknown,756.0,515.0,False,0
platinum,214,44,0,Black,1066.1,163.1,False,0
platinum,214,45,0,Black,733.7,131.7,False,0
platinum,215,1,0,Black,548.1,588.2,False,0
platinum,215,21,0,Black,920.1,518.2,False,0
platinum,215,32,0,Black,277.7,169.8,False,0
platinum,215,37,0,Black,1045.7,400.5,False,0
platinum,215,38,0,Black,465.2,321.7,False,0
platinum,215,39,0,Black,796.8,641.0,False,0
platinum,215,40,0,Black,262.6,223.9,False,0
platinum,215,41,0,Black,639.9,283.6,False,0
platinum,215,42,0,Black,98.6,218.5,False,0
platinum,215,43,-1,Unknown,756.0,515.0,False,0
platinum,215,44,0,Black,1065.6,163.8,False,0
platinum,215,45,0,Black,736.2,127.5,False,0
platinum,216,1,0,Black,544.8,603.7,False,0
platinum,216,21,0,Black,919.2,514.3,False,0
platinum,216,32,0,Black,264.9,171.4,False,0
platinum,216,37,0,Black,1038.1,402.4,False,0
platinum,216,38,0,Black,475.8,323.7,False,0
platinum,216,39,0,Black,794.5,639.4,False,0
platinum,216,40,0,Black,258.5,223.6,False,0
platinum,216,41,0,Black,635.4,274.6,False,0
platinum,216,42,0,Black,94.1,218.5,False,0
platinum,216,43,-1,Unknown,756.0,515.0,False,0
platinum,216,44,0,Black,1065.1,164.6,False,0
platinum,216,45,0,Black,733.2,126.2,False,0
platinum,217,1,0,Black,547.5,605.1,False,0
platinum,217,21,0,Black,916.0,505.7,False,0
platinum,217,37,0,Black,1037.3,403.1,False,0
platinum,217,38,0,Black,470.5,323.4,False,0
platinum,217,39,0,Black,790.0,637.2,False,0
platinum,217,40,0,Black,254.4,223.4,False,0
platinum,217,41,0,Black,633.7,272.2,False,0
platinum,217,42,0,Black,89.6,218.5,False,0
platinum,217,43,-1,Unknown,756.0,515.0,False,0
platinum,217,44,0,Black,1043.3,167.8,False,0
platinum,217,45,0,Black,735.7,133.6,False,0
platinum,218,1,0,Black,549.3,606.8,False,0
platinum,218,21,0,Black,914.2,501.5,False,0
platinum,218,37,0,Black,1036.6,403.8,False,0
platinum,218,38,0,Black,465.2,323.1,False,0
platinum,218,39,0,Black,792.6,636.3,False,0
platinum,218,40,0,Black,201.6,239.5,False,0
platinum,218,41,0,Black,625.8,273.5,False,0
platinum,218,42,0,Black,85.1,218.5,False,0
platinum,218,43,-1,Unknown,756.0,515.0,False,0
platinum,218,44,0,Black,1039.8,168.9,False,0
platinum,218,45,0,Black,733.6,133.6,False,0
platinum,219,1,0,Black,551.2,608.5,False,0
platinum,219,21,0,Black,914.2,500.4,False,0
platinum,219,37,0,Black,1035.9,404.6,False,0
platinum,219,38,0,Black,475.9,323.4,False,0
platinum,219,39,0,Black,793.4,636.0,False,0
platinum,219,40,0,Black,192.8,240.8,False,0
platinum,219,41,0,Black,622.1,272.7,False,0
platinum,219,42,0,Black,80.6,218.5,False,0
platinum,219,43,-1,Unknown,756.0,515.0,False,0
platinum,219,44,0,Black,1036.4,170.0,False,0
platinum,219,45,0,Black,725.5,140.0,False,0
platinum,219,46,0,Black,917.0,529.0,False,0
platinum,220,1,0,Black,553.0,610.2,False,0
platinum,220,21,0,Black,913.9,498.4,False,0
platinum,220,37,0,Black,1035.2,405.3,False,0
platinum,220,38,0,Black,471.9,323.1,False,0
platinum,220,39,0,Black,781.8,634.0,False,0
platinum,220,40,0,Black,184.1,242.1,False,0
platinum,220,41,0,Black,617.4,269.4,False,0
platinum,220,42,0,Black,76.1,218.5,False,0
platinum,220,43,-1,Unknown,756.0,515.0,False,0
platinum,220,44,0,Black,1033.0,171.0,False,0
platinum,220,45,0,Black,722.6,140.9,False,0
platinum,220,46,0,Black,919.5,538.5,False,0
platinum,221,1,0,Black,562.0,605.8,False,0
platinum,221,21,0,Black,913.8,501.4,False,0
platinum,221,37,0,Black,1034.4,406.0,False,0
platinum,221,38,0,Black,468.0,322.9,False,0
platinum,221,39,0,Black,771.5,632.2,False,0
platinum,221,40,0,Black,175.4,243.4,False,0
platinum,221,41,0,Black,607.3,268.5,False,0
platinum,221,42,0,Black,71.6,218.5,False,0
platinum,221,43,-1,Unknown,756.0,515.0,False,0
platinum,221,44,0,Black,1029.6,172.1,False,0
platinum,221,45,0,Black,714.0,142.4,False,0
platinum,221,46,0,Black,917.8,538.1,False,0
platinum,222,1,0,Black,564.4,607.0,False,0
platinum,222,21,0,Black,912.2,496.4,False,0
platinum,222,37,0,Black,1033.7,406.8,False,0
platinum,222,38,0,Black,464.0,322.7,False,0
platinum,222,39,0,Black,768.2,631.5,False,0
platinum,222,40,0,Black,166.6,244.8,False,0
platinum,222,41,0,Black,596.6,266.2,False,0
platinum,222,42,0,Black,67.1,218.5,False,0
platinum,222,43,-1,Unknown,756.0,515.0,False,0
platinum,222,44,0,Black,1026.2,173.2,False,0
platinum,222,45,0,Black,710.4,143.3,False,0
platinum,222,46,0,Black,916.8,539.6,False,0
platinum,223,1,0,Black,566.8,608.2,False,0
platinum,223,21,0,Black,904.8,488.3,False,0
platinum,223,37,0,Black,1033.0,407.5,False,0
platinum,223,38,0,Black,460.1,322.4,False,0
platinum,223,39,0,Black,767.9,631.6,False,0
platinum,223,40,0,Black,157.9,246.1,False,0
platinum,223,41,0,Black,579.0,265.3,False,0
platinum,223,42,0,Black,62.6,218.5,False,0
platinum,223,43,-1,Unknown,756.0,515.0,False,0
platinum,223,44,0,Black,1022.8,174.3,False,0
platinum,223,45,0,Black,706.9,144.3,False,0
platinum,223,46,0,Black,915.9,541.1,False,0
platinum,224,1,0,Black,569.1,609.4,False,0
platinum,224,21,0,Black,904.3,485.7,False,0
platinum,224,37,0,Black,1032.3,408.2,False,0
platinum,224,38,0,Black,456.1,322.2,False,0
platinum,224,39,0,Black,767.6,632.0,False,0
platinum,224,40,0,Black,149.2,247.4,False,0
platinum,224,41,0,Black,533.4,253.2,False,0
platinum,224,43,-1,Unknown,756.0,515.0,False,0
platinum,224,44,0,Black,1019.3,175.4,False,0
platinum,224,45,0,Black,703.3,145.2,False,0
platinum,224,46,0,Black,914.9,542.5,False,0
platinum,225,1,0,Black,571.5,610.6,False,0
platinum,225,21,0,Black,903.5,483.8,False,0
platinum,225,37,0,Black,1031.5,409.0,False,0
platinum,225,38,0,Black,452.2,321.9,False,0
platinum,225,39,0,Black,758.6,630.2,False,0
platinum,225,40,0,Black,140.4,248.7,False,0
platinum,225,41,0,Black,509.2,245.7,False,0
platinum,225,43,-1,Unknown,756.0,515.0,False,0
platinum,225,44,0,Black,1015.9,176.5,False,0
platinum,225,45,0,Black,699.8,146.2,False,0
platinum,225,46,0,Black,914.0,544.0,False,0
platinum,226,1,0,Black,567.6,602.5,False,0
platinum,226,21,0,Black,900.7,482.3,False,0
platinum,226,37,0,Black,1030.8,409.7,False,0
platinum,226,38,0,Black,448.2,321.7,False,0
platinum,226,39,0,Black,757.9,629.9,False,0
platinum,226,40,0,Black,131.7,250.1,False,0
platinum,226,41,0,Black,493.6,241.0,False,0
platinum,226,44,0,Black,1012.5,177.5,False,0
platinum,226,45,0,Black,696.2,147.2,False,0
platinum,226,46,0,Black,913.1,545.5,False,0
platinum,227,1,0,Black,567.5,601.6,False,0
platinum,227,21,0,Black,901.3,484.7,False,0
platinum,227,37,0,Black,1030.1,410.4,False,0
platinum,227,38,0,Black,444.3,321.4,False,0
platinum,227,39,0,Black,761.0,631.1,False,0
platinum,227,40,0,Black,123.0,251.4,False,0
platinum,227,41,0,Black,479.9,238.7,False,0
platinum,227,44,0,Black,1009.1,178.6,False,0
platinum,227,45,0,Black,692.7,148.1,False,0
platinum,227,46,0,Black,912.1,546.9,False,0
platinum,228,1,0,Black,567.8,601.3,False,0
platinum,228,21,0,Black,900.2,486.7,False,0
platinum,228,37,0,Black,1029.4,411.2,False,0
platinum,228,38,0,Black,440.3,321.2,False,0
platinum,228,39,0,Black,761.5,631.6,False,0
platinum,228,40,0,Black,114.2,252.7,False,0
platinum,228,41,0,Black,466.3,236.5,False,0
platinum,228,44,0,Black,1005.7,179.7,False,0
platinum,228,45,0,Black,689.1,149.1,False,0
platinum,228,46,0,Black,911.2,548.4,False,0
platinum,229,1,0,Black,567.5,601.6,False,0
platinum,229,21,0,Black,899.3,488.8,False,0
platinum,229,37,0,Black,1028.6,411.9,False,0
platinum,229,38,0,Black,436.4,321.0,False,0
platinum,229,39,0,Black,761.1,632.1,False,0
platinum,229,40,0,Black,105.5,254.0,False,0
platinum,229,41,0,Black,452.6,234.3,False,0
platinum,229,44,0,Black,1002.2,180.8,False,0
platinum,229,45,0,Black,685.6,150.1,False,0
platinum,229,46,0,Black,910.2,549.9,False,0
platinum,230,1,0,Black,568.9,601.9,False,0
platinum,230,21,0,Black,899.9,490.3,False,0
platinum,230,37,0,Black,1027.9,412.6,False,0
platinum,230,38,0,Black,432.5,320.7,False,0
platinum,230,39,0,Black,765.6,632.3,False,0
platinum,230,40,0,Black,96.8,255.3,False,0
platinum,230,41,0,Black,438.9,232.0,False,0
platinum,230,44,0,Black,998.8,181.9,False,0
platinum,230,45,0,Black,682.0,151.0,False,0
platinum,230,46,0,Black,909.3,551.3,False,0
platinum,231,1,0,Black,570.4,602.2,False,0
platinum,231,21,0,Black,898.7,489.0,False,0
platinum,231,37,0,Black,1027.2,413.4,False,0
platinum,231,38,0,Black,428.5,320.5,False,0
platinum,231,39,0,Black,765.0,632.1,False,0
platinum,231,40,0,Black,88.0,256.7,False,0
platinum,231,41,0,Black,425.2,229.8,False,0
platinum,231,44,0,Black,995.4,183.0,False,0
platinum,231,45,0,Black,678.5,152.0,False,0
platinum,231,46,0,Black,908.3,552.8,False,0
platinum,232,1,0,Black,571.8,602.5,False,0
platinum,232,21,0,Black,897.4,487.7,False,0
platinum,232,37,0,Black,1026.5,414.1,False,0
platinum,232,38,0,Black,322.0,352.7,False,0
platinum,232,39,0,Black,764.4,631.9,False,0
platinum,232,40,0,Black,79.3,258.0,False,0
platinum,232,41,0,Black,445.7,241.4,False,0
platinum,232,44,0,Black,992.0,184.0,False,0
platinum,232,45,0,Black,674.9,152.9,False,0
platinum,232,46,0,Black,907.4,554.3,False,0
platinum,233,1,0,Black,573.2,602.8,False,0
platinum,233,21,0,Black,896.2,486.3,False,0
platinum,233,37,0,Black,1025.7,414.8,False,0
platinum,233,38,0,Black,323.4,358.9,False,0
platinum,233,39,0,Black,780.7,633.6,False,0
platinum,233,40,0,Black,70.6,259.3,False,0
platinum,233,41,0,Black,434.8,239.7,False,0
platinum,233,44,0,Black,988.6,185.1,False,0
platinum,233,45,0,Black,671.4,153.9,False,0
platinum,233,46,0,Black,906.5,555.7,False,0
platinum,234,1,0,Black,574.7,603.1,False,0
platinum,234,21,0,Black,881.9,451.7,False,0
platinum,234,37,0,Black,1025.0,415.6,False,0
platinum,234,38,0,Black,320.1,363.9,False,0
platinum,234,39,0,Black,781.5,633.6,False,0
platinum,234,40,0,Black,61.8,260.6,False,0
platinum,234,41,0,Black,428.5,243.1,False,0
platinum,234,44,0,Black,985.2,186.2,False,0
platinum,234,45,0,Black,667.8,154.9,False,0
platinum,234,46,0,Black,905.5,557.2,False,0
platinum,235,1,0,Black,576.1,603.4,False,0
platinum,235,21,0,Black,879.6,447.7,False,0
platinum,235,37,0,Black,1024.3,416.3,False,0
platinum,235,38,0,Black,313.9,369.0,False,0
platinum,235,39,0,Black,782.3,633.6,False,0
platinum,235,40,0,Black,53.1,262.0,False,0
platinum,235,41,0,Black,424.1,245.3,False,0
platinum,235,44,0,Black,981.7,187.3,False,0
platinum,235,45,0,Black,664.3,155.8,False,0
platinum,235,46,0,Black,904.6,558.7,False,0
platinum,236,1,0,Black,577.6,603.7,False,0
platinum,236,21,0,Black,877.3,443.7,False,0
platinum,236,37,0,Black,1023.6,417.0,False,0
platinum,236,38,0,Black,307.2,374.8,False,0
platinum,236,39,0,Black,783.2,633.5,False,0
platinum,236,40,0,Black,44.4,263.3,False,0
platinum,236,41,0,Black,418.6,244.9,False,0
platinum,236,44,0,Black,978.3,188.4,False,0
platinum,236,45,0,Black,660.7,156.8,False,0
platinum,236,46,0,Black,903.6,560.1,False,0
platinum,237,1,0,Black,574.7,584.1,False,0
platinum,237,21,0,Black,875.0,439.7,False,0
platinum,237,38,0,Black,300.7,378.5,False,0
platinum,237,39,0,Black,784.0,633.5,False,0
platinum,237,40,0,Black,35.6,264.6,False,0
platinum,237,41,0,Black,414.5,244.8,False,0
platinum,237,44,0,Black,974.9,189.5,False,0
platinum,237,45,0,Black,657.2,157.8,False,0
platinum,237,46,0,Black,902.7,561.6,False,0
platinum,238,1,0,Black,576.6,581.0,False,0
platinum,238,21,0,Black,872.7,435.8,False,0
platinum,238,38,0,Black,263.5,386.7,False,0
platinum,238,39,0,Black,784.8,633.5,False,0
platinum,238,40,0,Black,26.9,265.9,False,0
platinum,238,41,0,Black,410.7,243.4,False,0
platinum,238,45,0,Black,653.6,158.7,False,0
platinum,238,46,0,Black,901.8,563.1,False,0
platinum,239,1,0,Black,577.6,579.3,False,0
platinum,239,21,0,Black,870.5,431.8,False,0
platinum,239,38,0,Black,247.4,391.3,False,0
platinum,239,39,0,Black,785.6,633.5,False,0
platinum,239,41,0,Black,407.9,243.0,False,0
platinum,239,45,0,Black,650.1,159.7,False,0
platinum,239,46,0,Black,900.8,564.6,False,0
platinum,240,1,0,Black,580.6,576.4,False,0
platinum,240,21,0,Black,868.2,427.8,False,0
platinum,240,38,0,Black,233.2,393.3,False,0
platinum,240,39,0,Black,786.5,633.4,False,0
platinum,240,41,0,Black,406.1,242.1,False,0
platinum,240,45,0,Black,646.5,160.6,False,0
platinum,240,46,0,Black,899.9,566.0,False,0
platinum,241,1,0,Black,582.6,574.7,False,0
platinum,241,21,0,Black,865.9,423.8,False,0
platinum,241,38,0,Black,221.3,395.9,False,0
platinum,241,39,0,Black,787.3,633.4,False,0
platinum,241,41,0,Black,394.9,242.5,False,0
platinum,241,45,0,Black,643.0,161.6,False,0
platinum,241,46,0,Black,898.9,567.5,False,0
platinum,241,47,-1,Unknown,1186.5,199.5,False,0
platinum,242,1,0,Black,582.4,572.8,False,0
platinum,242,21,0,Black,863.6,419.8,False,0
platinum,242,38,0,Black,211.6,399.4,False,0
platinum,242,39,0,Black,788.1,633.4,False,0
platinum,242,41,0,Black,390.6,243.3,False,0
platinum,242,47,-1,Unknown,1202.5,199.0,False,0
platinum,243,1,0,Black,581.9,570.4,False,0
platinum,243,21,0,Black,861.3,415.8,False,0
platinum,243,38,0,Black,200.3,402.7,False,0
platinum,243,39,0,Black,789.0,633.3,False,0
platinum,243,41,0,Black,371.2,243.6,False,0
platinum,243,47,-1,Unknown,1218.5,198.5,False,0
platinum,243,48,-1,Unknown,895.5,127.0,False,0
platinum,244,1,0,Black,583.0,568.9,False,0
platinum,244,21,0,Black,859.1,411.8,False,0
platinum,244,38,0,Black,189.0,406.0,False,0
platinum,244,39,0,Black,789.8,633.3,False,0
platinum,244,41,0,Black,361.9,242.8,False,0
platinum,244,47,-1,Unknown,1234.5,198.0,False,0
platinum,244,48,-1,Unknown,895.5,127.0,False,0
platinum,245,1,0,Black,584.1,567.3,False,0
platinum,245,21,0,Black,856.8,407.8,False,0
platinum,245,38,0,Black,177.7,409.3,False,0
platinum,245,39,0,Black,790.6,633.3,False,0
platinum,245,41,0,Black,353.4,241.2,False,0
platinum,245,47,-1,Unknown,1250.4,197.5,False,0
platinum,245,48,-1,Unknown,895.5,127.0,False,0
platinum,245,49,-1,Unknown,354.0,337.5,False,0
platinum,246,1,0,Black,585.2,565.8,False,0
platinum,246,21,0,Black,854.5,403.8,False,0
platinum,246,38,0,Black,166.5,412.6,False,0
platinum,246,39,0,Black,791.5,633.3,False,0
platinum,246,41,0,Black,342.6,241.5,False,0
platinum,246,47,-1,Unknown,1266.4,197.0,False,0
platinum,246,48,-1,Unknown,895.5,127.0,False,0
platinum,246,49,-1,Unknown,355.5,337.0,False,0
platinum,247,1,0,Black,594.4,561.0,False,0
platinum,247,21,0,Black,953.5,387.3,False,0
platinum,247,38,0,Black,155.2,415.9,False,0
platinum,247,39,0,Black,792.3,633.2,False,0
platinum,247,41,0,Black,334.6,242.4,False,0
platinum,247,47,-1,Unknown,1282.4,196.5,False,0
platinum,247,48,-1,Unknown,895.5,127.0,False,0
platinum,247,49,-1,Unknown,353.7,336.5,False,0
platinum,248,1,0,Black,597.4,559.4,False,0
platinum,248,21,0,Black,960.4,385.3,False,0
platinum,248,38,0,Black,143.9,419.2,False,0
platinum,248,39,0,Black,793.1,633.2,False,0
platinum,248,41,0,Black,327.9,242.0,False,0
platinum,248,47,-1,Unknown,1298.4,196.0,False,0
platinum,248,48,-1,Unknown,867.0,122.5,False,0
platinum,248,49,-1,Unknown,352.5,336.0,False,0
platinum,249,1,0,Black,601.1,558.5,False,0
platinum,249,21,0,Black,965.0,386.2,False,0
platinum,249,38,0,Black,132.6,422.5,False,0
platinum,249,39,0,Black,793.9,633.2,False,0
platinum,249,41,0,Black,321.4,243.5,False,0
platinum,249,47,-1,Unknown,1314.4,195.5,False,0
platinum,249,48,-1,Unknown,861.3,121.6,False,0
platinum,249,49,-1,Unknown,351.4,335.5,False,0
platinum,250,1,0,Black,603.1,556.8,False,0
platinum,250,21,0,Black,971.2,386.6,False,0
platinum,250,38,0,Black,121.3,425.8,False,0
platinum,250,39,0,Black,794.8,633.1,False,0
platinum,250,41,0,Black,317.6,246.4,False,0
platinum,250,47,-1,Unknown,1330.3,195.0,False,0
platinum,250,48,-1,Unknown,855.6,120.7,False,0
platinum,250,49,-1,Unknown,350.2,335.0,False,0
platinum,251,1,0,Black,605.1,555.1,False,0
platinum,251,21,0,Black,977.0,387.9,False,0
platinum,251,38,0,Black,110.1,429.1,False,0
platinum,251,39,0,Black,837.9,623.1,False,0
platinum,251,41,0,Black,313.8,250.1,False,0
platinum,251,47,-1,Unknown,1346.3,194.5,False,0
platinum,251,48,-1,Unknown,849.9,119.8,False,0
platinum,251,49,-1,Unknown,349.0,334.5,False,0
platinum,252,1,0,Black,611.2,562.2,False,0
platinum,252,21,0,Black,984.3,387.5,False,0
platinum,252,38,0,Black,98.8,432.3,False,0
platinum,252,39,0,Black,845.4,624.6,False,0
platinum,252,41,0,Black,318.8,253.5,False,0
platinum,252,47,-1,Unknown,1362.3,194.0,False,0
platinum,252,48,-1,Unknown,844.2,118.9,False,0
platinum,252,49,-1,Unknown,347.8,334.0,False,0
platinum,252,50,0,Black,1197.5,301.0,False,0
platinum,253,1,0,Black,613.9,564.8,False,0
platinum,253,21,0,Black,992.5,387.5,False,0
platinum,253,38,0,Black,87.5,435.6,False,0
platinum,253,39,0,Black,849.5,625.1,False,0
platinum,253,41,0,Black,312.3,254.2,False,0
platinum,253,47,-1,Unknown,1378.3,193.5,False,0
platinum,253,48,-1,Unknown,838.5,118.0,False,0
platinum,253,49,-1,Unknown,346.6,333.5,False,0
platinum,253,50,0,Black,1200.0,299.5,False,0
platinum,254,1,0,Black,616.2,564.1,False,0
platinum,254,21,0,Black,998.4,386.6,False,0
platinum,254,38,0,Black,76.2,438.9,False,0
platinum,254,39,0,Black,852.8,624.8,False,0
platinum,254,41,0,Black,305.8,254.9,False,0
platinum,254,47,-1,Unknown,1394.3,193.0,False,0
platinum,254,48,-1,Unknown,832.8,117.1,False,0
platinum,254,49,-1,Unknown,345.5,333.0,False,0
platinum,254,50,0,Black,1202.5,298.0,False,0
platinum,255,1,0,Black,623.9,563.1,False,0
platinum,255,21,0,Black,1003.8,385.4,False,0
platinum,255,38,0,Black,64.9,442.2,False,0
platinum,255,39,0,Black,863.0,621.8,False,0
platinum,255,41,0,Black,299.3,255.6,False,0
platinum,255,47,-1,Unknown,1410.2,192.5,False,0
platinum,255,48,-1,Unknown,827.1,116.2,False,0
platinum,255,49,-1,Unknown,344.3,332.5,False,0
platinum,255,50,0,Black,1205.0,296.5,False,0
platinum,256,1,0,Black,626.8,562.4,False,0
platinum,256,21,0,Black,1010.2,383.0,False,0
platinum,256,38,0,Black,53.7,445.5,False,0
platinum,256,39,0,Black,866.9,621.3,False,0
platinum,256,41,0,Black,292.8,256.3,False,0
platinum,256,47,-1,Unknown,1426.2,192.0,False,0
platinum,256,48,-1,Unknown,821.4,115.3,False,0
platinum,256,49,-1,Unknown,343.1,332.0,False,0
platinum,256,50,0,Black,1207.5,295.0,False,0
platinum,257,1,0,Black,629.6,561.7,False,0
platinum,257,21,0,Black,1017.1,381.5,False,0
platinum,257,38,0,Black,42.4,448.8,False,0
platinum,257,39,0,Black,870.8,620.7,False,0
platinum,257,41,0,Black,314.9,260.2,False,0
platinum,257,47,-1,Unknown,1442.2,191.5,False,0
platinum,257,48,-1,Unknown,815.7,114.4,False,0
platinum,257,49,-1,Unknown,341.9,331.5,False,0
platinum,257,50,0,Black,1210.0,293.5,False,0
platinum,258,1,0,Black,632.5,561.0,False,0
platinum,258,21,0,Black,1022.8,379.7,False,0
platinum,258,38,0,Black,31.1,452.1,False,0
platinum,258,39,0,Black,874.8,620.2,False,0
platinum,258,41,0,Black,310.6,261.1,False,0
platinum,258,47,-1,Unknown,1458.2,191.0,False,0
platinum,258,48,-1,Unknown,810.0,113.5,False,0
platinum,258,49,-1,Unknown,340.8,331.0,False,0
platinum,258,50,0,Black,1212.5,292.0,False,0
platinum,258,51,-1,Unknown,942.0,373.5,False,0
platinum,259,1,0,Black,646.9,547.7,False,0
platinum,259,21,0,Black,1028.0,377.5,False,0
platinum,259,38,0,Black,19.8,455.4,False,0
platinum,259,39,0,Black,878.7,619.7,False,0
platinum,259,41,0,Black,315.1,255.0,False,0
platinum,259,47,-1,Unknown,1474.2,190.5,False,0
platinum,259,48,-1,Unknown,804.3,112.6,False,0
platinum,259,49,-1,Unknown,339.6,330.5,False,0
platinum,259,50,0,Black,1215.0,290.5,False,0
platinum,259,51,-1,Unknown,963.5,370.5,False,0
platinum,259,52,0,Black,919.5,361.0,False,0
platinum,260,1,0,Black,650.7,546.0,False,0
platinum,260,21,0,Black,1035.4,375.1,False,0
platinum,260,38,0,Black,8.5,458.7,False,0
platinum,260,39,0,Black,882.6,619.1,False,0
platinum,260,41,0,Black,320.9,252.1,False,0
platinum,260,47,-1,Unknown,1490.2,190.0,False,0
platinum,260,48,-1,Unknown,798.6,111.7,False,0
platinum,260,49,-1,Unknown,338.4,330.0,False,0
platinum,260,50,0,Black,1217.5,289.0,False,0
platinum,260,51,-1,Unknown,985.0,367.5,False,0
platinum,260,52,0,Black,919.5,361.0,False,0
platinum,261,1,0,Black,654.4,544.4,False,0
platinum,261,21,0,Black,1042.9,373.3,False,0
platinum,261,38,0,Black,-2.7,462.0,False,0
platinum,261,39,0,Black,886.5,618.6,False,0
platinum,261,41,0,Black,318.1,252.2,False,0
platinum,261,47,-1,Unknown,1506.1,189.5,False,0
platinum,261,48,-1,Unknown,792.9,110.8,False,0
platinum,261,49,-1,Unknown,391.9,340.0,False,0
platinum,261,50,0,Black,1220.0,287.5,False,0
platinum,261,51,-1,Unknown,1014.4,363.0,False,0
platinum,261,52,0,Black,919.5,361.0,False,0
platinum,261,53,0,Black,476.0,451.0,False,0
platinum,262,1,0,Black,658.2,542.7,False,0
platinum,262,21,0,Black,1051.8,365.5,False,0
platinum,262,38,0,Black,-14.0,465.3,False,0
platinum,262,39,0,Black,890.5,618.1,False,0
platinum,262,41,0,Black,315.4,252.3,False,0
platinum,262,47,-1,Unknown,1522.1,189.0,False,0
platinum,262,48,-1,Unknown,787.2,109.9,False,0
platinum,262,49,-1,Unknown,394.4,340.2,False,0
platinum,262,50,0,Black,1222.5,286.0,False,0
platinum,262,51,-1,Unknown,1039.4,359.4,False,0
platinum,262,52,0,Black,960.5,352.0,False,0
platinum,262,53,0,Black,487.0,443.5,False,0
platinum,263,1,0,Black,662.0,541.0,False,0
platinum,263,21,0,Black,1060.5,361.3,False,0
platinum,263,39,0,Black,894.4,617.6,False,0
platinum,263,41,0,Black,331.3,236.2,False,0
platinum,263,48,-1,Unknown,781.5,109.0,False,0
platinum,263,49,0,Black,397.8,336.9,False,0
platinum,263,50,0,Black,1225.0,284.5,False,0
platinum,263,51,-1,Unknown,1064.5,355.7,False,0
platinum,263,52,0,Black,965.1,351.0,False,0
platinum,263,53,0,Black,489.5,438.4,False,0
platinum,263,54,-1,Unknown,754.5,290.0,False,0
platinum,264,1,0,Black,665.7,539.3,False,0
platinum,264,21,0,Black,1068.5,357.8,False,0
platinum,264,39,0,Black,898.3,617.0,False,0
platinum,264,41,0,Black,326.0,231.3,False,0
platinum,264,48,-1,Unknown,775.8,108.1,False,0
platinum,264,49,0,Black,400.5,334.9,False,0
platinum,264,50,0,Black,1227.5,283.0,False,0
platinum,264,51,-1,Unknown,1089.6,352.0,False,0
platinum,264,52,0,Black,974.6,348.6,False,0
platinum,264,53,0,Black,492.7,434.7,False,0
platinum,264,54,-1,Unknown,754.5,290.0,False,0
platinum,265,1,0,Black,669.5,537.6,False,0
platinum,265,21,0,Black,1076.3,355.3,False,0
platinum,265,39,0,Black,902.2,616.5,False,0
platinum,265,41,0,Black,329.4,226.9,False,0
platinum,265,48,-1,Unknown,770.1,107.2,False,0
platinum,265,49,0,Black,406.0,337.5,False,0
platinum,265,50,0,Black,1230.0,281.5,False,0
platinum,265,51,-1,Unknown,1114.6,348.3,False,0
platinum,265,52,0,Black,984.1,346.4,False,0
platinum,265,53,0,Black,504.3,432.7,False,0
platinum,265,54,-1,Unknown,754.5,290.0,False,0
platinum,266,1,0,Black,673.3,535.9,False,0
platinum,266,21,0,Black,1079.3,355.1,False,0
platinum,266,39,0,Black,906.2,616.0,False,0
platinum,266,41,0,Black,329.4,227.3,False,0
platinum,266,48,-1,Unknown,764.4,106.3,False,0
platinum,266,49,0,Black,408.9,337.5,False,0
platinum,266,50,0,Black,1232.5,280.0,False,0
platinum,266,51,-1,Unknown,1139.7,344.7,False,0
platinum,266,52,0,Black,993.6,344.2,False,0
platinum,266,53,0,Black,510.8,429.1,False,0
platinum,266,54,-1,Unknown,754.5,290.0,False,0
platinum,267,1,0,Black,677.0,534.2,False,0
platinum,267,21,0,Black,1087.5,356.7,False,0
platinum,267,39,0,Black,910.1,615.4,False,0
platinum,267,41,0,Black,328.5,229.8,False,0
platinum,267,48,-1,Unknown,758.7,105.4,False,0
platinum,267,49,0,Black,417.4,332.9,False,0
platinum,267,50,0,Black,1235.0,278.5,False,0
platinum,267,51,-1,Unknown,1164.8,341.0,False,0
platinum,267,52,0,Black,979.7,344.3,False,0
platinum,267,53,0,Black,507.6,427.6,False,0
platinum,267,54,-1,Unknown,754.5,290.0,False,0
platinum,267,55,0,Black,272.0,396.0,False,0
platinum,268,1,0,Black,680.8,532.5,False,0
platinum,268,21,0,Black,1086.8,356.8,False,0
platinum,268,39,0,Black,914.0,614.9,False,0
platinum,268,41,0,Black,327.5,228.6,False,0
platinum,268,48,-1,Unknown,753.0,104.5,False,0
platinum,268,49,0,Black,420.8,332.4,False,0
platinum,268,50,0,Black,1237.5,277.0,False,0
platinum,268,51,-1,Unknown,1189.8,337.3,False,0
platinum,268,52,0,Black,984.3,344.3,False,0
platinum,268,53,0,Black,512.0,424.5,False,0
platinum,268,54,-1,Unknown,754.5,290.0,False,0
platinum,268,55,0,Black,272.0,396.0,False,0
platinum,269,1,0,Black,684.6,530.8,False,0
platinum,269,21,0,Black,1088.2,356.2,False,0
platinum,269,39,0,Black,917.9,614.4,False,0
platinum,269,41,0,Black,323.8,227.8,False,0
platinum,269,49,0,Black,418.2,333.6,False,0
platinum,269,50,0,Black,1240.0,275.5,False,0
platinum,269,51,-1,Unknown,1214.9,333.7,False,0
platinum,269,52,0,Black,988.1,344.6,False,0
platinum,269,53,0,Black,518.1,431.4,False,0
platinum,269,54,-1,Unknown,754.5,290.0,False,0
platinum,269,55,0,Black,272.0,396.0,False,0
platinum,270,1,0,Black,688.3,529.1,False,0
platinum,270,21,0,Black,1113.1,358.0,False,0
platinum,270,39,0,Black,921.9,613.8,False,0
platinum,270,41,0,Black,322.6,226.6,False,0
platinum,270,49,0,Black,421.1,333.3,False,0
platinum,270,50,0,Black,1242.4,274.0,False,0
platinum,270,51,-1,Unknown,1240.0,330.0,False,0
platinum,270,52,0,Black,986.2,345.2,False,0
platinum,270,53,0,Black,522.8,429.8,False,0
platinum,270,54,-1,Unknown,754.5,290.0,False,0
platinum,270,55,0,Black,272.0,396.0,False,0
platinum,271,1,0,Black,692.1,527.4,False,0
platinum,271,21,0,Black,1130.2,360.1,False,0
platinum,271,39,0,Black,925.8,613.3,False,0
platinum,271,41,0,Black,336.2,228.2,False,0
platinum,271,49,0,Black,426.3,328.3,False,0
platinum,271,50,0,Black,1244.9,272.5,False,0
platinum,271,51,-1,Unknown,1265.1,326.3,False,0
platinum,271,52,0,Black,991.7,346.7,False,0
platinum,271,53,0,Black,527.5,428.2,False,0
platinum,271,54,-1,Unknown,754.5,290.0,False,0
platinum,271,55,0,Black,272.0,396.0,False,0
platinum,272,1,0,Black,695.8,525.7,False,0
platinum,272,21,0,Black,1140.0,358.3,False,0
platinum,272,39,0,Black,929.7,612.8,False,0
platinum,272,41,0,Black,322.0,224.4,False,0
platinum,272,49,0,Black,428.8,322.2,False,0
platinum,272,50,0,Black,1247.4,271.0,False,0
platinum,272,51,-1,Unknown,1290.1,322.7,False,0
platinum,272,52,0,Black,991.6,345.4,False,0
platinum,272,53,0,Black,538.9,426.5,False,0
platinum,272,54,-1,Unknown,754.5,290.0,False,0
platinum,272,55,0,Black,272.0,396.0,False,0
platinum,273,1,0,Black,699.6,524.0,False,1
platinum,273,21,0,Black,1147.7,356.3,False,1
platinum,273,39,0,Black,924.1,566.6,True,1
platinum,273,41,0,Black,337.6,221.4,False,1
platinum,273,49,0,Black,432.9,317.4,False,1
platinum,273,50,0,Black,1249.9,269.5,False,1
platinum,273,51,-1,Unknown,1315.2,319.0,False,1
platinum,273,52,0,Black,998.7,346.9,False,1
platinum,273,53,0,Black,543.8,422.6,False,1
platinum,273,54,-1,Unknown,754.5,290.0,False,1
platinum,273,55,0,Black,272.0,396.0,False,1
platinum,274,1,0,Black,703.4,522.3,False,1
platinum,274,21,0,Black,1152.4,355.0,False,1
platinum,274,39,0,Black,926.8,563.6,False,1
platinum,274,41,0,Black,350.7,219.4,False,1
platinum,274,49,0,Black,443.9,314.3,False,1
platinum,274,51,-1,Unknown,1340.3,315.3,False,1
platinum,274,52,0,Black,1004.9,346.1,False,1
platinum,274,53,0,Black,549.1,417.2,False,1
platinum,274,54,-1,Unknown,754.5,290.0,False,1
platinum,274,55,0,Black,272.0,396.0,False,1
platinum,275,1,0,Black,707.1,520.6,False,1
platinum,275,21,0,Black,1153.9,351.9,False,1
platinum,275,39,0,Black,930.1,560.6,False,1
platinum,275,41,0,Black,344.9,217.0,False,1
platinum,275,49,0,Black,444.0,309.6,False,1
platinum,275,51,-1,Unknown,1365.3,311.7,False,1
platinum,275,52,0,Black,1010.7,344.9,False,1
platinum,275,53,0,Black,559.8,408.4,False,1
platinum,275,54,-1,Unknown,754.5,290.0,False,1
platinum,275,55,0,Black,272.0,396.0,False,1
platinum,276,1,0,Black,710.9,518.9,False,1
platinum,276,21,0,Black,1153.5,350.1,False,1
platinum,276,39,0,Black,929.9,558.9,False,1
platinum,276,41,0,Black,325.0,214.8,False,1
platinum,276,49,0,Black,437.4,308.9,False,1
platinum,276,51,-1,Unknown,1390.4,308.0,False,1
platinum,276,52,0,Black,1014.1,344.4,False,1
platinum,276,53,0,Black,565.6,406.1,False,1
platinum,276,54,-1,Unknown,754.5,290.0,False,1
platinum,276,55,0,Black,272.0,396.0,False,1
platinum,277,1,0,Black,714.7,517.2,False,1
platinum,277,21,0,Black,1154.2,349.2,False,1
platinum,277,39,0,Black,932.9,556.3,False,1
platinum,277,41,0,Black,318.1,210.8,False,1
platinum,277,49,0,Black,431.2,307.3,False,1
platinum,277,51,-1,Unknown,1415.5,304.3,False,1
platinum,277,52,0,Black,1015.5,344.0,False,1
platinum,277,53,0,Black,571.5,403.3,False,1
platinum,277,54,-1,Unknown,754.5,290.0,False,1
platinum,277,55,0,Black,332.5,425.0,False,1
platinum,278,1,0,Black,718.4,515.5,False,1
platinum,278,21,0,Black,1155.2,347.2,False,1
platinum,278,39,0,Black,936.0,553.6,False,1
platinum,278,41,0,Black,315.8,207.4,False,1
platinum,278,49,0,Black,434.6,305.8,False,1
platinum,278,51,-1,Unknown,1440.6,300.6,False,1
platinum,278,52,0,Black,1015.2,342.1,False,1
platinum,278,53,0,Black,566.6,399.3,False,1
platinum,278,54,-1,Unknown,754.5,290.0,False,1
platinum,278,55,0,Black,341.7,423.4,False,1
platinum,279,1,0,Black,722.2,513.8,False,1
platinum,279,21,0,Black,1155.4,344.6,False,1
platinum,279,39,0,Black,923.1,548.1,False,1
platinum,279,41,0,Black,310.1,203.5,False,1
platinum,279,49,0,Black,436.5,304.1,False,1
platinum,279,51,-1,Unknown,1465.6,297.0,False,1
platinum,279,52,0,Black,1013.0,338.5,False,1
platinum,279,53,0,Black,563.4,394.4,False,1
platinum,279,54,-1,Unknown,754.5,290.0,False,1
platinum,279,55,0,Black,343.6,421.4,False,1
platinum,279,56,-1,Unknown,309.0,407.5,False,1
platinum,280,21,0,Black,1155.6,342.7,False,1
platinum,280,39,0,Black,919.8,546.7,False,1
platinum,280,41,0,Black,311.3,202.8,False,1
platinum,280,49,0,Black,438.5,302.3,False,1
platinum,280,51,-1,Unknown,1490.7,293.3,False,1
platinum,280,52,0,Black,999.7,335.6,False,1
platinum,280,53,0,Black,567.6,391.3,False,1
platinum,280,54,-1,Unknown,754.5,290.0,False,1
platinum,280,55,0,Black,349.4,423.1,False,1
platinum,280,56,-1,Unknown,309.0,407.5,False,1
platinum,281,21,0,Black,1148.0,342.3,False,1
platinum,281,39,0,Black,908.2,542.7,False,1
platinum,281,41,0,Black,306.3,205.8,False,1
platinum,281,49,0,Black,440.4,300.5,False,1
platinum,281,51,-1,Unknown,1515.8,289.6,False,1
platinum,281,52,0,Black,1006.0,334.8,False,1
platinum,281,53,0,Black,571.7,388.1,False,1
platinum,281,54,-1,Unknown,754.5,290.0,False,1
platinum,281,55,0,Black,355.3,424.7,False,1
platinum,281,56,-1,Unknown,309.0,407.5,False,1
platinum,282,21,0,Black,1151.5,341.6,False,1
platinum,282,39,0,Black,900.6,539.9,False,1
platinum,282,41,0,Black,299.2,207.7,False,1
platinum,282,49,0,Black,442.3,298.7,False,1
platinum,282,52,0,Black,996.8,333.6,False,1
platinum,282,53,0,Black,575.8,384.9,False,1
platinum,282,54,-1,Unknown,754.5,290.0,False,1
platinum,282,55,0,Black,361.1,426.3,False,1
platinum,282,56,-1,Unknown,309.0,407.5,False,1
platinum,282,57,0,Black,748.5,523.5,False,1
platinum,283,21,0,Black,1155.3,341.3,False,1
platinum,283,39,0,Black,904.9,538.3,False,1
platinum,283,41,0,Black,296.7,206.5,False,1
platinum,283,49,0,Black,444.3,297.0,False,1
platinum,283,52,0,Black,987.8,332.1,False,1
platinum,283,53,0,Black,579.9,381.8,False,1
platinum,283,54,-1,Unknown,754.5,290.0,False,1
platinum,283,55,0,Black,366.9,427.9,False,1
platinum,283,56,-1,Unknown,326.5,399.5,False,1
platinum,283,57,0,Black,748.5,523.5,False,1
platinum,283,58,0,Black,592.0,214.0,False,1
platinum,284,21,0,Black,1151.1,341.0,False,1
platinum,284,39,0,Black,907.2,536.2,False,1
platinum,284,41,0,Black,294.2,205.2,False,1
platinum,284,49,0,Black,446.2,295.2,False,1
platinum,284,52,0,Black,982.0,330.7,False,1
platinum,284,53,0,Black,584.1,378.6,False,1
platinum,284,55,0,Black,372.7,429.6,False,1
platinum,284,56,-1,Unknown,330.6,400.6,False,1
platinum,284,57,0,Black,748.5,523.5,False,1
platinum,284,58,0,Black,592.0,214.0,False,1
platinum,285,21,0,Black,1157.3,339.9,False,1
platinum,285,39,0,Black,890.1,534.1,False,1
platinum,285,41,0,Black,291.7,204.0,False,1
platinum,285,49,0,Black,448.1,293.4,False,1
platinum,285,52,0,Black,978.2,328.5,False,1
platinum,285,53,0,Black,588.2,375.5,False,1
platinum,285,55,0,Black,347.5,413.2,False,1
platinum,285,56,0,Black,326.4,400.3,False,1
platinum,285,57,0,Black,748.5,523.5,False,1
platinum,285,58,0,Black,562.0,216.0,False,1
platinum,285,59,0,Black,1169.5,564.5,False,1
platinum,286,21,0,Black,1157.2,336.9,False,1
platinum,286,39,0,Black,871.5,530.2,False,1
platinum,286,41,0,Black,289.2,202.8,False,1
platinum,286,49,0,Black,450.1,291.6,False,1
platinum,286,52,0,Black,975.5,327.1,False,1
platinum,286,53,0,Black,592.3,372.3,False,1
platinum,286,55,0,Black,350.4,413.1,False,1
platinum,286,56,0,Black,314.6,402.4,False,1
platinum,286,57,0,Black,748.5,523.5,False,1
platinum,286,58,0,Black,550.0,214.4,False,1
platinum,286,59,0,Black,1169.0,560.0,False,1
platinum,287,21,0,Black,1155.1,335.5,False,1
platinum,287,39,0,Black,878.6,527.1,False,1
platinum,287,41,0,Black,286.7,201.5,False,1
platinum,287,49,0,Black,452.0,289.9,False,1
platinum,287,52,0,Black,974.2,325.9,False,1
platinum,287,53,0,Black,596.4,369.1,False,1
platinum,287,55,0,Black,353.3,413.1,False,1
platinum,287,56,0,Black,312.8,402.4,False,1
platinum,287,57,0,Black,748.5,523.5,False,1
platinum,287,58,0,Black,536.8,213.9,False,1
platinum,287,59,0,Black,1166.6,556.4,False,1
platinum,288,21,0,Black,1150.3,333.4,False,1
platinum,288,39,0,Black,875.5,525.8,False,1
platinum,288,41,0,Black,284.2,200.3,False,1
platinum,288,49,0,Black,453.9,288.1,False,1
platinum,288,52,0,Black,972.1,325.2,False,1
platinum,288,53,0,Black,600.5,366.0,False,1
platinum,288,55,0,Black,356.3,413.0,False,1
platinum,288,56,0,Black,311.1,402.4,False,1
platinum,288,57,0,Black,748.5,523.5,False,1
platinum,288,58,0,Black,523.6,213.3,False,1
platinum,288,59,0,Black,1164.6,552.7,False,1
platinum,289,21,0,Black,1152.0,334.6,False,1
platinum,289,39,0,Black,870.8,524.7,False,1
platinum,289,41,0,Black,281.7,199.1,False,1
platinum,289,49,0,Black,455.9,286.3,False,1
platinum,289,52,0,Black,969.7,325.6,False,1
platinum,289,53,0,Black,585.7,364.0,False,1
platinum,289,55,0,Black,359.2,413.0,False,1
platinum,289,56,0,Black,309.3,402.4,False,1
platinum,289,57,0,Black,748.5,523.5,False,1
platinum,289,58,0,Black,512.9,215.8,False,1
platinum,289,59,0,Black,1162.6,549.0,False,1
platinum,290,21,0,Black,1156.9,335.1,False,1
platinum,290,39,0,Black,862.2,524.7,False,1
platinum,290,41,0,Black,253.9,208.9,False,1
platinum,290,49,0,Black,457.8,284.5,False,1
platinum,290,52,0,Black,967.5,324.5,False,1
platinum,290,53,0,Black,583.0,363.0,False,1
platinum,290,55,0,Black,362.1,412.9,False,1
platinum,290,56,0,Black,307.6,402.4,False,1
platinum,290,57,0,Black,748.5,523.5,False,1
platinum,290,58,0,Black,500.3,216.0,False,1
platinum,290,59,0,Black,1160.5,545.2,False,1
platinum,290,60,0,Black,119.5,265.5,False,1
platinum,290,61,-1,Unknown,1220.0,140.5,False,1
platinum,291,21,0,Black,1155.7,335.3,False,1
platinum,291,39,0,Black,866.2,524.7,False,1
platinum,291,41,0,Black,244.1,211.2,False,1
platinum,291,49,0,Black,459.8,282.8,False,1
platinum,291,52,0,Black,966.1,323.4,False,1
platinum,291,53,0,Black,579.3,361.7,False,1
platinum,291,55,0,Black,365.1,412.9,False,1
platinum,291,56,0,Black,305.9,402.4,False,1
platinum,291,57,0,Black,748.5,523.5,False,1
platinum,291,58,0,Black,487.7,216.2,False,1
platinum,291,59,0,Black,1158.5,541.5,False,1
platinum,291,60,0,Black,119.5,265.5,False,1
platinum,291,61,-1,Unknown,1216.0,138.5,False,1
platinum,291,62,-1,Unknown,1200.5,148.5,False,1
platinum,292,21,0,Black,1156.2,335.8,False,1
platinum,292,39,0,Black,859.7,523.9,False,1
platinum,292,41,0,Black,234.9,215.9,False,1
platinum,292,49,0,Black,461.7,281.0,False,1
platinum,292,52,0,Black,964.8,322.4,False,1
platinum,292,53,0,Black,581.1,360.9,False,1
platinum,292,55,0,Black,368.0,412.8,False,1
platinum,292,56,0,Black,304.1,402.4,False,1
platinum,292,57,0,Black,748.5,523.5,False,1
platinum,292,58,0,Black,475.0,216.4,False,1
platinum,292,59,0,Black,1156.5,537.8,False,1
platinum,292,60,0,Black,119.5,265.5,False,1
platinum,292,61,-1,Unknown,1212.0,136.5,False,1
platinum,292,62,-1,Unknown,1202.5,149.5,False,1
platinum,293,21,0,Black,1155.3,335.3,False,1
platinum,293,39,0,Black,848.5,522.0,False,1
platinum,293,41,0,Black,229.8,216.1,False,1
platinum,293,49,0,Black,463.6,279.2,False,1
platinum,293,52,0,Black,963.4,321.3,False,1
platinum,293,53,0,Black,578.7,360.1,False,1
platinum,293,55,0,Black,370.9,412.8,False,1
platinum,293,56,0,Black,302.4,402.4,False,1
platinum,293,57,0,Black,748.5,523.5,False,1
platinum,293,58,0,Black,462.4,216.6,False,1
platinum,293,59,0,Black,1154.4,534.0,False,1
platinum,293,60,0,Black,119.5,265.5,False,1
platinum,293,61,-1,Unknown,1208.0,134.5,False,1
platinum,293,62,-1,Unknown,1189.0,162.7,False,1
platinum,293,63,-1,Unknown,106.0,682.5,False,1
platinum,294,21,0,Black,1156.3,331.6,False,1
platinum,294,39,0,Black,834.9,513.8,False,1
platinum,294,41,0,Black,224.8,216.3,False,1
platinum,294,49,0,Black,465.6,277.4,False,1
platinum,294,52,0,Black,962.1,320.2,False,1
platinum,294,53,0,Black,573.9,359.8,False,1
platinum,294,55,0,Black,373.9,412.7,False,1
platinum,294,56,0,Black,300.6,402.4,False,1
platinum,294,57,0,Black,748.5,523.5,False,1
platinum,294,58,0,Black,449.8,216.7,False,1
platinum,294,59,0,Black,1152.4,530.3,False,1
platinum,294,60,0,Black,119.5,265.5,False,1
platinum,294,61,-1,Unknown,1203.5,167.2,False,1
platinum,294,62,0,Black,1188.6,168.4,False,1
platinum,294,63,-1,Unknown,119.5,681.0,False,1
platinum,295,21,0,Black,1154.9,327.9,False,1
platinum,295,39,0,Black,831.4,506.9,False,1
platinum,295,41,0,Black,219.7,216.4,False,1
platinum,295,49,0,Black,467.5,275.7,False,1
platinum,295,52,0,Black,960.7,319.1,False,1
platinum,295,53,0,Black,572.0,359.2,False,1
platinum,295,55,0,Black,376.8,412.7,False,1
platinum,295,56,0,Black,298.9,402.4,False,1
platinum,295,57,0,Black,748.5,523.5,False,1
platinum,295,58,0,Black,437.2,216.9,False,1
platinum,295,59,0,Black,1150.4,526.6,False,1
platinum,295,60,0,Black,119.5,265.5,False,1
platinum,295,61,0,Black,1199.8,171.9,False,1
platinum,295,62,0,Black,1183.3,176.7,False,1
platinum,295,63,0,Black,135.8,679.5,False,1
platinum,296,21,0,Black,1148.5,320.3,False,1
platinum,296,39,0,Black,826.1,502.7,False,1
platinum,296,41,0,Black,214.6,216.6,False,1
platinum,296,49,0,Black,469.4,273.9,False,1
platinum,296,52,0,Black,956.3,315.7,False,1
platinum,296,53,0,Black,576.8,352.8,False,1
platinum,296,55,0,Black,379.7,412.6,False,1
platinum,296,56,0,Black,297.1,402.4,False,1
platinum,296,57,0,Black,748.5,523.5,False,1
platinum,296,58,0,Black,424.6,217.1,False,1
platinum,296,59,0,Black,1148.4,522.8,False,1
platinum,296,60,0,Black,119.5,265.5,False,1
platinum,296,61,0,Black,1199.2,177.0,False,1
platinum,296,62,0,Black,1177.9,185.0,False,1
platinum,296,63,0,Black,142.6,677.2,False,1
platinum,297,21,0,Black,1143.8,316.5,False,1
platinum,297,39,0,Black,823.8,499.5,False,1
platinum,297,41,0,Black,209.6,216.8,False,1
platinum,297,49,0,Black,471.4,272.1,False,1
platinum,297,52,0,Black,955.6,314.1,False,1
platinum,297,53,0,Black,577.8,350.3,False,1
platinum,297,55,0,Black,382.7,412.6,False,1
platinum,297,56,0,Black,336.3,385.8,False,1
platinum,297,57,0,Black,748.5,523.5,False,1
platinum,297,58,0,Black,412.0,217.3,False,1
platinum,297,59,0,Black,1146.3,519.1,False,1
platinum,297,60,0,Black,119.5,265.5,False,1
platinum,297,61,0,Black,1192.1,183.7,False,1
platinum,297,62,0,Black,1172.6,193.2,False,1
platinum,297,63,0,Black,152.8,675.0,False,1
platinum,298,21,0,Black,1141.0,314.2,False,1
platinum,298,39,0,Black,819.6,496.5,False,1
platinum,298,41,0,Black,204.5,217.0,False,1
platinum,298,49,0,Black,473.3,270.4,False,1
platinum,298,52,0,Black,955.7,313.6,False,1
platinum,298,53,0,Black,583.6,340.6,False,1
platinum,298,55,0,Black,385.6,412.5,False,1
platinum,298,56,0,Black,338.6,382.8,False,1
platinum,298,57,0,Black,748.5,523.5,False,1
platinum,298,58,0,Black,399.4,217.5,False,1
platinum,298,59,0,Black,1156.5,517.5,False,1
platinum,298,60,0,Black,119.5,265.5,False,1
platinum,298,61,0,Black,1185.3,187.2,False,1
platinum,298,62,0,Black,1167.2,201.5,False,1
platinum,298,63,0,Black,163.2,672.3,False,1
platinum,299,21,0,Black,1138.0,310.7,False,1
platinum,299,39,0,Black,815.3,493.5,False,1
platinum,299,41,0,Black,199.4,217.2,False,1
platinum,299,52,0,Black,957.4,314.4,False,1
platinum,299,53,0,Black,584.4,337.5,False,1
platinum,299,55,0,Black,388.5,412.5,False,1
platinum,299,56,0,Black,338.6,379.8,False,1
platinum,299,57,0,Black,748.5,523.5,False,1
platinum,299,58,0,Black,386.8,217.7,False,1
platinum,299,59,0,Black,1155.1,516.1,False,1
platinum,299,60,0,Black,119.5,265.5,False,1
platinum,299,61,0,Black,1180.8,193.7,False,1
platinum,299,62,0,Black,1161.9,209.8,False,1
platinum,299,63,0,Black,166.8,670.7,False,1
platinum,300,21,0,Black,1134.5,308.2,False,1
platinum,300,39,0,Black,811.1,490.4,False,1
platinum,300,41,0,Black,263.7,263.5,False,1
platinum,300,52,0,Black,966.5,321.3,False,1
platinum,300,53,0,Black,585.7,334.4,False,1
platinum,300,55,0,Black,391.5,412.4,False,1
platinum,300,56,0,Black,341.6,380.7,False,1
platinum,300,57,0,Black,748.5,523.5,False,1
platinum,300,58,0,Black,374.2,217.8,False,1
platinum,300,59,0,Black,1152.4,513.9,False,1
platinum,300,60,0,Black,147.0,234.5,False,1
platinum,300,61,0,Black,1176.4,200.2,False,1
platinum,300,62,0,Black,1156.5,218.0,False,1
platinum,300,63,0,Black,170.1,668.9,False,1
platinum,301,21,0,Black,1124.1,307.0,False,1
platinum,301,39,0,Black,821.9,487.0,False,1
platinum,301,41,0,Black,282.0,264.5,False,1
platinum,301,52,0,Black,970.7,315.1,False,1
platinum,301,53,0,Black,580.1,336.8,False,1
platinum,301,55,0,Black,394.4,412.4,False,1
platinum,301,56,0,Black,346.9,382.4,False,1
platinum,301,57,0,Black,748.5,523.5,False,1
platinum,301,58,0,Black,361.6,218.0,False,1
platinum,301,59,0,Black,1150.1,508.6,False,1
platinum,301,60,0,Black,149.7,231.4,False,1
platinum,301,61,0,Black,1170.3,193.6,False,1
platinum,301,62,0,Black,1151.2,226.3,False,1
platinum,301,63,0,Black,174.3,668.0,False,1
platinum,302,21,0,Black,1117.9,306.9,False,1
platinum,302,39,0,Black,821.3,485.0,False,1
platinum,302,41,0,Black,293.2,264.9,False,1
platinum,302,52,0,Black,971.6,315.1,False,1
platinum,302,53,0,Black,578.3,336.1,False,1
platinum,302,55,0,Black,397.3,412.3,False,1
platinum,302,56,0,Black,348.7,381.4,False,1
platinum,302,57,0,Black,748.5,523.5,False,1
platinum,302,58,0,Black,348.9,218.2,False,1
platinum,302,59,0,Black,1147.9,505.7,False,1
platinum,302,60,0,Black,152.5,228.3,False,1
platinum,302,61,0,Black,1167.3,192.0,False,1
platinum,302,62,0,Black,1145.8,234.6,False,1
platinum,302,63,0,Black,173.8,667.4,False,1
platinum,303,21,0,Black,1111.4,307.3,False,1
platinum,303,39,0,Black,818.5,482.0,False,1
platinum,303,41,0,Black,293.5,267.0,False,1
platinum,303,52,0,Black,966.1,314.1,False,1
platinum,303,53,0,Black,578.8,333.6,False,1
platinum,303,55,0,Black,400.3,412.3,False,1
platinum,303,56,0,Black,348.2,387.0,False,1
platinum,303,58,0,Black,336.3,218.4,False,1
platinum,303,59,0,Black,1147.5,509.0,False,1
platinum,303,60,0,Black,155.2,225.2,False,1
platinum,303,61,0,Black,1164.9,189.1,False,1
platinum,303,62,0,Black,1140.5,242.8,False,1
platinum,303,63,0,Black,170.9,667.3,False,1
platinum,304,21,0,Black,1102.1,305.5,False,1
platinum,304,39,0,Black,815.7,479.0,False,1
platinum,304,41,0,Black,280.4,267.6,False,1
platinum,304,52,0,Black,965.3,313.4,False,1
platinum,304,53,0,Black,579.4,331.2,False,1
platinum,304,55,0,Black,403.2,412.2,False,1
platinum,304,56,0,Black,346.6,388.2,False,1
platinum,304,58,0,Black,323.7,218.6,False,1
platinum,304,59,0,Black,1146.2,506.3,False,1
platinum,304,60,0,Black,158.0,222.1,False,1
platinum,304,61,0,Black,1165.2,187.9,False,1
platinum,304,62,0,Black,1135.1,251.1,False,1
platinum,304,63,0,Black,171.6,666.6,False,1
platinum,305,21,0,Black,1098.0,300.3,False,1
platinum,305,39,0,Black,812.8,476.1,False,1
platinum,305,41,0,Black,281.6,267.8,False,1
platinum,305,52,0,Black,961.1,312.2,False,1
platinum,305,53,0,Black,579.9,328.7,False,1
platinum,305,55,0,Black,406.1,412.2,False,1
platinum,305,56,0,Black,348.9,387.0,False,1
platinum,305,58,0,Black,311.1,218.8,False,1
platinum,305,59,0,Black,1144.9,503.6,False,1
platinum,305,60,0,Black,160.7,219.0,False,1
platinum,305,61,0,Black,1164.8,189.9,False,1
platinum,305,62,0,Black,1129.7,259.4,False,1
platinum,305,63,0,Black,174.0,664.8,False,1
platinum,306,21,0,Black,1089.7,296.5,False,1
platinum,306,39,0,Black,810.0,473.1,False,1
platinum,306,41,0,Black,279.1,265.8,False,1
platinum,306,52,0,Black,960.4,311.4,False,1
platinum,306,53,0,Black,580.5,326.2,False,1
platinum,306,56,0,Black,352.4,384.6,False,1
platinum,306,58,0,Black,298.5,218.9,False,1
platinum,306,59,0,Black,1143.6,500.8,False,1
platinum,306,60,0,Black,163.5,215.9,False,1
platinum,306,61,0,Black,1164.4,186.7,False,1
platinum,306,62,0,Black,1124.4,267.6,False,1
platinum,306,63,0,Black,175.8,662.5,False,1
platinum,307,21,0,Black,1086.7,295.1,False,1
platinum,307,39,0,Black,813.8,472.7,False,1
platinum,307,41,0,Black,277.2,265.3,False,1
platinum,307,52,0,Black,959.8,310.6,False,1
platinum,307,53,0,Black,581.0,323.8,False,1
platinum,307,56,0,Black,361.5,378.8,False,1
platinum,307,58,0,Black,285.9,219.1,False,1
platinum,307,59,0,Black,1142.3,498.1,False,1
platinum,307,60,0,Black,166.2,212.8,False,1
platinum,307,61,0,Black,1165.1,188.0,False,1
platinum,307,62,0,Black,1119.0,275.9,False,1
platinum,307,63,0,Black,181.2,659.7,False,1
platinum,308,21,0,Black,1080.8,292.3,False,1
platinum,308,39,0,Black,811.5,469.9,False,1
platinum,308,41,0,Black,277.3,267.1,False,1
platinum,308,52,0,Black,959.2,309.8,False,1
platinum,308,53,0,Black,581.6,321.3,False,1
platinum,308,56,0,Black,362.0,375.0,False,1
platinum,308,58,0,Black,273.3,219.3,False,1
platinum,308,59,0,Black,1141.0,495.4,False,1
platinum,308,60,0,Black,169.0,209.7,False,1
platinum,308,61,0,Black,1165.4,178.9,False,1
platinum,308,62,0,Black,1113.7,284.2,False,1
platinum,308,63,0,Black,186.4,657.0,False,1
platinum,309,21,0,Black,1082.5,289.4,False,1
platinum,309,39,0,Black,809.1,467.2,False,1
platinum,309,41,0,Black,277.4,268.9,False,1
platinum,309,52,0,Black,958.5,309.0,False,1
platinum,309,53,0,Black,582.1,318.8,False,1
platinum,309,56,0,Black,364.7,372.3,False,1
platinum,309,58,0,Black,260.7,219.5,False,1
platinum,309,59,0,Black,1139.7,492.7,False,1
platinum,309,60,0,Black,171.7,206.6,False,1
platinum,309,61,0,Black,1165.9,174.7,False,1
platinum,309,62,0,Black,1108.3,292.4,False,1
platinum,309,63,0,Black,192.5,654.1,False,1
platinum,310,21,0,Black,1079.2,287.1,False,1
platinum,310,39,0,Black,806.8,464.4,False,1
platinum,310,41,0,Black,277.5,270.6,False,1
platinum,310,52,0,Black,957.9,308.1,False,1
platinum,310,53,0,Black,582.7,316.4,False,1
platinum,310,56,0,Black,368.6,372.6,False,1
platinum,310,59,0,Black,1138.4,490.0,False,1
platinum,310,60,0,Black,174.5,203.5,False,1
platinum,310,61,0,Black,1165.2,172.1,False,1
platinum,310,62,0,Black,1103.0,300.7,False,1
platinum,310,63,0,Black,196.7,649.5,False,1
platinum,311,21,0,Black,1076.0,284.9,False,1
platinum,311,39,0,Black,804.5,461.6,False,1
platinum,311,41,0,Black,277.6,272.4,False,1
platinum,311,52,0,Black,957.3,307.3,False,1
platinum,311,53,0,Black,583.2,313.9,False,1
platinum,311,56,0,Black,373.6,373.1,False,1
platinum,311,59,0,Black,1137.1,487.2,False,1
platinum,311,60,0,Black,177.2,200.4,False,1
platinum,311,61,0,Black,1165.1,172.1,False,1
platinum,311,62,0,Black,1097.6,308.9,False,1
platinum,311,63,0,Black,201.3,644.8,False,1
platinum,311,64,0,Black,116.5,380.5,False,1
platinum,312,21,0,Black,1072.7,282.6,False,1
platinum,312,39,0,Black,802.2,458.8,False,1
platinum,312,41,0,Black,277.7,274.2,False,1
platinum,312,52,0,Black,956.6,306.5,False,1
platinum,312,53,0,Black,583.8,311.4,False,1
platinum,312,56,0,Black,373.4,372.3,False,1
platinum,312,59,0,Black,1135.8,484.5,False,1
platinum,312,60,0,Black,180.0,197.3,False,1
platinum,312,61,0,Black,1165.7,170.5,False,1
platinum,312,62,0,Black,1092.3,317.2,False,1
platinum,312,63,0,Black,205.3,640.8,False,1
platinum,312,64,0,Black,116.5,380.5,False,1
platinum,313,21,0,Black,1069.4,280.4,False,1
platinum,313,39,0,Black,799.8,456.0,False,1
platinum,313,41,0,Black,277.8,275.9,False,1
platinum,313,52,0,Black,956.0,305.7,False,1
platinum,313,53,0,Black,584.4,309.0,False,1
platinum,313,56,0,Black,372.6,370.1,False,1
platinum,313,59,0,Black,1134.5,481.8,False,1
platinum,313,60,0,Black,182.7,194.2,False,1
platinum,313,61,0,Black,1165.0,168.2,False,1
platinum,313,62,0,Black,1086.9,325.5,False,1
platinum,313,63,0,Black,206.6,639.4,False,1
platinum,313,64,0,Black,122.5,381.0,False,1
platinum,314,21,0,Black,1027.6,282.1,False,1
platinum,314,39,0,Black,797.5,453.2,False,1
platinum,314,41,0,Black,277.9,277.7,False,1
platinum,314,52,0,Black,955.3,304.9,False,1
platinum,314,53,0,Black,584.9,306.5,False,1
platinum,314,56,0,Black,375.5,370.0,False,1
platinum,314,59,0,Black,1133.2,479.1,False,1
platinum,314,60,0,Black,185.5,191.1,False,1
platinum,314,61,0,Black,1168.1,171.6,False,1
platinum,314,62,0,Black,1081.6,333.7,False,1
platinum,314,63,0,Black,207.9,636.7,False,1
platinum,314,64,0,Black,127.7,380.2,False,1
platinum,315,21,0,Black,1021.4,280.1,False,1
platinum,315,39,0,Black,795.2,450.5,False,1
platinum,315,41,0,Black,278.0,279.5,False,1
platinum,315,52,0,Black,954.7,304.0,False,1
platinum,315,53,0,Black,585.5,304.1,False,1
platinum,315,56,0,Black,379.5,369.9,False,1
platinum,315,59,0,Black,1131.9,476.4,False,1
platinum,315,60,0,Black,188.2,188.0,False,1
platinum,315,61,0,Black,1167.0,171.7,False,1
platinum,315,63,0,Black,209.3,634.7,False,1
platinum,315,64,0,Black,132.0,379.8,False,1
platinum,316,21,0,Black,1015.2,278.2,False,1
platinum,316,39,0,Black,792.8,447.7,False,1
platinum,316,41,0,Black,278.1,281.3,False,1
platinum,316,52,0,Black,954.1,303.2,False,1
platinum,316,53,0,Black,586.0,301.6,False,1
platinum,316,56,0,Black,377.0,370.0,False,1
platinum,316,59,0,Black,1130.6,473.6,False,1
platinum,316,60,0,Black,191.0,184.9,False,1
platinum,316,61,0,Black,1165.9,171.9,False,1
platinum,316,63,0,Black,210.3,633.1,False,1
platinum,316,64,0,Black,136.2,379.4,False,1
platinum,317,21,0,Black,1130.8,289.1,False,1
platinum,317,39,0,Black,790.5,444.9,False,1
platinum,317,41,0,Black,278.2,283.0,False,1
platinum,317,52,0,Black,953.4,302.4,False,1
platinum,317,53,0,Black,586.6,299.1,False,1
platinum,317,56,0,Black,377.6,370.3,False,1
platinum,317,59,0,Black,1129.2,470.9,False,1
platinum,317,60,0,Black,193.7,181.8,False,1
platinum,317,61,0,Black,1162.0,188.3,False,1
platinum,317,63,0,Black,211.0,631.9,False,1
platinum,317,64,0,Black,140.5,379.0,False,1
platinum,318,21,0,Black,1138.2,290.4,False,1
platinum,318,39,0,Black,788.2,442.1,False,1
platinum,318,41,0,Black,278.3,284.8,False,1
platinum,318,52,0,Black,952.8,301.6,False,1
platinum,318,53,0,Black,587.1,296.7,False,1
platinum,318,56,0,Black,377.2,368.9,False,1
platinum,318,59,0,Black,1127.9,468.2,False,1
platinum,318,60,0,Black,196.5,178.7,False,1
platinum,318,61,0,Black,1160.7,189.8,False,1
platinum,318,63,0,Black,212.1,629.9,False,1
platinum,318,64,0,Black,133.9,379.0,False,1
platinum,319,21,0,Black,1142.1,289.7,False,1
platinum,319,39,0,Black,785.9,439.3,False,1
platinum,319,41,0,Black,278.4,286.6,False,1
platinum,319,52,0,Black,952.2,300.8,False,1
platinum,319,53,0,Black,587.7,294.2,False,1
platinum,319,56,0,Black,380.2,368.3,False,1
platinum,319,59,0,Black,1126.6,465.5,False,1
platinum,319,60,0,Black,199.2,175.6,False,1
platinum,319,61,0,Black,1159.4,191.3,False,1
platinum,319,63,0,Black,213.4,627.6,False,1
platinum,319,64,0,Black,132.0,378.9,False,1
platinum,320,21,0,Black,1132.9,292.1,False,1
platinum,320,39,0,Black,783.5,436.6,False,1
platinum,320,41,0,Black,278.5,288.3,False,1
platinum,320,52,0,Black,951.5,300.0,False,1
platinum,320,53,0,Black,588.2,291.7,False,1
platinum,320,56,0,Black,377.1,367.5,False,1
platinum,320,59,0,Black,1125.3,462.7,False,1
platinum,320,60,0,Black,202.0,172.5,False,1
platinum,320,61,0,Black,1158.4,186.7,False,1
platinum,320,63,0,Black,215.1,622.5,False,1
platinum,320,64,0,Black,133.5,378.6,False,1
platinum,321,21,0,Black,1129.9,293.2,False,1
platinum,321,39,0,Black,781.2,433.8,False,1
platinum,321,41,0,Black,278.6,290.1,False,1
platinum,321,52,0,Black,938.7,288.7,False,1
platinum,321,53,0,Black,588.8,289.3,False,1
platinum,321,56,0,Black,379.1,367.2,False,1
platinum,321,59,0,Black,1124.0,460.0,False,1
platinum,321,61,0,Black,1156.4,185.9,False,1
platinum,321,63,0,Black,216.3,619.7,False,1
platinum,321,64,0,Black,135.0,378.4,False,1
platinum,322,21,0,Black,1128.1,294.9,False,1
platinum,322,39,0,Black,778.9,431.0,False,1
platinum,322,41,0,Black,278.7,291.9,False,1
platinum,322,52,0,Black,937.4,287.3,False,1
platinum,322,53,0,Black,589.3,286.8,False,1
platinum,322,56,0,Black,385.0,367.1,False,1
platinum,322,59,0,Black,1122.7,457.3,False,1
platinum,322,61,0,Black,1155.0,186.7,False,1
platinum,322,63,0,Black,218.6,616.4,False,1
platinum,322,64,0,Black,136.5,378.1,False,1
platinum,323,21,0,Black,1130.0,294.8,False,1
platinum,323,39,0,Black,776.6,428.2,False,1
platinum,323,41,0,Black,278.8,293.7,False,1
platinum,323,52,0,Black,936.2,286.0,False,1
platinum,323,56,0,Black,386.8,366.4,False,1
platinum,323,59,0,Black,1121.4,454.6,False,1
platinum,323,61,0,Black,1153.7,187.6,False,1
platinum,323,63,0,Black,222.0,615.6,False,1
platinum,323,64,0,Black,138.0,377.8,False,1
platinum,324,21,0,Black,1132.0,294.7,False,1
platinum,324,39,0,Black,774.2,425.4,False,1
platinum,324,41,0,Black,278.9,295.4,False,1
platinum,324,52,0,Black,934.9,284.6,False,1
platinum,324,56,0,Black,388.5,366.3,False,1
platinum,324,61,0,Black,1152.3,188.4,False,1
platinum,324,63,0,Black,227.8,610.4,False,1
platinum,324,64,0,Black,139.4,377.5,False,1
platinum,324,65,0,Black,348.0,215.5,False,1
platinum,325,21,0,Black,1133.9,294.5,False,1
platinum,325,39,0,Black,771.9,422.6,False,1
platinum,325,41,0,Black,279.1,297.2,False,1
platinum,325,52,0,Black,933.7,283.3,False,1
platinum,325,56,0,Black,395.8,363.6,False,1
platinum,325,61,0,Black,1150.9,189.3,False,1
platinum,325,63,0,Black,236.1,604.3,False,1
platinum,325,64,0,Black,140.9,377.2,False,1
platinum,325,65,0,Black,355.0,220.5,False,1
platinum,326,21,0,Black,1135.8,294.4,False,1
platinum,326,39,0,Black,769.6,419.9,False,1
platinum,326,41,0,Black,279.2,299.0,False,1
platinum,326,52,0,Black,932.4,281.9,False,1
platinum,326,56,0,Black,392.8,365.5,False,1
platinum,326,61,0,Black,1149.6,190.1,False,1
platinum,326,63,0,Black,243.1,598.8,False,1
platinum,326,64,0,Black,142.4,377.0,False,1
platinum,326,65,0,Black,366.7,221.3,False,1
platinum,327,21,0,Black,1137.7,294.3,False,1
platinum,327,39,0,Black,767.2,417.1,False,1
platinum,327,41,0,Black,279.3,300.7,False,1
platinum,327,52,0,Black,931.1,280.6,False,1
platinum,327,56,0,Black,396.1,361.7,False,1
platinum,327,61,0,Black,1148.2,190.9,False,1
platinum,327,63,0,Black,246.8,595.6,False,1
platinum,327,64,0,Black,143.9,376.7,False,1
platinum,327,65,0,Black,355.1,221.7,False,1
platinum,328,21,0,Black,1139.6,294.2,False,1
platinum,328,52,0,Black,929.9,279.2,False,1
platinum,328,56,0,Black,412.0,360.6,False,1
platinum,328,61,0,Black,1146.9,191.8,False,1
platinum,328,63,0,Black,250.5,592.4,False,1
platinum,328,64,0,Black,145.3,376.4,False,1
platinum,328,65,0,Black,350.2,222.9,False,1
platinum,329,21,0,Black,1141.5,294.0,False,1
platinum,329,52,0,Black,928.6,277.9,False,1
platinum,329,56,0,Black,415.2,359.7,False,1
platinum,329,61,0,Black,1145.5,192.6,False,1
platinum,329,63,0,Black,254.2,589.2,False,1
platinum,329,64,0,Black,146.8,376.1,False,1
platinum,329,65,0,Black,352.4,222.5,False,1
platinum,330,21,0,Black,1143.5,293.9,False,1
platinum,330,52,0,Black,927.4,276.5,False,1
platinum,330,56,0,Black,418.4,358.8,False,1
platinum,330,61,0,Black,1144.1,193.5,False,1
platinum,330,63,0,Black,257.9,586.0,False,1
platinum,330,64,0,Black,148.3,375.9,False,1
platinum,330,65,0,Black,351.5,223.2,False,1
platinum,331,21,0,Black,1145.4,293.8,False,1
platinum,331,52,0,Black,926.1,275.1,False,1
platinum,331,56,0,Black,421.5,357.9,False,1
platinum,331,61,0,Black,1142.8,194.3,False,1
platinum,331,63,0,Black,261.6,582.8,False,1
platinum,331,64,0,Black,149.8,375.6,False,1
platinum,331,65,0,Black,350.5,223.9,False,1
platinum,332,21,0,Black,1147.3,293.6,False,1
platinum,332,52,0,Black,924.8,273.8,False,1
platinum,332,56,0,Black,424.7,357.0,False,1
platinum,332,61,0,Black,1141.4,195.2,False,1
platinum,332,63,0,Black,265.3,579.6,False,1
platinum,332,64,0,Black,151.3,375.3,False,1
platinum,332,65,0,Black,349.5,224.5,False,1
platinum,333,21,0,Black,1149.2,293.5,False,2
platinum,333,52,0,Black,923.6,272.4,False,2
platinum,333,56,0,Black,427.9,356.1,False,2
platinum,333,61,0,Black,1140.1,196.0,False,2
platinum,333,63,0,Black,270.4,577.0,True,2
platinum,333,64,0,Black,202.3,363.7,False,2
platinum,333,65,0,Black,348.6,225.2,False,2
platinum,334,21,0,Black,1151.1,293.4,False,2
platinum,334,52,0,Black,922.3,271.1,False,2
platinum,334,56,0,Black,431.0,355.2,False,2
platinum,334,61,0,Black,1138.7,196.9,False,2
platinum,334,63,0,Black,276.8,573.6,False,2
platinum,334,64,0,Black,206.7,362.7,False,2
platinum,334,65,0,Black,347.6,225.8,False,2
platinum,335,21,0,Black,1153.0,293.2,False,2
platinum,335,52,0,Black,921.1,269.7,False,2
platinum,335,56,0,Black,434.2,354.3,False,2
platinum,335,61,0,Black,1137.4,197.7,False,2
platinum,335,63,0,Black,280.0,569.5,False,2
platinum,335,64,0,Black,211.1,361.8,False,2
platinum,335,65,0,Black,346.6,226.5,False,2
platinum,336,21,0,Black,1154.9,293.1,False,2
platinum,336,52,0,Black,919.8,268.4,False,2
platinum,336,56,0,Black,437.3,353.4,False,2
platinum,336,61,0,Black,1136.0,198.6,False,2
platinum,336,63,0,Black,284.3,567.1,False,2
platinum,336,64,0,Black,215.5,360.8,False,2
platinum,336,65,0,Black,345.7,227.2,False,2
platinum,337,21,0,Black,1156.9,293.0,False,2
platinum,337,52,0,Black,918.5,267.0,False,2
platinum,337,56,0,Black,440.5,352.5,False,2
platinum,337,61,0,Black,1134.6,199.4,False,2
platinum,337,63,0,Black,287.8,564.3,False,2
platinum,337,64,0,Black,219.9,359.9,False,2
platinum,337,65,0,Black,344.7,227.8,False,2
platinum,338,21,0,Black,1158.8,292.9,False,2
platinum,338,52,0,Black,917.3,265.7,False,2
platinum,338,56,0,Black,443.7,351.7,False,2
platinum,338,61,0,Black,1133.3,200.3,False,2
platinum,338,63,0,Black,291.7,561.1,False,2
platinum,338,64,0,Black,224.3,358.9,False,2
platinum,338,65,0,Black,343.7,228.5,False,2
platinum,339,21,0,Black,1160.7,292.7,False,2
platinum,339,52,0,Black,916.0,264.3,False,2
platinum,339,56,0,Black,446.8,350.8,False,2
platinum,339,61,0,Black,1131.9,201.1,False,2
platinum,339,63,0,Black,290.1,555.3,False,2
platinum,339,64,0,Black,228.7,358.0,False,2
platinum,339,65,0,Black,342.8,229.2,False,2
platinum,340,21,0,Black,1162.6,292.6,False,2
platinum,340,52,0,Black,914.8,263.0,False,2
platinum,340,56,0,Black,450.0,349.9,False,2
platinum,340,61,0,Black,1130.6,202.0,False,2
platinum,340,63,0,Black,293.6,551.9,False,2
platinum,340,64,0,Black,233.1,357.0,False,2
platinum,340,65,0,Black,341.8,229.8,False,2
platinum,341,21,0,Black,1164.5,292.5,False,2
platinum,341,52,0,Black,913.5,261.6,False,2
platinum,341,56,0,Black,453.1,349.0,False,2
platinum,341,61,0,Black,1129.2,202.8,False,2
platinum,341,63,0,Black,297.0,548.5,False,2
platinum,341,64,0,Black,237.5,356.1,False,2
platinum,341,65,0,Black,340.8,230.5,False,2
platinum,342,21,0,Black,1166.4,292.3,False,2
platinum,342,56,0,Black,456.3,348.1,False,2
platinum,342,63,0,Black,300.5,545.1,False,2
platinum,342,64,0,Black,241.9,355.1,False,2
platinum,342,65,0,Black,339.9,231.2,False,2
platinum,343,56,0,Black,459.5,347.2,False,2
platinum,343,63,0,Black,303.9,541.8,False,2
platinum,343,64,0,Black,246.3,354.2,False,2
platinum,343,65,0,Black,338.9,231.8,False,2
platinum,344,56,0,Black,462.6,346.3,False,2
platinum,344,63,0,Black,307.4,538.4,False,2
platinum,344,64,0,Black,250.7,353.2,False,2
platinum,344,65,0,Black,337.9,232.5,False,2
platinum,345,56,0,Black,465.8,345.4,False,2
platinum,345,63,0,Black,310.8,535.0,False,2
platinum,345,64,0,Black,255.1,352.3,False,2
platinum,345,65,0,Black,337.0,233.2,False,2
platinum,346,56,0,Black,468.9,344.5,False,2
platinum,346,63,0,Black,314.3,531.6,False,2
platinum,346,64,0,Black,259.5,351.3,False,2
platinum,346,65,0,Black,336.0,233.8,False,2
platinum,347,56,0,Black,472.1,343.6,False,2
platinum,347,63,0,Black,317.7,528.2,False,2
platinum,347,64,0,Black,263.9,350.4,False,2
platinum,347,65,0,Black,335.0,234.5,False,2
platinum,348,56,0,Black,475.3,342.7,False,2
platinum,348,63,0,Black,321.2,524.8,False,2
platinum,348,64,0,Black,268.4,349.4,False,2
platinum,348,65,0,Black,334.1,235.2,False,2
platinum,349,63,0,Black,324.6,521.4,False,2
platinum,349,64,0,Black,272.8,348.5,False,2
platinum,349,65,0,Black,333.1,235.8,False,2
platinum,350,63,0,Black,328.1,518.0,False,2
platinum,350,64,0,Black,277.2,347.5,False,2
platinum,351,63,0,Black,331.5,514.7,False,2
platinum,351,64,0,Black,281.6,346.6,False,2
platinum,352,63,0,Black,335.0,511.3,False,2
platinum,352,64,0,Black,286.0,345.6,False,2
platinum,353,63,0,Black,338.4,507.9,False,2
platinum,353,64,0,Black,290.4,344.7,False,2
platinum,354,63,0,Black,341.9,504.5,False,2
platinum,355,63,0,Black,345.3,501.1,False,2
platinum,356,63,0,Black,348.8,497.7,False,2
platinum,357,63,0,Black,352.2,494.3,False,2
platinum,358,63,0,Black,355.7,490.9,False,2
platinum,359,63,0,Black,359.1,487.6,False,2
platinum,427,66,-1,Unknown,777.0,181.5,False,2
platinum,428,66,-1,Unknown,777.0,181.5,False,2
platinum,429,66,-1,Unknown,777.0,181.5,False,2
platinum,430,66,-1,Unknown,777.0,181.5,False,2
platinum,431,66,-1,Unknown,792.0,188.5,False,2
platinum,432,66,-1,Unknown,795.7,190.2,False,2
platinum,433,66,-1,Unknown,799.5,192.0,False,2
platinum,433,67,-1,Unknown,834.5,273.0,False,2
platinum,434,66,-1,Unknown,806.8,189.8,False,2
platinum,434,67,-1,Unknown,838.5,274.0,False,2
platinum,435,66,-1,Unknown,811.3,190.6,False,2
platinum,435,67,-1,Unknown,842.5,275.0,False,2
platinum,436,66,-1,Unknown,815.8,191.5,False,2
platinum,436,67,-1,Unknown,846.5,276.0,False,2
platinum,437,66,-1,Unknown,820.3,192.4,False,2
platinum,437,67,-1,Unknown,850.5,277.0,False,2
platinum,438,66,-1,Unknown,824.9,193.2,False,2
platinum,438,67,-1,Unknown,854.5,278.0,False,2
platinum,439,66,-1,Unknown,829.4,194.1,False,2
platinum,439,67,-1,Unknown,858.5,279.0,False,2
platinum,440,66,-1,Unknown,833.9,195.0,False,2
platinum,440,67,-1,Unknown,862.5,280.0,False,2
platinum,441,66,-1,Unknown,838.5,195.8,False,2
platinum,441,67,-1,Unknown,866.5,281.0,False,2
platinum,442,66,-1,Unknown,843.0,196.7,False,2
platinum,442,67,-1,Unknown,870.5,282.0,False,2
platinum,443,66,-1,Unknown,847.5,197.6,False,2
platinum,443,67,-1,Unknown,874.5,283.0,False,2
platinum,444,66,-1,Unknown,852.0,198.5,False,2
platinum,444,67,-1,Unknown,878.5,284.0,False,2
platinum,445,66,-1,Unknown,856.6,199.3,False,2
platinum,445,67,-1,Unknown,882.4,285.0,False,2
platinum,446,66,-1,Unknown,861.1,200.2,False,2
platinum,446,67,-1,Unknown,886.4,286.0,False,2
platinum,447,66,-1,Unknown,865.6,201.1,False,2
platinum,447,67,-1,Unknown,890.4,287.0,False,2
platinum,448,66,-1,Unknown,870.2,201.9,False,2
platinum,448,67,-1,Unknown,894.4,288.0,False,2
platinum,449,66,-1,Unknown,874.7,202.8,False,2
platinum,449,67,-1,Unknown,898.4,289.0,False,2
platinum,450,66,-1,Unknown,879.2,203.7,False,2
platinum,450,67,-1,Unknown,902.4,290.0,False,2
platinum,451,66,-1,Unknown,883.7,204.5,False,2
platinum,451,67,-1,Unknown,906.4,291.0,False,2
platinum,452,66,-1,Unknown,888.3,205.4,False,2
platinum,452,67,-1,Unknown,910.4,292.0,False,2
platinum,453,66,-1,Unknown,892.8,206.3,False,2
platinum,453,67,-1,Unknown,914.4,293.0,False,2
platinum,454,66,-1,Unknown,897.3,207.1,False,2
platinum,454,67,-1,Unknown,918.4,294.0,False,2
platinum,487,68,0,Black,145.0,321.0,False,2
platinum,488,68,0,Black,145.0,321.0,False,2
platinum,488,69,0,Black,972.0,291.0,False,2
platinum,489,68,0,Black,145.0,321.0,False,2
platinum,489,69,0,Black,971.0,294.0,False,2
platinum,490,68,0,Black,145.0,321.0,False,2
platinum,490,69,0,Black,970.0,297.0,False,2
platinum,490,70,0,Black,503.0,289.0,False,2
platinum,491,68,0,Black,240.5,303.5,False,2
platinum,491,69,0,Black,968.0,295.1,False,2
platinum,491,70,0,Black,503.0,289.0,False,2
platinum,492,68,0,Black,264.4,299.1,False,2
platinum,492,69,0,Black,968.5,294.4,False,2
platinum,492,70,0,Black,503.0,289.0,False,2
platinum,493,68,0,Black,288.2,294.8,False,2
platinum,493,69,0,Black,970.1,293.1,False,2
platinum,493,70,0,Black,503.0,289.0,False,2
platinum,494,68,0,Black,312.1,290.4,False,2
platinum,494,69,0,Black,970.0,292.9,False,2
platinum,494,70,0,Black,503.0,289.0,False,2
platinum,495,68,0,Black,336.0,286.0,False,2
platinum,495,69,0,Black,963.3,301.3,False,2
platinum,495,70,0,Black,503.0,289.0,False,2
platinum,496,68,0,Black,359.9,281.6,False,2
platinum,496,69,0,Black,962.0,302.7,False,2
platinum,496,70,0,Black,503.0,289.0,False,2
platinum,497,68,0,Black,383.7,277.3,False,2
platinum,497,69,0,Black,960.6,304.1,False,2
platinum,497,70,0,Black,503.0,289.0,False,2
platinum,498,68,0,Black,407.6,272.9,False,2
platinum,498,69,0,Black,959.3,305.5,False,2
platinum,498,70,0,Black,503.0,289.0,False,2
platinum,499,68,0,Black,431.5,268.5,False,2
platinum,499,69,0,Black,958.0,306.9,False,2
platinum,499,70,0,Black,503.0,289.0,False,2
platinum,499,71,-1,Unknown,707.0,295.0,False,2
platinum,500,68,0,Black,455.4,264.1,False,2
platinum,500,69,0,Black,956.6,308.4,False,2
platinum,500,70,0,Black,503.0,289.0,False,2
platinum,500,71,-1,Unknown,707.0,295.0,False,2
platinum,501,68,0,Black,479.2,259.8,False,2
platinum,501,69,0,Black,955.3,309.8,False,2
platinum,501,70,0,Black,503.0,289.0,False,2
platinum,501,71,-1,Unknown,707.0,295.0,False,2
platinum,502,68,0,Black,503.1,255.4,False,2
platinum,502,69,0,Black,954.0,311.2,False,2
platinum,502,70,0,Black,503.0,289.0,False,2
platinum,502,71,-1,Unknown,707.0,295.0,False,2
platinum,503,68,0,Black,527.0,251.0,False,2
platinum,503,69,0,Black,952.6,312.6,False,2
platinum,503,70,0,Black,503.0,289.0,False,2
platinum,503,71,-1,Unknown,707.0,295.0,False,2
platinum,504,68,0,Black,550.8,246.6,False,2
platinum,504,69,0,Black,951.3,314.0,False,2
platinum,504,70,0,Black,503.0,289.0,False,2
platinum,504,71,-1,Unknown,707.0,295.0,False,2
platinum,505,68,0,Black,574.7,242.3,False,2
platinum,505,69,0,Black,950.0,315.4,False,2
platinum,505,70,0,Black,503.0,289.0,False,2
platinum,505,71,-1,Unknown,707.0,295.0,False,2
platinum,506,68,0,Black,598.6,237.9,False,2
platinum,506,69,0,Black,948.6,316.8,False,2
platinum,506,70,0,Black,503.0,289.0,False,2
platinum,506,71,-1,Unknown,707.0,295.0,False,2
platinum,507,68,0,Black,622.5,233.5,False,2
platinum,507,69,0,Black,947.3,318.3,False,2
platinum,507,70,0,Black,503.0,289.0,False,2
platinum,507,71,-1,Unknown,707.0,295.0,False,2
platinum,508,68,0,Black,646.3,229.1,False,2
platinum,508,69,0,Black,945.9,319.7,False,2
platinum,508,70,0,Black,503.0,289.0,False,2
platinum,508,71,-1,Unknown,707.0,295.0,False,2
platinum,509,68,0,Black,670.2,224.8,False,2
platinum,509,69,0,Black,944.6,321.1,False,2
platinum,509,70,0,Black,503.0,289.0,False,2
platinum,509,71,-1,Unknown,707.0,295.0,False,2
platinum,510,68,0,Black,694.1,220.4,False,2
platinum,510,69,0,Black,943.3,322.5,False,2
platinum,510,70,0,Black,503.0,289.0,False,2
platinum,510,71,-1,Unknown,707.0,295.0,False,2
platinum,511,68,0,Black,718.0,216.0,False,2
platinum,511,69,0,Black,941.9,323.9,False,2
platinum,511,71,-1,Unknown,707.0,295.0,False,2
platinum,512,69,0,Black,940.6,325.3,False,2
platinum,512,71,-1,Unknown,707.0,295.0,False,2
platinum,512,72,0,Black,1054.5,287.0,False,2
platinum,513,69,0,Black,939.3,326.7,False,2
platinum,513,71,-1,Unknown,707.0,295.0,False,2
platinum,513,72,0,Black,1054.5,287.0,False,2
platinum,514,69,0,Black,937.9,328.2,False,2
platinum,514,71,-1,Unknown,707.0,295.0,False,2
platinum,514,72,0,Black,1054.5,287.0,False,2
platinum,514,73,-1,Unknown,859.0,227.0,False,2
platinum,515,69,0,Black,936.6,329.6,False,2
platinum,515,71,-1,Unknown,707.0,295.0,False,2
platinum,515,72,0,Black,1054.5,287.0,False,2
platinum,515,73,-1,Unknown,859.0,227.0,False,2
platinum,516,71,-1,Unknown,707.0,295.0,False,2
platinum,516,72,0,Black,1054.5,287.0,False,2
platinum,516,73,-1,Unknown,859.0,227.0,False,2
platinum,517,71,-1,Unknown,707.0,295.0,False,2
platinum,517,72,0,Black,1054.5,287.0,False,2
platinum,517,73,-1,Unknown,859.0,227.0,False,2
platinum,517,74,0,Black,279.0,369.5,False,2
platinum,518,71,-1,Unknown,707.0,295.0,False,2
platinum,518,72,0,Black,1054.5,287.0,False,2
platinum,518,73,-1,Unknown,860.5,223.5,False,2
platinum,518,74,0,Black,296.5,370.0,False,2
platinum,519,71,-1,Unknown,707.0,295.0,False,2
platinum,519,72,0,Black,1054.5,287.0,False,2
platinum,519,73,-1,Unknown,866.4,222.1,False,2
platinum,519,74,0,Black,290.0,374.3,False,2
platinum,520,72,0,Black,1054.5,287.0,False,2
platinum,520,73,0,Black,873.8,220.3,False,2
platinum,520,74,0,Black,289.7,378.4,False,2
platinum,521,72,0,Black,1054.5,287.0,False,2
platinum,521,73,0,Black,877.6,219.0,False,2
platinum,521,74,0,Black,288.6,382.2,False,2
platinum,522,72,0,Black,1054.5,287.0,False,2
platinum,522,73,0,Black,881.5,217.7,False,2
platinum,522,74,0,Black,287.4,386.1,False,2
platinum,523,72,0,Black,1054.5,287.0,False,2
platinum,523,73,0,Black,885.4,216.4,False,2
platinum,523,74,0,Black,286.3,390.0,False,2
platinum,523,75,0,Black,699.0,217.5,False,2
platinum,524,72,0,Black,1054.5,287.0,False,2
platinum,524,73,0,Black,832.6,248.6,False,2
platinum,524,74,0,Black,285.2,393.8,False,2
platinum,524,75,0,Black,694.0,221.5,False,2
platinum,525,72,0,Black,1054.5,287.0,False,2
platinum,525,73,0,Black,825.9,250.0,False,2
platinum,525,74,0,Black,284.0,397.7,False,2
platinum,525,75,0,Black,695.1,226.4,False,2
platinum,526,72,0,Black,1054.5,287.0,False,2
platinum,526,73,0,Black,852.4,236.2,False,2
platinum,526,74,0,Black,282.9,401.5,False,2
platinum,526,75,0,Black,697.6,227.2,False,2
platinum,527,72,0,Black,1054.5,287.0,False,2
platinum,527,73,0,Black,851.6,237.4,False,2
platinum,527,74,0,Black,281.7,405.4,False,2
platinum,527,75,0,Black,693.1,230.4,False,2
platinum,528,72,0,Black,1054.5,287.0,False,2
platinum,528,73,0,Black,850.8,238.5,False,2
platinum,528,74,0,Black,280.6,409.2,False,2
platinum,528,75,0,Black,682.5,230.5,False,2
platinum,528,76,-1,Unknown,697.5,215.5,False,2
platinum,529,72,0,Black,1054.5,287.0,False,2
platinum,529,73,0,Black,850.1,239.7,False,2
platinum,529,74,0,Black,279.5,413.1,False,2
platinum,529,75,0,Black,676.8,227.2,False,2
platinum,529,76,-1,Unknown,697.5,215.5,False,2
platinum,530,72,0,Black,1054.5,287.0,False,2
platinum,530,73,0,Black,849.3,240.8,False,2
platinum,530,74,0,Black,278.3,416.9,False,2
platinum,530,75,0,Black,672.3,222.4,False,2
platinum,530,76,-1,Unknown,686.5,214.0,False,2
platinum,531,72,0,Black,1054.5,287.0,False,2
platinum,531,73,0,Black,848.5,241.9,False,2
platinum,531,74,0,Black,277.2,420.8,False,2
platinum,531,75,0,Black,669.4,224.5,False,2
platinum,531,76,-1,Unknown,681.0,213.3,False,2
platinum,532,72,0,Black,1054.5,287.0,False,2
platinum,532,73,0,Black,847.7,243.1,False,2
platinum,532,74,0,Black,276.1,424.6,False,2
platinum,532,75,0,Black,665.5,224.7,False,2
platinum,532,76,-1,Unknown,675.5,212.5,False,2
platinum,533,73,0,Black,847.0,244.2,False,2
platinum,533,74,0,Black,274.9,428.5,False,2
platinum,533,75,0,Black,661.6,224.9,False,2
platinum,533,76,-1,Unknown,670.0,211.8,False,2
platinum,534,73,0,Black,846.2,245.4,False,2
platinum,534,74,0,Black,273.8,432.3,False,2
platinum,534,75,0,Black,657.8,225.1,False,2
platinum,534,76,-1,Unknown,664.5,211.0,False,2
platinum,535,73,0,Black,845.4,246.5,False,2
platinum,535,74,0,Black,272.7,436.2,False,2
platinum,535,75,0,Black,653.9,225.4,False,2
platinum,535,76,-1,Unknown,659.0,210.3,False,2
platinum,536,73,0,Black,844.0,230.1,False,2
platinum,536,74,0,Black,271.5,440.0,False,2
platinum,536,75,0,Black,650.0,225.6,False,2
platinum,536,76,-1,Unknown,653.5,209.5,False,2
platinum,537,73,0,Black,843.2,230.0,False,2
platinum,537,74,0,Black,270.4,443.9,False,2
platinum,537,75,0,Black,646.1,225.8,False,2
platinum,537,76,-1,Unknown,648.0,208.8,False,2
platinum,538,73,0,Black,842.4,229.9,False,2
platinum,538,74,0,Black,269.3,447.7,False,2
platinum,538,75,0,Black,642.2,226.0,False,2
platinum,538,76,-1,Unknown,642.5,208.0,False,2
platinum,539,73,0,Black,841.6,229.9,False,2
platinum,539,74,0,Black,268.1,451.6,False,2
platinum,539,75,0,Black,638.3,226.2,False,2
platinum,539,76,-1,Unknown,637.0,207.3,False,2
platinum,540,73,0,Black,840.8,229.8,False,2
platinum,540,74,0,Black,267.0,455.4,False,2
platinum,540,75,0,Black,634.4,226.4,False,2
platinum,540,76,-1,Unknown,631.5,206.5,False,2
platinum,541,73,0,Black,839.9,229.8,False,2
platinum,541,75,0,Black,630.5,226.7,False,2
platinum,541,76,-1,Unknown,626.0,205.8,False,2
platinum,542,73,0,Black,839.1,229.7,False,2
platinum,542,75,0,Black,626.7,226.9,False,2
platinum,542,76,-1,Unknown,620.5,205.0,False,2
platinum,543,73,0,Black,838.3,229.7,False,2
platinum,543,75,0,Black,622.8,227.1,False,2
platinum,543,76,-1,Unknown,615.0,204.3,False,2
platinum,544,73,0,Black,837.5,229.6,False,2
platinum,544,75,0,Black,618.9,227.3,False,2
platinum,544,76,-1,Unknown,609.5,203.5,False,2
platinum,545,73,0,Black,836.7,229.5,False,2
platinum,545,75,0,Black,615.0,227.5,False,2
platinum,545,76,-1,Unknown,604.0,202.8,False,2
platinum,546,73,0,Black,835.8,229.5,False,2
platinum,546,75,0,Black,611.1,227.7,False,2
platinum,546,76,-1,Unknown,598.5,202.0,False,2
platinum,547,73,0,Black,835.0,229.4,False,2
platinum,547,75,0,Black,607.2,228.0,False,2
platinum,547,76,-1,Unknown,593.0,201.3,False,2
platinum,548,73,0,Black,834.2,229.4,False,2
platinum,548,75,0,Black,603.3,228.2,False,2
platinum,548,76,-1,Unknown,587.5,200.5,False,2
platinum,548,77,-1,Unknown,230.0,386.5,False,2
platinum,549,73,0,Black,833.4,229.3,False,2
platinum,549,75,0,Black,599.4,228.4,False,2
platinum,549,76,-1,Unknown,582.0,199.8,False,2
platinum,549,77,-1,Unknown,230.0,386.5,False,2
platinum,550,73,0,Black,832.6,229.2,False,2
platinum,550,75,0,Black,595.5,228.6,False,2
platinum,550,76,-1,Unknown,576.5,199.0,False,2
platinum,550,77,-1,Unknown,230.0,386.5,False,2
platinum,551,73,0,Black,831.8,229.2,False,2
platinum,551,75,0,Black,591.7,228.8,False,2
platinum,551,77,-1,Unknown,230.0,386.5,False,2
platinum,552,73,0,Black,830.9,229.1,False,2
platinum,552,77,-1,Unknown,230.0,386.5,False,2
platinum,553,73,0,Black,830.1,229.1,False,2
platinum,553,77,-1,Unknown,230.0,386.5,False,2
platinum,554,73,0,Black,829.3,229.0,False,2
platinum,554,77,-1,Unknown,230.0,386.5,False,2
platinum,555,73,0,Black,828.5,228.9,False,2
platinum,555,77,-1,Unknown,230.0,386.5,False,2
platinum,556,73,0,Black,827.7,228.9,False,2
platinum,556,77,-1,Unknown,230.0,386.5,False,2
platinum,557,77,-1,Unknown,160.0,391.0,False,2
platinum,557,78,0,Black,535.0,220.5,False,2
platinum,558,77,-1,Unknown,152.2,391.5,False,2
platinum,558,78,0,Black,535.0,220.5,False,2
platinum,559,77,-1,Unknown,144.4,392.0,False,2
platinum,559,78,0,Black,535.0,220.5,False,2
platinum,560,77,-1,Unknown,147.1,387.7,False,2
platinum,560,78,0,Black,535.0,220.5,False,2
platinum,561,77,-1,Unknown,140.7,387.5,False,2
platinum,561,78,0,Black,535.0,220.5,False,2
platinum,562,77,-1,Unknown,134.3,387.4,False,2
platinum,562,78,0,Black,504.0,210.0,False,2
platinum,563,77,0,Black,129.3,390.5,False,2
platinum,563,78,0,Black,488.5,213.6,False,2
platinum,564,77,0,Black,124.7,390.9,False,2
platinum,564,78,0,Black,474.8,219.6,False,2
platinum,565,77,0,Black,119.6,390.4,False,2
platinum,565,78,0,Black,474.9,217.7,False,2
platinum,566,77,0,Black,113.6,390.5,False,2
platinum,566,78,0,Black,463.9,219.1,False,2
platinum,567,77,0,Black,107.7,390.7,False,2
platinum,567,78,0,Black,457.5,221.7,False,2
platinum,567,79,0,Black,1178.0,641.5,False,2
platinum,568,77,0,Black,101.8,390.9,False,2
platinum,568,78,0,Black,450.2,223.2,False,2
platinum,568,79,0,Black,1176.5,643.0,False,2
platinum,569,77,0,Black,95.9,391.0,False,2
platinum,569,78,0,Black,446.8,220.4,False,2
platinum,569,79,0,Black,1175.5,643.1,False,2
platinum,569,80,0,Black,867.0,320.0,False,2
platinum,570,77,0,Black,89.9,391.2,False,2
platinum,570,78,0,Black,441.8,220.6,False,2
platinum,570,79,0,Black,1174.4,643.4,False,2
platinum,570,80,0,Black,868.5,319.0,False,2
platinum,571,77,0,Black,84.0,391.3,False,2
platinum,571,78,0,Black,434.8,221.2,False,2
platinum,571,79,0,Black,1173.2,643.8,False,2
platinum,571,80,0,Black,866.2,320.8,False,2
platinum,572,77,0,Black,78.1,391.5,False,2
platinum,572,78,0,Black,427.7,221.7,False,2
platinum,572,79,0,Black,1172.1,644.1,False,2
platinum,572,80,0,Black,871.3,317.8,False,2
platinum,573,77,0,Black,72.1,391.6,False,2
platinum,573,78,0,Black,434.5,230.1,False,2
platinum,573,79,0,Black,1173.4,653.3,False,2
platinum,573,80,0,Black,873.1,316.9,False,2
platinum,574,77,0,Black,66.2,391.8,False,2
platinum,574,78,0,Black,426.9,232.5,False,2
platinum,574,79,0,Black,1172.8,655.5,False,2
platinum,574,80,0,Black,876.3,324.4,False,2
platinum,575,77,0,Black,60.3,392.0,False,2
platinum,575,78,0,Black,421.1,233.9,False,2
platinum,575,79,0,Black,1172.2,657.6,False,2
platinum,575,80,0,Black,878.5,325.8,False,2
platinum,576,77,0,Black,54.3,392.1,False,2
platinum,576,78,0,Black,415.3,235.4,False,2
platinum,576,79,0,Black,1171.6,659.8,False,2
platinum,576,80,0,Black,877.6,325.8,False,2
platinum,577,77,0,Black,48.4,392.3,False,2
platinum,577,78,0,Black,409.4,236.8,False,2
platinum,577,79,0,Black,1171.0,661.9,False,2
platinum,577,80,0,Black,879.8,325.2,False,2
platinum,578,77,0,Black,42.5,392.4,False,2
platinum,578,78,0,Black,403.6,238.2,False,2
platinum,578,79,0,Black,1170.4,664.1,False,2
platinum,578,80,0,Black,884.9,324.3,False,2
platinum,579,77,0,Black,36.6,392.6,False,2
platinum,579,78,0,Black,397.8,239.6,False,2
platinum,579,79,0,Black,1169.8,666.3,False,2
platinum,579,80,0,Black,887.0,322.3,False,2
platinum,580,77,0,Black,30.6,392.7,False,2
platinum,580,78,0,Black,392.0,241.1,False,2
platinum,580,79,0,Black,1169.1,668.4,False,2
platinum,580,80,0,Black,885.1,330.5,False,2
platinum,581,77,0,Black,24.7,392.9,False,2
platinum,581,78,0,Black,386.1,242.5,False,2
platinum,581,79,0,Black,1168.5,670.6,False,2
platinum,581,80,0,Black,872.6,336.2,False,2
platinum,582,77,0,Black,18.8,393.1,False,2
platinum,582,78,0,Black,380.3,243.9,False,2
platinum,582,79,0,Black,1167.9,672.7,False,2
platinum,582,80,0,Black,872.6,338.0,False,2
platinum,583,77,0,Black,12.8,393.2,False,2
platinum,583,78,0,Black,374.5,245.4,False,2
platinum,583,79,0,Black,1167.3,674.9,False,2
platinum,583,80,0,Black,872.7,339.8,False,2
platinum,584,77,0,Black,88.1,393.5,False,2
platinum,584,78,0,Black,368.6,246.8,False,2
platinum,584,79,0,Black,1166.7,677.1,False,2
platinum,584,80,0,Black,868.7,342.8,False,2
platinum,585,77,0,Black,87.4,393.9,False,2
platinum,585,78,0,Black,362.8,248.2,False,2
platinum,585,79,0,Black,1166.1,679.2,False,2
platinum,585,80,0,Black,868.4,344.7,False,2
platinum,586,77,0,Black,88.4,396.0,False,2
platinum,586,78,0,Black,357.0,249.7,False,2
platinum,586,79,0,Black,1165.4,681.4,False,2
platinum,586,80,0,Black,868.0,346.5,False,2
platinum,587,77,0,Black,86.7,396.4,False,2
platinum,587,78,0,Black,351.2,251.1,False,2
platinum,587,79,0,Black,1164.8,683.6,False,2
platinum,587,80,0,Black,867.6,348.4,False,2
platinum,588,77,0,Black,85.0,396.7,False,2
platinum,588,78,0,Black,345.3,252.5,False,2
platinum,588,79,0,Black,1164.2,685.7,False,2
platinum,588,80,0,Black,867.3,350.3,False,2
platinum,589,77,0,Black,83.3,397.1,False,2
platinum,589,78,0,Black,339.5,253.9,False,2
platinum,589,79,0,Black,1163.6,687.9,False,2
platinum,589,80,0,Black,866.9,352.2,False,2
platinum,590,77,0,Black,81.5,397.4,False,2
platinum,590,78,0,Black,333.7,255.4,False,2
platinum,590,79,0,Black,1163.0,690.0,False,2
platinum,590,80,0,Black,866.5,354.1,False,2
platinum,591,77,0,Black,79.8,397.8,False,2
platinum,591,78,0,Black,327.8,256.8,False,2
platinum,591,79,0,Black,1162.4,692.2,False,2
platinum,591,80,0,Black,866.1,355.9,False,2
platinum,592,77,0,Black,78.1,398.1,False,2
platinum,592,78,0,Black,322.0,258.2,False,2
platinum,592,79,0,Black,1161.8,694.4,False,2
platinum,592,80,0,Black,933.1,335.1,False,2
platinum,593,77,0,Black,76.4,398.5,False,2
platinum,593,78,0,Black,316.2,259.7,False,2
platinum,593,79,0,Black,1161.1,696.5,False,2
platinum,593,80,0,Black,937.4,335.4,False,2
platinum,594,77,0,Black,74.7,398.9,False,2
platinum,594,78,0,Black,310.4,261.1,False,2
platinum,594,80,0,Black,941.8,335.7,False,2
platinum,595,77,0,Black,73.0,399.2,False,2
platinum,595,80,0,Black,946.2,336.0,False,2
platinum,596,77,0,Black,71.2,399.6,False,2
platinum,596,80,0,Black,950.5,336.3,False,2
platinum,597,77,0,Black,69.5,399.9,False,2
platinum,597,80,0,Black,954.9,336.6,False,2
platinum,598,77,0,Black,67.8,400.3,False,2
platinum,598,80,0,Black,959.2,336.9,False,2
platinum,599,77,0,Black,66.1,400.6,False,2
platinum,599,80,0,Black,963.6,337.2,False,2
platinum,600,77,0,Black,64.4,401.0,False,2
platinum,600,80,0,Black,938.1,345.6,False,2
platinum,601,77,0,Black,62.6,401.4,False,2
platinum,601,80,0,Black,892.8,366.0,False,2
platinum,602,77,0,Black,60.9,401.7,False,2
platinum,602,80,0,Black,879.3,368.8,False,2
platinum,603,77,0,Black,59.2,402.1,False,2
platinum,603,80,0,Black,874.9,373.4,False,2
platinum,604,77,0,Black,57.5,402.4,False,2
platinum,604,80,0,Black,873.0,377.0,False,2
platinum,604,81,-1,Unknown,783.5,316.0,False,2
platinum,605,77,0,Black,55.8,402.8,False,2
platinum,605,80,0,Black,870.1,379.9,False,2
platinum,605,81,-1,Unknown,783.5,316.0,False,2
platinum,606,77,0,Black,54.0,403.1,False,2
platinum,606,80,0,Black,876.0,379.0,False,2
platinum,606,81,-1,Unknown,788.0,312.0,False,2
platinum,606,82,0,Black,540.0,275.5,False,2
platinum,607,80,0,Black,879.9,376.9,False,2
platinum,607,81,-1,Unknown,790.2,310.0,False,2
platinum,607,82,0,Black,540.0,275.5,False,2
platinum,608,80,0,Black,878.8,374.1,False,2
platinum,608,81,-1,Unknown,792.5,308.0,False,2
platinum,608,82,0,Black,540.0,275.5,False,2
platinum,609,80,0,Black,884.0,365.7,False,2
platinum,609,81,-1,Unknown,794.7,306.0,False,2
platinum,609,82,0,Black,540.0,275.5,False,2
platinum,610,80,0,Black,886.4,367.4,False,2
platinum,610,81,-1,Unknown,797.0,304.0,False,2
platinum,610,82,0,Black,540.0,275.5,False,2
platinum,611,80,0,Black,882.4,364.8,False,2
platinum,611,81,-1,Unknown,799.2,302.0,False,2
platinum,611,82,0,Black,540.0,275.5,False,2
platinum,612,80,0,Black,881.6,365.3,False,2
platinum,612,81,-1,Unknown,801.5,300.0,False,2
platinum,612,82,0,Black,540.0,275.5,False,2
platinum,613,80,0,Black,907.9,346.3,False,2
platinum,613,81,-1,Unknown,803.7,298.0,False,2
platinum,613,82,0,Black,540.0,275.5,False,2
platinum,613,83,-1,Unknown,271.5,368.5,False,2
platinum,614,80,0,Black,912.5,343.3,False,2
platinum,614,81,-1,Unknown,806.0,296.0,False,2
platinum,614,82,0,Black,540.0,275.5,False,2
platinum,614,83,-1,Unknown,271.5,368.5,False,2
platinum,615,80,0,Black,914.4,342.0,False,2
platinum,615,81,-1,Unknown,808.2,294.0,False,2
platinum,615,82,0,Black,540.0,275.5,False,2
platinum,615,83,-1,Unknown,271.5,368.5,False,2
platinum,616,80,0,Black,916.3,340.6,False,2
platinum,616,81,-1,Unknown,810.5,292.0,False,2
platinum,616,82,0,Black,540.0,275.5,False,2
platinum,616,83,-1,Unknown,271.5,368.5,False,2
platinum,617,80,0,Black,918.2,339.2,False,2
platinum,617,81,-1,Unknown,812.7,290.0,False,2
platinum,617,82,0,Black,540.0,275.5,False,2
platinum,617,83,-1,Unknown,258.0,369.0,False,2
platinum,618,80,0,Black,920.0,337.8,False,2
platinum,618,81,-1,Unknown,815.0,288.0,False,2
platinum,618,82,0,Black,540.0,275.5,False,2
platinum,618,83,-1,Unknown,254.6,369.1,False,2
platinum,619,80,0,Black,921.9,336.4,False,2
platinum,619,81,-1,Unknown,817.2,286.0,False,2
platinum,619,82,0,Black,540.0,275.5,False,2
platinum,619,83,-1,Unknown,251.3,369.2,False,2
platinum,620,80,0,Black,923.7,335.0,False,2
platinum,620,81,-1,Unknown,819.5,284.0,False,2
platinum,620,82,0,Black,540.0,275.5,False,2
platinum,620,83,-1,Unknown,247.9,369.4,False,2
platinum,621,80,0,Black,925.6,333.6,False,2
platinum,621,81,-1,Unknown,821.7,282.0,False,2
platinum,621,82,0,Black,540.0,275.5,False,2
platinum,621,83,-1,Unknown,244.5,369.5,False,2
platinum,622,80,0,Black,927.4,332.2,False,2
platinum,622,81,-1,Unknown,824.0,280.0,False,2
platinum,622,82,0,Black,540.0,275.5,False,2
platinum,622,83,-1,Unknown,241.1,369.6,False,2
platinum,623,80,0,Black,929.3,330.8,False,2
platinum,623,81,-1,Unknown,826.2,278.0,False,2
platinum,623,82,0,Black,540.0,275.5,False,2
platinum,623,83,-1,Unknown,237.8,369.7,False,2
platinum,624,80,0,Black,931.1,329.5,False,2
platinum,624,81,-1,Unknown,828.5,276.0,False,2
platinum,624,82,0,Black,484.5,247.5,False,2
platinum,624,83,-1,Unknown,234.4,369.9,False,2
platinum,625,80,0,Black,933.0,328.1,False,2
platinum,625,81,-1,Unknown,830.7,274.0,False,2
platinum,625,82,0,Black,481.8,246.7,False,2
platinum,625,83,-1,Unknown,231.0,370.0,False,2
platinum,626,80,0,Black,934.8,326.7,False,2
platinum,626,81,-1,Unknown,833.0,272.0,False,2
platinum,626,82,0,Black,477.6,244.4,False,2
platinum,626,83,-1,Unknown,227.6,370.1,False,2
platinum,627,80,0,Black,936.7,325.3,False,2
platinum,627,82,0,Black,470.8,244.6,False,2
platinum,627,83,-1,Unknown,224.3,370.2,False,2
platinum,628,80,0,Black,938.5,323.9,False,2
platinum,628,82,0,Black,467.3,243.2,False,2
platinum,628,83,-1,Unknown,220.9,370.4,False,2
platinum,629,80,0,Black,940.4,322.5,False,2
platinum,629,82,0,Black,463.7,241.8,False,2
platinum,629,83,-1,Unknown,217.5,370.5,False,2
platinum,630,80,0,Black,942.2,321.1,False,2
platinum,630,82,0,Black,460.1,240.5,False,2
platinum,630,83,-1,Unknown,214.1,370.6,False,2
platinum,631,80,0,Black,944.1,319.7,False,2
platinum,631,82,0,Black,456.5,239.1,False,2
platinum,631,83,-1,Unknown,210.8,370.7,False,2
platinum,632,80,0,Black,946.0,318.3,False,2
platinum,632,82,0,Black,456.2,257.1,False,2
platinum,632,83,-1,Unknown,207.4,370.9,False,2
platinum,633,80,0,Black,947.8,316.9,False,2
platinum,633,82,0,Black,452.9,257.4,False,2
platinum,633,83,-1,Unknown,204.0,371.0,False,2
platinum,634,80,0,Black,949.7,315.5,False,2
platinum,634,82,0,Black,449.6,257.7,False,2
platinum,634,83,-1,Unknown,200.6,371.1,False,2
platinum,635,80,0,Black,951.5,314.1,False,2
platinum,635,82,0,Black,446.3,257.9,False,2
platinum,635,83,-1,Unknown,197.3,371.2,False,2
platinum,636,80,0,Black,951.0,355.6,False,2
platinum,636,82,0,Black,443.0,258.2,False,2
platinum,636,83,-1,Unknown,193.9,371.4,False,2
platinum,637,80,0,Black,949.1,350.2,False,2
platinum,637,82,0,Black,439.7,258.5,False,2
platinum,637,83,-1,Unknown,190.5,371.5,False,2
platinum,638,80,0,Black,944.3,358.6,False,2
platinum,638,82,0,Black,436.4,258.8,False,2
platinum,639,80,0,Black,944.4,357.8,False,2
platinum,639,82,0,Black,433.1,259.1,False,2
platinum,640,80,0,Black,946.1,355.6,False,2
platinum,640,82,0,Black,429.8,259.3,False,2
platinum,641,80,0,Black,946.9,355.9,False,2
platinum,641,82,0,Black,426.5,259.6,False,2
platinum,641,84,-1,Unknown,766.0,283.0,False,2
platinum,642,80,0,Black,944.5,362.6,False,2
platinum,642,82,0,Black,423.2,259.9,False,2
platinum,642,84,-1,Unknown,766.0,283.0,False,2
platinum,643,80,0,Black,942.3,363.9,False,2
platinum,643,82,0,Black,419.9,260.2,False,2
platinum,643,84,-1,Unknown,774.0,283.0,False,2
platinum,644,80,0,Black,943.2,362.7,False,2
platinum,644,82,0,Black,416.6,260.5,False,2
platinum,644,84,-1,Unknown,787.1,278.3,False,2
platinum,645,80,0,Black,943.6,363.4,False,2
platinum,645,82,0,Black,413.3,260.7,False,2
platinum,645,84,-1,Unknown,796.5,275.4,False,2
platinum,646,80,0,Black,944.0,364.2,False,2
platinum,646,82,0,Black,410.0,261.0,False,2
platinum,646,84,-1,Unknown,805.9,272.6,False,2
platinum,647,80,0,Black,944.3,365.0,False,2
platinum,647,82,0,Black,406.7,261.3,False,2
platinum,647,84,-1,Unknown,815.4,269.7,False,2
platinum,648,80,0,Black,986.2,358.5,False,2
platinum,648,82,0,Black,403.4,261.6,False,2
platinum,648,84,0,Black,791.1,252.5,False,2
platinum,648,85,0,Black,917.0,303.5,False,2
platinum,649,80,0,Black,990.0,358.7,False,2
platinum,649,82,0,Black,400.1,261.9,False,2
platinum,649,84,0,Black,812.4,241.5,False,2
platinum,649,85,0,Black,917.0,303.5,False,2
platinum,650,80,0,Black,993.7,358.9,False,2
platinum,650,82,0,Black,396.8,262.2,False,2
platinum,650,84,0,Black,821.3,239.5,False,2
platinum,650,85,0,Black,917.0,303.5,False,2
platinum,651,80,0,Black,997.5,359.1,False,2
platinum,651,82,0,Black,393.5,262.4,False,2
platinum,651,84,0,Black,820.8,236.6,False,2
platinum,651,85,0,Black,917.0,303.5,False,2
platinum,652,80,0,Black,1001.2,359.3,False,2
platinum,652,82,0,Black,390.2,262.7,False,2
platinum,652,84,0,Black,825.4,236.8,False,2
platinum,652,85,0,Black,917.0,303.5,False,2
platinum,652,86,0,Black,804.5,420.0,False,2
platinum,653,80,0,Black,1005.0,359.5,False,2
platinum,653,84,0,Black,827.6,235.4,False,2
platinum,653,85,0,Black,917.0,303.5,False,2
platinum,653,86,0,Black,805.0,418.5,False,2
platinum,654,80,0,Black,1008.8,359.7,False,2
platinum,654,84,0,Black,832.6,231.1,False,2
platinum,654,85,0,Black,917.0,303.5,False,2
platinum,654,86,0,Black,810.2,418.9,False,2
platinum,655,80,0,Black,1012.5,359.9,False,2
platinum,655,84,0,Black,827.8,235.9,False,2
platinum,655,85,0,Black,917.0,303.5,False,2
platinum,655,86,0,Black,814.5,418.9,False,2
platinum,656,80,0,Black,1016.3,360.0,False,2
platinum,656,84,0,Black,828.2,233.2,False,2
platinum,656,85,0,Black,917.0,303.5,False,2
platinum,656,86,0,Black,818.9,418.9,False,2
platinum,657,80,0,Black,1020.1,360.2,False,2
platinum,657,84,0,Black,831.8,230.0,False,2
platinum,657,85,0,Black,917.0,303.5,False,2
platinum,657,86,0,Black,823.2,419.0,False,2
platinum,658,80,0,Black,1023.8,360.4,False,2
platinum,658,84,0,Black,835.3,226.7,False,2
platinum,658,85,0,Black,917.0,303.5,False,2
platinum,658,86,0,Black,827.5,419.0,False,2
platinum,659,80,0,Black,1027.6,360.6,False,2
platinum,659,84,0,Black,838.9,223.5,False,2
platinum,659,85,0,Black,917.0,303.5,False,2
platinum,659,86,0,Black,831.8,419.0,False,2
platinum,660,80,0,Black,1031.4,360.8,False,2
platinum,660,84,0,Black,821.3,239.9,False,2
platinum,660,85,0,Black,917.0,303.5,False,2
platinum,660,86,0,Black,836.1,419.1,False,2
platinum,661,80,0,Black,1035.1,361.0,False,2
platinum,661,84,0,Black,813.8,242.5,False,2
platinum,661,85,0,Black,917.0,303.5,False,2
platinum,661,86,0,Black,840.5,419.1,False,2
platinum,662,80,0,Black,1038.9,361.2,False,2
platinum,662,84,0,Black,814.7,241.4,False,2
platinum,662,85,0,Black,917.0,303.5,False,2
platinum,662,86,0,Black,844.8,419.1,False,2
platinum,663,80,0,Black,1042.7,361.4,False,2
platinum,663,84,0,Black,810.5,243.1,False,2
platinum,663,85,0,Black,917.0,303.5,False,2
platinum,663,86,0,Black,849.1,419.1,False,2
platinum,664,80,0,Black,1046.4,361.6,False,2
platinum,664,84,0,Black,784.9,251.8,False,2
platinum,664,85,0,Black,917.0,303.5,False,2
platinum,664,86,0,Black,853.4,419.2,False,2
platinum,664,87,0,Black,452.0,308.5,False,2
platinum,665,80,0,Black,1050.2,361.8,False,2
platinum,665,84,0,Black,773.1,256.8,False,2
platinum,665,85,0,Black,929.0,315.5,False,2
platinum,665,86,0,Black,857.8,419.2,False,2
platinum,665,87,0,Black,452.0,308.5,False,2
platinum,665,88,0,Black,825.5,256.0,False,2
platinum,666,80,0,Black,1054.0,362.0,False,2
platinum,666,84,0,Black,770.3,257.3,False,2
platinum,666,85,0,Black,927.8,318.8,False,2
platinum,666,86,0,Black,862.1,419.2,False,2
platinum,666,87,0,Black,452.0,308.5,False,2
platinum,666,88,0,Black,817.5,256.5,False,2
platinum,667,80,0,Black,1057.7,362.1,False,2
platinum,667,84,0,Black,767.4,257.7,False,2
platinum,667,85,0,Black,925.8,323.6,False,2
platinum,667,86,0,Black,866.4,419.3,False,2
platinum,667,87,0,Black,456.5,324.0,False,2
platinum,667,88,0,Black,815.1,259.4,False,2
platinum,668,80,0,Black,1061.5,362.3,False,2
platinum,668,84,0,Black,764.6,258.2,False,2
platinum,668,85,0,Black,928.0,325.3,False,2
platinum,668,86,0,Black,870.7,419.3,False,2
platinum,668,87,0,Black,455.2,327.4,False,2
platinum,668,88,0,Black,798.0,256.5,False,2
platinum,669,84,0,Black,761.7,258.6,False,2
platinum,669,85,0,Black,929.5,325.6,False,2
platinum,669,86,0,Black,875.1,419.3,False,2
platinum,669,87,0,Black,455.4,331.8,False,2
platinum,669,88,0,Black,802.3,254.5,False,2
platinum,670,84,0,Black,758.8,259.1,False,2
platinum,670,85,0,Black,927.7,324.3,False,2
platinum,670,86,0,Black,879.4,419.4,False,2
platinum,670,87,0,Black,455.6,336.2,False,2
platinum,670,88,0,Black,815.9,252.8,False,2
platinum,671,84,0,Black,756.0,259.6,False,2
platinum,671,85,0,Black,928.0,324.5,False,2
platinum,671,86,0,Black,883.7,419.4,False,2
platinum,671,87,0,Black,455.9,340.5,False,2
platinum,671,88,0,Black,825.3,251.9,False,2
platinum,672,84,0,Black,753.1,260.0,False,2
platinum,672,85,0,Black,931.4,327.4,False,2
platinum,672,86,0,Black,888.0,419.4,False,2
platinum,672,87,0,Black,456.1,344.9,False,2
platinum,672,88,0,Black,832.0,250.6,False,2
platinum,673,84,0,Black,750.3,260.5,False,2
platinum,673,85,0,Black,934.0,328.2,False,2
platinum,673,86,0,Black,892.3,419.4,False,2
platinum,673,87,0,Black,456.3,349.3,False,2
platinum,673,88,0,Black,833.3,249.2,False,2
platinum,674,84,0,Black,747.4,260.9,False,2
platinum,674,85,0,Black,935.3,329.4,False,2
platinum,674,86,0,Black,896.7,419.5,False,2
platinum,674,87,0,Black,456.5,353.7,False,2
platinum,674,88,0,Black,835.0,251.4,False,2
platinum,675,84,0,Black,744.6,261.4,False,2
platinum,675,85,0,Black,935.4,325.9,False,2
platinum,675,87,0,Black,456.8,358.1,False,2
platinum,675,88,0,Black,836.2,251.9,False,2
platinum,676,84,0,Black,741.7,261.8,False,2
platinum,676,85,0,Black,935.1,324.2,False,2
platinum,676,87,0,Black,457.0,362.4,False,2
platinum,676,88,0,Black,837.2,253.1,False,2
platinum,677,84,0,Black,738.9,262.3,False,2
platinum,677,85,0,Black,934.3,322.9,False,2
platinum,677,87,0,Black,457.2,366.8,False,2
platinum,677,88,0,Black,837.8,253.6,False,2
platinum,678,84,0,Black,736.0,262.7,False,2
platinum,678,85,0,Black,935.3,322.4,False,2
platinum,678,87,0,Black,457.4,371.2,False,2
platinum,678,88,0,Black,836.9,252.5,False,2
platinum,679,84,0,Black,733.1,263.2,False,2
platinum,679,85,0,Black,934.0,322.5,False,2
platinum,679,87,0,Black,457.7,375.6,False,2
platinum,679,88,0,Black,837.2,253.7,False,2
platinum,680,84,0,Black,730.3,263.6,False,2
platinum,680,85,0,Black,932.5,322.9,False,2
platinum,680,87,0,Black,457.9,380.0,False,2
platinum,680,88,0,Black,836.6,254.2,False,2
platinum,680,89,0,Black,216.0,320.5,False,2
platinum,681,84,0,Black,638.5,340.7,False,2
platinum,681,85,0,Black,932.6,326.0,False,2
platinum,681,87,0,Black,458.1,384.3,False,2
platinum,681,88,0,Black,838.3,253.7,False,2
platinum,681,89,0,Black,216.0,320.5,False,2
platinum,682,84,0,Black,635.5,344.7,False,2
platinum,682,85,0,Black,931.3,323.2,False,2
platinum,682,87,0,Black,458.4,388.7,False,2
platinum,682,88,0,Black,839.7,253.6,False,2
platinum,682,89,0,Black,216.0,320.5,False,2
platinum,683,84,0,Black,632.1,345.7,False,2
platinum,683,85,0,Black,930.8,326.1,False,2
platinum,683,87,0,Black,458.6,393.1,False,2
platinum,683,88,0,Black,836.7,252.7,False,2
platinum,683,89,0,Black,216.0,320.5,False,2
platinum,684,84,0,Black,625.3,349.8,False,2
platinum,684,85,0,Black,930.0,328.1,False,2
platinum,684,87,0,Black,458.8,397.5,False,2
platinum,684,88,0,Black,834.9,255.2,False,2
platinum,684,89,0,Black,218.0,325.0,False,2
platinum,685,84,0,Black,622.0,350.1,False,2
platinum,685,85,0,Black,928.0,324.7,False,2
platinum,685,87,0,Black,459.0,401.8,False,2
platinum,685,88,0,Black,832.9,256.7,False,2
platinum,685,89,0,Black,214.6,329.5,False,2
platinum,686,84,0,Black,617.5,355.3,False,2
platinum,686,85,0,Black,923.7,324.9,False,2
platinum,686,87,0,Black,459.3,406.2,False,2
platinum,686,88,0,Black,831.1,258.6,False,2
platinum,686,89,0,Black,209.5,331.2,False,2
platinum,687,84,0,Black,618.3,362.7,False,2
platinum,687,85,0,Black,932.5,325.4,False,2
platinum,687,87,0,Black,459.5,410.6,False,2
platinum,687,88,0,Black,828.8,261.3,False,2
platinum,687,89,0,Black,212.9,332.7,False,2
platinum,688,84,0,Black,617.5,364.7,False,2
platinum,688,85,0,Black,927.4,327.8,False,2
platinum,688,87,0,Black,459.7,415.0,False,2
platinum,688,88,0,Black,825.7,264.6,False,2
platinum,688,89,0,Black,212.4,333.8,False,2
platinum,689,84,0,Black,619.0,366.6,False,2
platinum,689,85,0,Black,918.6,327.1,False,2
platinum,689,88,0,Black,820.9,268.4,False,2
platinum,689,89,0,Black,208.8,333.1,False,2
platinum,690,84,0,Black,619.4,365.5,False,2
platinum,690,85,0,Black,915.2,326.2,False,2
platinum,690,88,0,Black,820.2,269.5,False,2
platinum,690,89,0,Black,207.2,332.1,False,2
platinum,690,90,0,Black,340.0,397.5,False,2
platinum,691,84,0,Black,622.0,365.7,False,2
platinum,691,85,0,Black,913.7,328.4,False,2
platinum,691,88,0,Black,808.3,274.4,False,2
platinum,691,89,0,Black,201.6,333.7,False,2
platinum,691,90,0,Black,288.5,399.0,False,2
platinum,692,84,0,Black,621.8,367.3,False,2
platinum,692,85,0,Black,912.4,328.8,False,2
platinum,692,88,0,Black,806.6,275.8,False,2
platinum,692,89,0,Black,195.9,333.9,False,2
platinum,692,90,0,Black,237.1,400.5,False,2
platinum,693,84,0,Black,620.2,365.8,False,2
platinum,693,85,0,Black,911.2,329.2,False,2
platinum,693,88,0,Black,804.9,277.3,False,2
platinum,693,89,0,Black,191.1,334.3,False,2
platinum,693,90,0,Black,185.6,402.0,False,2
platinum,694,84,0,Black,617.4,364.2,False,2
platinum,694,85,0,Black,909.9,329.6,False,2
platinum,694,88,0,Black,792.1,273.1,False,2
platinum,694,89,0,Black,185.2,335.4,False,2
platinum,694,90,0,Black,134.2,403.5,False,2
platinum,695,84,0,Black,616.7,362.8,False,2
platinum,695,85,0,Black,908.7,330.0,False,2
platinum,695,88,0,Black,788.8,272.3,False,2
platinum,695,89,0,Black,181.7,335.8,False,2
platinum,695,90,0,Black,82.8,405.0,False,2
platinum,696,84,0,Black,613.7,360.3,False,2
platinum,696,85,0,Black,907.5,330.4,False,2
platinum,696,88,0,Black,786.1,273.1,False,2
platinum,696,89,0,Black,181.2,336.2,False,2
platinum,696,90,0,Black,31.3,406.5,False,2
platinum,696,91,0,Black,148.0,614.5,False,2
platinum,697,84,0,Black,610.9,359.9,False,2
platinum,697,85,0,Black,906.2,330.8,False,2
platinum,697,88,0,Black,783.4,274.0,False,2
platinum,697,89,0,Black,179.8,334.7,False,2
platinum,697,90,0,Black,-20.1,408.0,False,2
platinum,697,91,0,Black,151.0,616.5,False,2
platinum,697,92,0,Black,278.0,396.0,False,2
platinum,698,84,0,Black,607.4,359.8,False,2
platinum,698,85,0,Black,905.0,331.2,False,2
platinum,698,88,0,Black,780.8,274.8,False,2
platinum,698,89,0,Black,179.3,333.8,False,2
platinum,698,90,0,Black,-71.6,409.5,False,2
platinum,698,91,0,Black,149.8,617.6,False,2
platinum,698,92,0,Black,300.0,393.5,False,2
platinum,699,84,0,Black,598.3,358.0,False,2
platinum,699,85,0,Black,903.7,331.6,False,2
platinum,699,88,0,Black,764.0,275.5,False,2
platinum,699,89,0,Black,176.9,334.2,False,2
platinum,699,90,0,Black,-123.0,411.0,False,2
platinum,699,91,0,Black,149.3,618.8,False,2
platinum,699,92,0,Black,322.0,391.0,False,2
platinum,700,84,0,Black,591.0,356.4,False,2
platinum,700,85,0,Black,902.5,332.0,False,2
platinum,700,88,0,Black,753.9,277.1,False,2
platinum,700,89,0,Black,174.1,332.6,False,2
platinum,700,90,0,Black,-174.4,412.5,False,2
platinum,700,91,0,Black,148.9,620.0,False,2
platinum,700,92,0,Black,343.9,388.5,False,2
platinum,701,84,0,Black,587.3,357.0,False,2
platinum,701,85,0,Black,901.2,332.4,False,2
platinum,701,88,0,Black,749.6,278.0,False,2
platinum,701,89,0,Black,171.6,332.8,False,2
platinum,701,90,0,Black,-225.9,414.0,False,2
platinum,701,91,0,Black,148.4,621.3,False,2
platinum,701,92,0,Black,365.9,386.0,False,2
platinum,702,84,0,Black,582.7,356.0,False,2
platinum,702,85,0,Black,900.0,332.8,False,2
platinum,702,88,0,Black,745.2,278.9,False,2
platinum,702,89,0,Black,169.1,333.0,False,2
platinum,702,90,0,Black,-277.3,415.5,False,2
platinum,702,91,0,Black,141.2,621.5,False,2
platinum,702,92,0,Black,387.9,383.5,False,2
platinum,703,84,0,Black,578.9,356.5,False,2
platinum,703,85,0,Black,898.7,333.2,False,2
platinum,703,88,0,Black,740.9,279.8,False,2
platinum,703,89,0,Black,166.6,333.2,False,2
platinum,703,90,0,Black,-328.8,417.0,False,2
platinum,703,91,0,Black,139.3,622.6,False,2
platinum,703,92,0,Black,409.9,381.0,False,2
platinum,704,84,0,Black,581.6,356.2,False,2
platinum,704,85,0,Black,897.5,333.6,False,2
platinum,704,88,0,Black,736.5,280.7,False,2
platinum,704,89,0,Black,164.1,333.5,False,2
platinum,704,90,0,Black,-380.2,418.5,False,2
platinum,704,91,0,Black,140.4,622.7,False,2
platinum,704,92,0,Black,431.8,378.5,False,2
platinum,705,84,0,Black,582.1,357.6,False,2
platinum,705,85,0,Black,896.3,334.0,False,2
platinum,705,88,0,Black,732.2,281.5,False,2
platinum,705,89,0,Black,150.2,337.1,False,2
platinum,705,90,0,Black,-431.6,420.0,False,2
platinum,705,91,0,Black,139.0,623.6,False,2
platinum,705,92,0,Black,453.8,376.0,False,2
platinum,706,84,0,Black,579.2,358.1,False,2
platinum,706,85,0,Black,895.0,334.4,False,2
platinum,706,88,0,Black,727.9,282.4,False,2
platinum,706,89,0,Black,153.1,335.8,False,2
platinum,706,90,0,Black,-483.1,421.5,False,2
platinum,706,91,0,Black,137.6,624.5,False,2
platinum,706,92,0,Black,475.8,373.5,False,2
platinum,707,84,0,Black,576.2,358.6,False,2
platinum,707,85,0,Black,893.8,334.8,False,2
platinum,707,88,0,Black,723.5,283.3,False,2
platinum,707,89,0,Black,152.1,335.1,False,2
platinum,707,90,0,Black,-534.5,423.0,False,2
platinum,707,91,0,Black,141.7,619.0,False,2
platinum,707,92,0,Black,497.8,371.0,False,2
platinum,708,84,0,Black,573.3,359.1,False,2
platinum,708,85,0,Black,892.5,335.2,False,2
platinum,708,88,0,Black,719.2,284.2,False,2
platinum,708,89,0,Black,152.1,334.5,False,2
platinum,708,90,0,Black,-585.9,424.5,False,2
platinum,708,91,0,Black,140.9,619.1,False,2
platinum,708,92,0,Black,519.7,368.5,False,2
platinum,709,84,0,Black,570.3,359.6,False,2
platinum,709,85,0,Black,891.3,335.6,False,2
platinum,709,88,0,Black,714.8,285.1,False,2
platinum,709,89,0,Black,149.6,334.6,False,2
platinum,709,90,0,Black,-637.4,426.0,False,2
platinum,709,91,0,Black,140.2,619.3,False,2
platinum,709,92,0,Black,541.7,366.0,False,2
platinum,710,84,0,Black,567.4,360.1,False,2
platinum,710,85,0,Black,890.0,336.0,False,2
platinum,710,88,0,Black,710.5,285.9,False,2
platinum,710,89,0,Black,147.2,334.8,False,2
platinum,710,90,0,Black,-688.8,427.5,False,2
platinum,710,91,0,Black,139.4,619.4,False,2
platinum,710,92,0,Black,563.7,363.5,False,2
platinum,711,84,0,Black,564.4,360.6,False,2
platinum,711,85,0,Black,888.8,336.4,False,2
platinum,711,88,0,Black,706.1,286.8,False,2
platinum,711,89,0,Black,149.1,332.9,False,2
platinum,711,90,0,Black,-740.3,429.0,False,2
platinum,711,91,0,Black,138.7,619.6,False,2
platinum,711,92,0,Black,585.7,361.0,False,2
platinum,712,84,0,Black,561.5,361.1,False,2
platinum,712,88,0,Black,701.8,287.7,False,2
platinum,712,89,0,Black,147.1,332.9,False,2
platinum,712,91,0,Black,137.9,619.7,False,2
platinum,712,92,0,Black,607.6,358.5,False,2
platinum,713,84,0,Black,558.5,361.6,False,2
platinum,713,88,0,Black,697.4,288.6,False,2
platinum,713,89,0,Black,142.7,334.1,False,2
platinum,713,91,0,Black,137.2,619.8,False,2
platinum,713,92,0,Black,629.6,356.0,False,2
platinum,714,84,0,Black,555.6,362.1,False,2
platinum,714,88,0,Black,693.1,289.5,False,2
platinum,714,89,0,Black,140.4,334.2,False,2
platinum,714,91,0,Black,136.4,620.0,False,2
platinum,714,92,0,Black,651.6,353.5,False,2
platinum,714,93,-1,Unknown,862.5,352.5,False,2
platinum,715,84,0,Black,559.2,345.2,False,2
platinum,715,88,0,Black,688.7,290.3,False,2
platinum,715,89,0,Black,138.1,334.3,False,2
platinum,715,91,0,Black,135.7,620.1,False,2
platinum,715,92,0,Black,673.5,351.1,False,2
platinum,715,93,-1,Unknown,862.5,352.5,False,2
platinum,716,84,0,Black,565.5,345.6,False,2
platinum,716,88,0,Black,684.4,291.2,False,2
platinum,716,89,0,Black,135.8,334.4,False,2
platinum,716,91,0,Black,145.6,632.0,False,2
platinum,716,92,0,Black,695.5,348.6,False,2
platinum,716,93,-1,Unknown,862.5,352.5,False,2
platinum,717,84,0,Black,573.4,347.3,False,2
platinum,717,88,0,Black,616.0,335.4,False,2
platinum,717,89,0,Black,133.6,334.5,False,2
platinum,717,91,0,Black,145.6,633.0,False,2
platinum,717,92,0,Black,717.5,346.1,False,2
platinum,717,93,-1,Unknown,862.5,352.5,False,2
platinum,718,84,0,Black,575.4,351.6,False,2
platinum,718,88,0,Black,608.4,338.4,False,2
platinum,718,89,0,Black,131.3,334.6,False,2
platinum,718,91,0,Black,145.6,634.0,False,2
platinum,718,92,0,Black,739.5,343.6,False,2
platinum,718,93,-1,Unknown,862.5,352.5,False,2
platinum,719,84,0,Black,584.0,359.1,False,2
platinum,719,88,0,Black,600.9,341.4,False,2
platinum,719,89,0,Black,129.0,334.7,False,2
platinum,719,91,0,Black,145.6,635.0,False,2
platinum,719,93,-1,Unknown,862.5,352.5,False,2
platinum,720,84,0,Black,584.2,359.9,False,2
platinum,720,88,0,Black,608.7,352.1,False,2
platinum,720,89,0,Black,131.2,355.2,False,2
platinum,720,91,0,Black,145.6,635.9,False,2
platinum,720,93,-1,Unknown,862.5,352.5,False,2
platinum,721,84,0,Black,584.3,360.7,False,2
platinum,721,88,0,Black,626.2,340.3,False,2
platinum,721,89,0,Black,130.1,357.6,False,2
platinum,721,91,0,Black,145.6,636.9,False,2
platinum,721,93,-1,Unknown,862.5,352.5,False,2
platinum,722,84,0,Black,584.5,361.4,False,2
platinum,722,88,0,Black,632.9,336.3,False,2
platinum,722,89,0,Black,128.1,358.7,False,2
platinum,722,91,0,Black,145.6,637.9,False,2
platinum,722,93,-1,Unknown,862.5,352.5,False,2
platinum,723,84,0,Black,584.6,362.2,False,2
platinum,723,88,0,Black,635.5,335.0,False,2
platinum,723,89,0,Black,126.1,359.1,False,2
platinum,723,91,0,Black,145.6,638.8,False,2
platinum,723,93,-1,Unknown,862.5,352.5,False,2
platinum,724,84,0,Black,584.8,363.0,False,2
platinum,724,88,0,Black,639.8,331.9,False,2
platinum,724,89,0,Black,128.0,360.2,False,2
platinum,724,91,0,Black,145.6,639.8,False,2
platinum,724,93,-1,Unknown,862.5,352.5,False,2
platinum,725,84,0,Black,584.9,363.8,False,2
platinum,725,88,0,Black,647.8,328.7,False,2
platinum,725,89,0,Black,131.7,360.9,False,2
platinum,725,91,0,Black,145.6,640.8,False,2
platinum,725,93,-1,Unknown,862.5,352.5,False,2
platinum,726,84,0,Black,585.1,364.6,False,2
platinum,726,88,0,Black,644.6,327.1,False,2
platinum,726,89,0,Black,126.9,361.8,False,2
platinum,726,91,0,Black,145.6,641.8,False,2
platinum,726,93,-1,Unknown,862.5,352.5,False,2
platinum,727,84,0,Black,585.2,365.4,False,2
platinum,727,88,0,Black,647.7,324.2,False,2
platinum,727,89,0,Black,125.2,362.0,False,2
platinum,727,91,0,Black,145.6,642.7,False,2
platinum,727,93,-1,Unknown,850.5,360.0,False,2
platinum,728,84,0,Black,585.4,366.2,False,2
platinum,728,88,0,Black,647.3,323.1,False,2
platinum,728,89,0,Black,123.7,363.3,False,2
platinum,728,91,0,Black,126.5,651.8,False,2
platinum,728,93,-1,Unknown,849.5,360.9,False,2
platinum,729,84,0,Black,585.5,366.9,False,2
platinum,729,88,0,Black,644.9,322.4,False,2
platinum,729,89,0,Black,122.3,364.5,False,2
platinum,729,91,0,Black,134.1,656.5,False,2
platinum,729,93,-1,Unknown,846.9,363.5,False,2
platinum,730,84,0,Black,585.7,367.7,False,2
platinum,730,88,0,Black,649.9,317.5,False,2
platinum,730,89,0,Black,120.8,365.7,False,2
platinum,730,91,0,Black,132.2,656.8,False,2
platinum,730,93,-1,Unknown,845.7,364.4,False,2
platinum,731,84,0,Black,585.8,368.5,False,2
platinum,731,88,0,Black,638.1,316.7,False,2
platinum,731,89,0,Black,119.4,366.9,False,2
platinum,731,91,0,Black,133.5,655.5,False,2
platinum,731,93,-1,Unknown,844.6,365.2,False,2
platinum,732,84,0,Black,586.0,369.3,False,2
platinum,732,88,0,Black,651.6,314.4,False,2
platinum,732,89,0,Black,117.9,368.1,False,2
platinum,732,91,0,Black,134.0,654.0,False,2
platinum,732,93,-1,Unknown,843.4,366.1,False,2
platinum,733,84,0,Black,586.1,370.1,False,2
platinum,733,88,0,Black,660.3,310.6,False,2
platinum,733,89,0,Black,116.5,369.3,False,2
platinum,733,91,0,Black,132.3,650.8,False,2
platinum,733,93,-1,Unknown,842.3,367.0,False,2
platinum,734,84,0,Black,586.3,370.9,False,2
platinum,734,88,0,Black,665.6,306.9,False,2
platinum,734,89,0,Black,115.1,370.6,False,2
platinum,734,91,0,Black,131.9,647.2,False,2
platinum,734,93,-1,Unknown,841.1,367.8,False,2
platinum,735,84,0,Black,586.4,371.7,False,2
platinum,735,88,0,Black,667.6,302.3,False,2
platinum,735,89,0,Black,113.6,371.8,False,2
platinum,735,91,0,Black,133.5,645.5,False,2
platinum,735,93,-1,Unknown,840.0,368.7,False,2
platinum,736,84,0,Black,586.6,372.4,False,2
platinum,736,88,0,Black,670.6,298.6,False,2
platinum,736,89,0,Black,112.2,373.0,False,2
platinum,736,91,0,Black,136.3,642.3,False,2
platinum,736,93,-1,Unknown,838.8,369.6,False,2
platinum,737,84,0,Black,586.7,373.2,False,2
platinum,737,88,0,Black,673.6,295.3,False,2
platinum,737,89,0,Black,110.7,374.2,False,2
platinum,737,91,0,Black,135.8,637.8,False,2
platinum,737,93,-1,Unknown,837.7,370.4,False,2
platinum,738,84,0,Black,586.9,374.0,False,2
platinum,738,88,0,Black,677.3,289.6,False,2
platinum,738,89,0,Black,109.3,375.4,False,2
platinum,738,91,0,Black,133.6,634.1,False,2
platinum,738,93,-1,Unknown,836.5,371.3,False,2
platinum,739,84,0,Black,587.0,374.8,False,2
platinum,739,88,0,Black,687.5,283.5,False,2
platinum,739,89,0,Black,107.8,376.6,False,2
platinum,739,91,0,Black,131.5,631.4,False,2
platinum,739,93,-1,Unknown,835.4,372.2,False,2
platinum,740,88,0,Black,693.9,280.3,False,2
platinum,740,89,0,Black,106.4,377.8,False,2
platinum,740,91,0,Black,131.0,628.5,False,2
platinum,740,93,-1,Unknown,834.2,373.1,False,2
platinum,741,88,0,Black,699.5,275.3,False,2
platinum,741,89,0,Black,104.9,379.1,False,2
platinum,741,91,0,Black,131.9,625.1,False,2
platinum,741,93,-1,Unknown,833.1,373.9,False,2
platinum,742,88,0,Black,703.5,271.5,False,2
platinum,742,89,0,Black,103.5,380.3,False,2
platinum,742,91,0,Black,133.5,623.9,False,2
platinum,742,93,-1,Unknown,831.9,374.8,False,2
platinum,743,88,0,Black,707.2,268.2,False,2
platinum,743,89,0,Black,102.0,381.5,False,2
platinum,743,91,0,Black,133.1,623.8,False,2
platinum,743,93,-1,Unknown,830.7,375.7,False,2
platinum,743,94,0,Black,723.5,254.5,False,2
platinum,744,88,0,Black,709.8,267.4,False,2
platinum,744,89,0,Black,100.6,382.7,False,2
platinum,744,91,0,Black,132.7,623.5,False,2
platinum,744,93,-1,Unknown,829.6,376.5,False,2
platinum,744,94,0,Black,723.5,254.5,False,2
platinum,745,88,0,Black,713.7,264.9,False,2
platinum,745,89,0,Black,99.1,383.9,False,2
platinum,745,91,0,Black,131.5,623.1,False,2
platinum,745,93,-1,Unknown,828.4,377.4,False,2
platinum,745,94,0,Black,723.5,254.5,False,2
platinum,746,88,0,Black,718.6,258.1,False,2
platinum,746,89,0,Black,97.7,385.1,False,2
platinum,746,91,0,Black,138.6,625.9,False,2
platinum,746,93,-1,Unknown,854.2,352.8,False,2
platinum,746,94,0,Black,723.5,254.5,False,2
platinum,747,88,0,Black,720.7,256.0,False,2
platinum,747,89,0,Black,96.2,386.4,False,2
platinum,747,91,0,Black,134.1,629.6,False,2
platinum,747,93,0,Black,855.5,352.8,False,2
platinum,747,94,0,Black,723.5,254.5,False,2
platinum,748,88,0,Black,723.7,257.9,False,2
platinum,748,91,0,Black,132.7,632.7,False,2
platinum,748,93,0,Black,856.3,354.4,False,2
platinum,748,94,0,Black,723.5,254.5,False,2
platinum,749,88,0,Black,724.0,260.0,False,2
platinum,749,91,0,Black,131.5,634.8,False,2
platinum,749,93,0,Black,856.9,354.7,False,2
platinum,749,94,0,Black,723.5,254.5,False,2
platinum,750,88,0,Black,724.7,261.9,False,2
platinum,750,91,0,Black,133.4,639.2,False,2
platinum,750,93,0,Black,857.2,354.6,False,2
platinum,750,94,0,Black,723.5,254.5,False,2
platinum,751,88,0,Black,725.2,262.0,False,2
platinum,751,91,0,Black,132.8,640.6,False,2
platinum,751,93,0,Black,842.9,358.3,False,2
platinum,751,94,0,Black,723.5,254.5,False,2
platinum,752,88,0,Black,728.2,262.7,False,2
platinum,752,91,0,Black,149.2,641.7,False,2
platinum,752,93,0,Black,841.9,358.5,False,2
platinum,752,94,0,Black,723.5,254.5,False,2
platinum,753,88,0,Black,730.0,263.1,False,2
platinum,753,91,0,Black,141.7,642.1,False,2
platinum,753,93,0,Black,840.9,358.7,False,2
platinum,753,94,0,Black,723.5,254.5,False,2
platinum,754,88,0,Black,730.9,261.6,False,2
platinum,754,91,0,Black,139.8,643.2,False,2
platinum,754,93,0,Black,839.9,358.9,False,2
platinum,754,94,0,Black,723.5,254.5,False,2
platinum,755,88,0,Black,732.4,261.1,False,2
platinum,755,91,0,Black,154.4,642.3,False,2
platinum,755,93,0,Black,838.9,359.1,False,2
platinum,755,94,0,Black,723.5,254.5,False,2
platinum,756,88,0,Black,732.6,261.9,False,2
platinum,756,91,0,Black,164.8,641.6,False,2
platinum,756,93,0,Black,837.9,359.3,False,2
platinum,756,94,0,Black,723.5,254.5,False,2
platinum,757,88,0,Black,733.0,263.6,False,2
platinum,757,91,0,Black,165.5,642.7,False,2
platinum,757,93,0,Black,837.0,359.5,False,2
platinum,757,94,0,Black,723.5,254.5,False,2
platinum,757,95,-1,Unknown,136.5,362.5,False,2
platinum,758,88,0,Black,732.7,263.3,False,2
platinum,758,91,0,Black,149.0,645.3,False,2
platinum,758,93,0,Black,836.0,359.7,False,2
platinum,758,94,0,Black,723.5,254.5,False,2
platinum,758,95,-1,Unknown,137.5,364.0,False,2
platinum,759,88,0,Black,730.6,263.5,False,2
platinum,759,91,0,Black,141.7,646.7,False,2
platinum,759,93,0,Black,835.0,359.9,False,2
platinum,759,94,0,Black,723.5,254.5,False,2
platinum,759,95,-1,Unknown,137.6,363.6,False,2
platinum,760,88,0,Black,730.0,263.9,False,2
platinum,760,91,0,Black,137.3,648.1,False,2
platinum,760,93,0,Black,834.0,360.1,False,2
platinum,760,94,0,Black,723.5,254.5,False,2
platinum,760,95,-1,Unknown,137.8,363.6,False,2
platinum,760,96,-1,Unknown,1205.5,388.5,False,2
platinum,761,88,0,Black,729.5,263.8,False,2
platinum,761,91,0,Black,140.8,649.3,False,2
platinum,761,93,0,Black,833.0,360.3,False,2
platinum,761,94,0,Black,723.5,254.5,False,2
platinum,761,95,-1,Unknown,134.7,363.5,False,2
platinum,761,96,-1,Unknown,1205.5,388.0,False,2
platinum,762,88,0,Black,729.5,264.1,False,2
platinum,762,91,0,Black,137.0,650.0,False,2
platinum,762,93,0,Black,832.0,360.5,False,2
platinum,762,94,0,Black,723.5,254.5,False,2
platinum,762,95,-1,Unknown,133.8,363.5,False,2
platinum,762,96,0,Black,1205.5,386.1,False,2
platinum,763,88,0,Black,729.2,264.2,False,2
platinum,763,91,0,Black,138.1,650.3,False,2
platinum,763,93,0,Black,867.0,357.6,False,2
platinum,763,94,0,Black,723.5,254.5,False,2
platinum,763,95,-1,Unknown,132.9,363.4,False,2
platinum,763,96,0,Black,1204.7,382.4,False,2
platinum,764,88,0,Black,730.3,263.3,False,2
platinum,764,91,0,Black,136.0,650.0,False,2
platinum,764,93,0,Black,868.1,357.6,False,2
platinum,764,95,-1,Unknown,132.0,363.4,False,2
platinum,764,96,0,Black,1204.8,379.1,False,2
platinum,765,88,0,Black,731.7,262.9,False,2
platinum,765,91,0,Black,133.9,652.2,False,2
platinum,765,93,0,Black,875.0,356.7,False,2
platinum,765,95,-1,Unknown,131.1,363.3,False,2
platinum,765,96,0,Black,1204.6,376.3,False,2
platinum,766,88,0,Black,730.9,263.5,False,2
platinum,766,91,0,Black,141.2,655.6,False,2
platinum,766,93,0,Black,876.5,356.7,False,2
platinum,766,95,-1,Unknown,130.2,363.3,False,2
platinum,766,96,0,Black,1204.4,373.4,False,2
platinum,767,88,0,Black,729.0,264.0,False,2
platinum,767,91,0,Black,133.6,656.2,False,2
platinum,767,93,0,Black,850.4,356.1,False,2
platinum,767,95,-1,Unknown,129.3,363.2,False,2
platinum,767,96,0,Black,1204.2,370.5,False,2
platinum,768,88,0,Black,726.6,265.9,False,2
platinum,768,91,0,Black,132.3,660.0,False,2
platinum,768,93,0,Black,861.2,354.3,False,2
platinum,768,95,-1,Unknown,128.4,363.2,False,2
platinum,768,96,0,Black,1204.0,367.6,False,2
platinum,769,88,0,Black,726.0,267.2,False,2
platinum,769,91,0,Black,131.2,663.1,False,2
platinum,769,93,0,Black,861.5,354.1,False,2
platinum,769,95,-1,Unknown,122.1,375.7,False,2
platinum,769,96,0,Black,1202.6,372.6,False,2
platinum,770,88,0,Black,726.7,268.4,False,2
platinum,770,91,0,Black,129.2,665.1,False,2
platinum,770,93,0,Black,892.0,348.6,False,2
platinum,770,95,-1,Unknown,120.7,376.9,False,2
platinum,770,96,0,Black,1201.0,373.4,False,2
platinum,771,88,0,Black,725.3,269.8,False,2
platinum,771,91,0,Black,131.1,665.9,False,2
platinum,771,93,0,Black,894.9,347.8,False,2
platinum,771,95,-1,Unknown,119.3,378.1,False,2
platinum,771,96,0,Black,1198.8,372.3,False,2
platinum,771,97,-1,Unknown,554.0,365.0,False,2
platinum,772,88,0,Black,724.5,270.0,False,2
platinum,772,91,0,Black,132.8,666.8,False,2
platinum,772,93,0,Black,897.9,347.1,False,2
platinum,772,95,-1,Unknown,117.8,379.3,False,2
platinum,772,96,0,Black,1197.7,376.6,False,2
platinum,772,97,-1,Unknown,554.0,365.0,False,2
platinum,773,88,0,Black,724.8,268.8,False,2
platinum,773,91,0,Black,132.1,667.4,False,2
platinum,773,93,0,Black,900.8,346.4,False,2
platinum,773,95,-1,Unknown,116.4,380.5,False,2
platinum,773,96,0,Black,1197.0,373.6,False,2
platinum,773,97,-1,Unknown,554.0,365.0,False,2
platinum,773,98,0,Black,1088.0,556.5,False,2
platinum,774,88,0,Black,724.6,268.6,False,2
platinum,774,91,0,Black,130.9,667.6,False,2
platinum,774,93,0,Black,903.7,345.7,False,2
platinum,774,95,-1,Unknown,115.0,381.6,False,2
platinum,774,96,0,Black,1196.1,373.2,False,2
platinum,774,97,-1,Unknown,554.0,365.0,False,2
platinum,774,98,0,Black,1085.0,557.0,False,2
platinum,775,88,0,Black,724.6,268.8,False,2
platinum,775,91,0,Black,130.8,667.3,False,2
platinum,775,93,0,Black,906.6,345.0,False,2
platinum,775,95,-1,Unknown,113.6,382.8,False,2
platinum,775,96,0,Black,1195.1,368.5,False,2
platinum,775,97,-1,Unknown,554.0,365.0,False,2
platinum,775,98,0,Black,1082.0,557.5,False,2
platinum,776,88,0,Black,724.7,268.9,False,2
platinum,776,91,0,Black,132.1,666.8,False,2
platinum,776,93,0,Black,909.5,344.2,False,2
platinum,776,95,-1,Unknown,112.1,384.0,False,2
platinum,776,96,0,Black,1194.3,367.1,False,2
platinum,776,97,-1,Unknown,554.0,365.0,False,2
platinum,776,98,0,Black,1079.0,558.0,False,2
platinum,777,88,0,Black,724.7,269.0,False,2
platinum,777,91,0,Black,136.2,666.6,False,2
platinum,777,93,0,Black,859.5,346.3,False,2
platinum,777,95,-1,Unknown,110.7,385.2,False,2
platinum,777,96,0,Black,1193.5,365.8,False,2
platinum,777,97,-1,Unknown,554.0,365.0,False,2
platinum,777,98,0,Black,1087.9,552.6,False,2
platinum,778,88,0,Black,724.7,269.1,False,2
platinum,778,91,0,Black,143.3,665.5,False,2
platinum,778,93,0,Black,854.1,344.6,False,2
platinum,778,95,-1,Unknown,109.3,386.4,False,2
platinum,778,96,0,Black,1192.7,364.4,False,2
platinum,778,97,-1,Unknown,554.0,365.0,False,2
platinum,778,98,0,Black,1089.3,552.2,False,2
platinum,779,88,0,Black,724.7,269.2,False,2
platinum,779,91,0,Black,144.0,666.2,False,2
platinum,779,93,0,Black,838.2,341.4,False,2
platinum,779,95,-1,Unknown,107.8,387.5,False,2
platinum,779,96,0,Black,1191.9,363.1,False,2
platinum,779,97,-1,Unknown,554.0,365.0,False,2
platinum,779,98,0,Black,1090.4,551.7,False,2
platinum,780,88,0,Black,724.7,269.3,False,2
platinum,780,91,0,Black,145.3,662.7,False,2
platinum,780,93,0,Black,835.7,340.5,False,2
platinum,780,95,-1,Unknown,106.4,388.7,False,2
platinum,780,96,0,Black,1191.1,361.7,False,2
platinum,780,97,-1,Unknown,554.0,365.0,False,2
platinum,780,98,0,Black,1091.1,551.6,False,2
platinum,781,88,0,Black,724.7,269.4,False,2
platinum,781,91,0,Black,152.7,659.7,False,2
platinum,781,93,0,Black,833.2,339.7,False,2
platinum,781,95,-1,Unknown,105.0,389.9,False,2
platinum,781,96,0,Black,1190.3,360.4,False,2
platinum,781,97,-1,Unknown,554.0,365.0,False,2
platinum,781,98,0,Black,1091.0,549.9,False,2
platinum,782,88,0,Black,724.7,269.5,False,2
platinum,782,91,0,Black,160.6,657.3,False,2
platinum,782,93,0,Black,830.7,338.8,False,2
platinum,782,95,-1,Unknown,103.6,391.1,False,2
platinum,782,96,0,Black,1189.5,359.0,False,2
platinum,782,97,-1,Unknown,554.0,365.0,False,2
platinum,782,98,0,Black,1092.2,550.7,False,2
platinum,783,88,0,Black,724.8,269.6,False,2
platinum,783,91,0,Black,167.1,656.4,False,2
platinum,783,93,0,Black,828.2,337.9,False,2
platinum,783,95,-1,Unknown,102.1,392.3,False,2
platinum,783,96,0,Black,1188.7,357.7,False,2
platinum,783,97,-1,Unknown,554.0,365.0,False,2
platinum,783,98,0,Black,1095.0,549.7,False,2
platinum,783,99,0,Black,1153.0,236.0,False,2
platinum,784,88,0,Black,724.8,269.7,False,2
platinum,784,91,0,Black,174.7,652.4,False,2
platinum,784,93,0,Black,825.7,337.1,False,2
platinum,784,95,-1,Unknown,100.7,393.4,False,2
platinum,784,96,0,Black,1187.9,356.3,False,2
platinum,784,97,-1,Unknown,554.0,365.0,False,2
platinum,784,98,0,Black,1097.7,548.3,False,2
platinum,784,99,0,Black,1153.0,236.0,False,2
platinum,785,88,0,Black,724.8,269.8,False,2
platinum,785,91,0,Black,177.5,652.3,False,2
platinum,785,93,0,Black,823.2,336.2,False,2
platinum,785,95,-1,Unknown,99.3,394.6,False,2
platinum,785,96,0,Black,1187.0,355.0,False,2
platinum,785,97,-1,Unknown,554.0,365.0,False,2
platinum,785,98,0,Black,1098.7,547.8,False,2
platinum,785,99,0,Black,1153.0,236.0,False,2
platinum,786,88,0,Black,724.8,269.9,False,2
platinum,786,91,0,Black,183.7,651.2,False,2
platinum,786,93,0,Black,820.7,335.4,False,2
platinum,786,95,-1,Unknown,97.9,395.8,False,2
platinum,786,96,0,Black,1186.2,353.6,False,2
platinum,786,97,-1,Unknown,554.0,365.0,False,2
platinum,786,98,0,Black,1097.6,547.3,False,2
platinum,786,99,0,Black,1153.0,236.0,False,2
platinum,787,88,0,Black,724.8,270.0,False,2
platinum,787,91,0,Black,194.5,648.3,False,2
platinum,787,93,0,Black,818.2,334.5,False,2
platinum,787,95,0,Black,132.6,391.1,False,2
platinum,787,96,0,Black,1185.4,352.3,False,2
platinum,787,97,-1,Unknown,554.0,365.0,False,2
platinum,787,98,0,Black,1098.6,546.6,False,2
platinum,787,99,0,Black,1153.0,236.0,False,2
platinum,788,88,0,Black,724.8,270.1,False,2
platinum,788,91,0,Black,202.7,647.2,False,2
platinum,788,93,0,Black,815.7,333.7,False,2
platinum,788,95,0,Black,133.0,391.6,False,2
platinum,788,96,0,Black,1184.6,350.9,False,2
platinum,788,97,-1,Unknown,554.0,365.0,False,2
platinum,788,98,0,Black,1099.6,545.9,False,2
platinum,788,99,0,Black,1153.0,236.0,False,2
platinum,789,88,0,Black,724.8,270.2,False,2
platinum,789,91,0,Black,208.3,645.5,False,2
platinum,789,93,0,Black,813.2,332.8,False,2
platinum,789,95,0,Black,133.3,392.5,False,2
platinum,789,96,0,Black,1183.8,349.6,False,2
platinum,789,97,-1,Unknown,554.0,365.0,False,2
platinum,789,98,0,Black,1095.5,550.5,False,2
platinum,789,99,0,Black,1153.0,236.0,False,2
platinum,790,88,0,Black,724.9,270.3,False,2
platinum,790,91,0,Black,213.2,646.8,False,2
platinum,790,93,0,Black,810.7,332.0,False,2
platinum,790,95,0,Black,138.9,388.5,False,2
platinum,790,96,0,Black,1183.0,348.2,False,2
platinum,790,97,-1,Unknown,554.0,365.0,False,2
platinum,790,98,0,Black,1096.0,549.1,False,2
platinum,790,99,0,Black,1153.0,236.0,False,2
platinum,791,88,0,Black,724.9,270.4,False,2
platinum,791,91,0,Black,217.9,647.3,False,2
platinum,791,93,0,Black,808.2,331.1,False,2
platinum,791,95,0,Black,144.6,386.9,False,2
platinum,791,96,0,Black,1182.2,346.9,False,2
platinum,791,97,-1,Unknown,554.0,365.0,False,2
platinum,791,98,0,Black,1096.2,549.2,False,2
platinum,791,99,0,Black,1153.0,236.0,False,2
platinum,792,88,0,Black,724.9,270.6,False,2
platinum,792,91,0,Black,223.1,644.3,False,2
platinum,792,93,0,Black,805.7,330.3,False,2
platinum,792,95,0,Black,145.9,387.2,False,2
platinum,792,96,0,Black,1181.4,345.5,False,2
platinum,792,98,0,Black,1096.2,550.9,False,2
platinum,792,99,0,Black,1162.5,253.5,False,2
platinum,793,88,0,Black,724.9,270.7,False,2
platinum,793,91,0,Black,225.2,638.9,False,2
platinum,793,93,0,Black,803.2,329.4,False,2
platinum,793,95,0,Black,147.2,387.4,False,2
platinum,793,96,0,Black,1180.6,344.2,False,2
platinum,793,98,0,Black,1096.2,551.6,False,2
platinum,793,99,0,Black,1160.3,256.2,False,2
platinum,794,88,0,Black,724.9,270.8,False,2
platinum,794,91,0,Black,226.2,637.6,False,2
platinum,794,93,0,Black,800.7,328.6,False,2
platinum,794,95,0,Black,148.4,387.7,False,2
platinum,794,96,0,Black,1179.8,342.8,False,2
platinum,794,98,0,Black,1096.5,552.2,False,2
platinum,794,99,0,Black,1160.8,258.3,False,2
platinum,795,91,0,Black,230.4,631.5,False,2
platinum,795,93,0,Black,798.2,327.7,False,2
platinum,795,95,0,Black,149.7,387.9,False,2
platinum,795,96,0,Black,1179.0,341.5,False,2
platinum,795,98,0,Black,1096.9,552.2,False,2
platinum,795,99,0,Black,1161.4,260.3,False,2
platinum,796,91,0,Black,235.4,630.0,False,2
platinum,796,93,0,Black,795.7,326.9,False,2
platinum,796,95,0,Black,151.0,388.2,False,2
platinum,796,98,0,Black,1095.5,552.1,False,2
platinum,796,99,0,Black,1161.9,262.4,False,2
platinum,797,91,0,Black,241.1,626.8,False,2
platinum,797,93,0,Black,793.2,326.0,False,2
platinum,797,95,0,Black,152.2,388.4,False,2
platinum,797,98,0,Black,1094.9,551.7,False,2
platinum,797,99,0,Black,1162.5,264.5,False,2
platinum,798,91,0,Black,243.8,623.0,False,2
platinum,798,93,0,Black,790.7,325.2,False,2
platinum,798,95,0,Black,153.5,388.6,False,2
platinum,798,98,0,Black,1096.0,548.9,False,2
platinum,798,99,0,Black,1163.0,266.5,False,2
platinum,798,100,-1,Unknown,1044.5,373.5,False,2
platinum,799,91,0,Black,245.4,619.4,False,2
platinum,799,93,0,Black,788.2,324.3,False,2
platinum,799,95,0,Black,154.8,388.9,False,2
platinum,799,98,0,Black,1095.8,547.2,False,2
platinum,799,99,0,Black,1163.6,268.6,False,2
platinum,799,100,-1,Unknown,1042.0,373.5,False,2
platinum,800,91,0,Black,247.1,618.4,False,2
platinum,800,95,0,Black,156.0,389.1,False,2
platinum,800,98,0,Black,1096.3,546.9,False,2
platinum,800,99,0,Black,1164.1,270.6,False,2
platinum,800,100,-1,Unknown,1046.6,370.7,False,2
platinum,801,91,0,Black,250.8,616.4,False,2
platinum,801,95,0,Black,157.3,389.4,False,2
platinum,801,98,0,Black,1095.2,546.5,False,2
platinum,801,99,0,Black,1164.7,272.7,False,2
platinum,801,100,-1,Unknown,1049.8,368.4,False,2
platinum,802,91,0,Black,254.5,614.3,False,2
platinum,802,95,0,Black,158.6,389.6,False,2
platinum,802,98,0,Black,1094.5,547.0,False,2
platinum,802,99,0,Black,1165.2,274.8,False,2
platinum,802,100,0,Black,1048.8,374.4,False,2
platinum,803,91,0,Black,258.2,612.3,False,2
platinum,803,95,0,Black,159.8,389.8,False,2
platinum,803,98,0,Black,1097.4,546.9,False,2
platinum,803,99,0,Black,1165.7,276.8,False,2
platinum,803,100,0,Black,1050.5,374.2,False,2
platinum,804,91,0,Black,262.4,616.2,False,2
platinum,804,95,0,Black,161.1,390.1,False,2
platinum,804,98,0,Black,1104.1,546.9,False,2
platinum,804,99,0,Black,1166.3,278.9,False,2
platinum,804,100,0,Black,1052.3,374.6,False,2
platinum,805,91,0,Black,266.1,614.6,False,2
platinum,805,95,0,Black,162.4,390.3,False,2
platinum,805,98,0,Black,1103.0,547.2,False,2
platinum,805,99,0,Black,1166.8,281.0,False,2
platinum,805,100,0,Black,1054.0,375.0,False,2
platinum,805,101,-1,Unknown,308.0,432.0,False,2
platinum,806,91,0,Black,264.9,615.4,False,2
platinum,806,95,0,Black,163.7,390.6,False,2
platinum,806,98,0,Black,1101.0,546.7,False,2
platinum,806,99,0,Black,1167.4,283.0,False,2
platinum,806,100,0,Black,1055.8,375.3,False,2
platinum,806,101,-1,Unknown,308.0,432.0,False,2
platinum,807,91,0,Black,264.4,609.6,False,2
platinum,807,95,0,Black,164.9,390.8,False,2
platinum,807,98,0,Black,1101.4,546.4,False,2
platinum,807,99,0,Black,1167.9,285.1,False,2
platinum,807,100,0,Black,1057.6,375.7,False,2
platinum,807,101,-1,Unknown,308.0,432.0,False,2
platinum,807,102,-1,Unknown,1082.0,284.0,False,2
platinum,808,91,0,Black,264.8,606.3,False,2
platinum,808,95,0,Black,97.5,413.2,False,2
platinum,808,98,0,Black,1101.9,546.2,False,2
platinum,808,99,0,Black,1168.5,287.1,False,2
platinum,808,100,0,Black,1059.3,376.1,False,2
platinum,808,101,-1,Unknown,295.0,441.0,False,2
platinum,808,102,-1,Unknown,1082.0,284.0,False,2
platinum,809,91,0,Black,263.3,607.4,False,2
platinum,809,95,0,Black,94.1,411.1,False,2
platinum,809,98,0,Black,1102.3,545.9,False,2
platinum,809,99,0,Black,1169.0,289.2,False,2
platinum,809,100,0,Black,1061.1,376.5,False,2
platinum,809,101,-1,Unknown,299.8,440.8,False,2
platinum,809,102,-1,Unknown,1082.0,284.0,False,2
platinum,809,103,0,Black,164.0,440.0,False,2
platinum,810,91,0,Black,264.6,607.2,False,2
platinum,810,95,0,Black,93.9,410.7,False,2
platinum,810,98,0,Black,1102.7,545.7,False,2
platinum,810,99,0,Black,1169.6,291.3,False,2
platinum,810,100,0,Black,1062.9,376.8,False,2
platinum,810,101,-1,Unknown,297.6,441.3,False,2
platinum,810,102,-1,Unknown,1082.0,284.0,False,2
platinum,810,103,0,Black,174.5,438.0,False,2
platinum,811,91,0,Black,267.6,606.2,False,2
platinum,811,95,0,Black,93.6,412.9,False,2
platinum,811,98,0,Black,1103.2,545.4,False,2
platinum,811,99,0,Black,1170.1,293.3,False,2
platinum,811,100,0,Black,1064.6,377.2,False,2
platinum,811,101,-1,Unknown,296.6,442.5,False,2
platinum,811,102,-1,Unknown,1082.0,284.0,False,2
platinum,811,103,0,Black,179.4,435.1,False,2
platinum,812,91,0,Black,271.3,604.9,False,2
platinum,812,95,0,Black,91.7,413.9,False,2
platinum,812,98,0,Black,1103.6,545.2,False,2
platinum,812,99,0,Black,1170.6,295.4,False,2
platinum,812,100,0,Black,1066.4,377.6,False,2
platinum,812,101,-1,Unknown,295.7,443.6,False,2
platinum,812,102,-1,Unknown,1082.0,284.0,False,2
platinum,812,103,0,Black,187.6,432.9,False,2
platinum,813,91,0,Black,274.2,601.9,False,2
platinum,813,95,0,Black,95.0,434.7,False,2
platinum,813,98,0,Black,1104.1,544.9,False,2
platinum,813,99,0,Black,1171.2,297.5,False,2
platinum,813,100,0,Black,1068.2,377.9,False,2
platinum,813,101,-1,Unknown,294.7,444.8,False,2
platinum,813,102,-1,Unknown,1112.5,307.0,False,2
platinum,813,103,0,Black,198.1,436.3,False,2
platinum,814,91,0,Black,276.3,598.1,False,2
platinum,814,95,0,Black,93.6,437.6,False,2
platinum,814,98,0,Black,1104.5,544.7,False,2
platinum,814,100,0,Black,1069.9,378.3,False,2
platinum,814,101,-1,Unknown,293.8,446.0,False,2
platinum,814,102,-1,Unknown,1116.0,306.5,False,2
platinum,814,103,0,Black,193.1,439.3,False,2
platinum,815,91,0,Black,276.9,595.5,False,2
platinum,815,95,0,Black,92.1,440.4,False,2
platinum,815,98,0,Black,1105.0,544.4,False,2
platinum,815,100,0,Black,1071.7,378.7,False,2
platinum,815,101,-1,Unknown,292.8,447.2,False,2
platinum,815,102,-1,Unknown,1116.3,305.5,False,2
platinum,815,103,0,Black,169.7,437.5,False,2
platinum,816,91,0,Black,279.2,593.6,False,2
platinum,816,95,0,Black,90.7,443.3,False,2
platinum,816,98,0,Black,1105.4,544.2,False,2
platinum,816,100,0,Black,1073.5,379.0,False,2
platinum,816,101,-1,Unknown,291.9,448.3,False,2
platinum,816,102,0,Black,1115.1,306.1,False,2
platinum,816,103,0,Black,168.2,437.5,False,2
platinum,817,91,0,Black,281.5,591.8,False,2
platinum,817,95,0,Black,89.3,446.2,False,2
platinum,817,98,0,Black,1105.9,543.9,False,2
platinum,817,100,0,Black,1075.2,379.4,False,2
platinum,817,101,-1,Unknown,290.9,449.5,False,2
platinum,817,102,0,Black,1115.9,306.2,False,2
platinum,817,103,0,Black,166.6,437.6,False,2
platinum,818,91,0,Black,284.4,592.5,False,2
platinum,818,95,0,Black,87.9,449.0,False,2
platinum,818,98,0,Black,1106.3,543.7,False,2
platinum,818,100,0,Black,1077.0,379.8,False,2
platinum,818,101,-1,Unknown,290.0,450.7,False,2
platinum,818,102,0,Black,1114.0,307.5,False,2
platinum,818,103,0,Black,165.1,437.6,False,2
platinum,819,91,0,Black,286.7,590.9,False,2
platinum,819,95,0,Black,86.4,451.9,False,2
platinum,819,98,0,Black,1106.8,543.5,False,2
platinum,819,100,0,Black,1078.7,380.1,False,2
platinum,819,101,-1,Unknown,289.0,451.9,False,2
platinum,819,102,0,Black,1115.7,308.9,False,2
platinum,819,103,0,Black,163.5,437.6,False,2
platinum,820,91,0,Black,289.1,589.2,False,2
platinum,820,95,0,Black,85.0,454.8,False,2
platinum,820,98,0,Black,1107.2,543.2,False,2
platinum,820,100,0,Black,1080.5,380.5,False,2
platinum,820,101,-1,Unknown,288.0,453.0,False,2
platinum,820,102,0,Black,1117.4,310.3,False,2
platinum,820,103,0,Black,162.0,437.7,False,2
platinum,821,91,0,Black,291.5,590.5,False,2
platinum,821,95,0,Black,83.6,457.6,False,2
platinum,821,98,0,Black,1107.6,543.0,False,2
platinum,821,100,0,Black,1082.3,380.9,False,2
platinum,821,101,-1,Unknown,287.1,454.2,False,2
platinum,821,102,0,Black,1119.1,311.7,False,2
platinum,821,103,0,Black,160.4,437.7,False,2
platinum,822,91,0,Black,294.3,590.7,False,2
platinum,822,95,0,Black,82.2,460.5,False,2
platinum,822,98,0,Black,1108.1,542.7,False,2
platinum,822,100,0,Black,1084.0,381.3,False,2
platinum,822,101,-1,Unknown,286.1,455.4,False,2
platinum,822,102,0,Black,1120.8,313.1,False,2
platinum,822,103,0,Black,158.9,437.8,False,2
platinum,823,91,0,Black,295.6,592.4,False,2
platinum,823,95,0,Black,80.8,463.4,False,2
platinum,823,98,0,Black,1108.5,542.5,False,2
platinum,823,100,0,Black,1085.8,381.6,False,2
platinum,823,101,-1,Unknown,285.2,456.6,False,2
platinum,823,102,0,Black,1122.5,314.5,False,2
platinum,823,103,0,Black,157.3,437.8,False,2
platinum,824,91,0,Black,296.3,591.2,False,2
platinum,824,95,0,Black,79.3,466.2,False,2
platinum,824,98,0,Black,1109.0,542.2,False,2
platinum,824,101,-1,Unknown,284.2,457.7,False,2
platinum,824,102,0,Black,1124.2,315.8,False,2
platinum,824,103,0,Black,155.8,437.8,False,2
platinum,825,91,0,Black,300.4,590.0,False,2
platinum,825,95,0,Black,77.9,469.1,False,2
platinum,825,98,0,Black,1109.4,542.0,False,2
platinum,825,101,-1,Unknown,283.3,458.9,False,2
platinum,825,102,0,Black,1125.9,317.2,False,2
platinum,825,103,0,Black,251.8,412.1,False,2
platinum,826,91,0,Black,302.3,587.4,False,2
platinum,826,95,0,Black,76.5,472.0,False,2
platinum,826,98,0,Black,1109.9,541.7,False,2
platinum,826,101,-1,Unknown,282.3,460.1,False,2
platinum,826,102,0,Black,1127.6,318.6,False,2
platinum,826,103,0,Black,257.6,410.2,False,2
platinum,826,104,0,Black,1119.0,307.0,False,2
platinum,827,91,0,Black,304.6,586.2,False,2
platinum,827,95,0,Black,75.1,474.9,False,2
platinum,827,101,-1,Unknown,281.4,461.3,False,2
platinum,827,102,0,Black,1129.3,320.0,False,2
platinum,827,103,0,Black,263.5,408.3,False,2
platinum,827,104,0,Black,1124.5,306.0,False,2
platinum,828,91,0,Black,307.0,585.4,False,2
platinum,828,95,0,Black,73.6,477.7,False,2
platinum,828,101,-1,Unknown,280.4,462.4,False,2
platinum,828,102,0,Black,1131.0,321.4,False,2
platinum,828,103,0,Black,269.3,406.3,False,2
platinum,828,104,0,Black,1124.4,305.9,False,2
platinum,829,91,0,Black,309.3,584.2,False,2
platinum,829,95,0,Black,72.2,480.6,False,2
platinum,829,101,-1,Unknown,279.4,463.6,False,2
platinum,829,102,0,Black,1132.7,322.8,False,2
platinum,829,103,0,Black,275.2,404.4,False,2
platinum,829,104,0,Black,1125.3,305.7,False,2
platinum,830,91,0,Black,311.6,583.1,False,2
platinum,830,95,0,Black,70.8,483.5,False,2
platinum,830,101,-1,Unknown,278.5,464.8,False,2
platinum,830,102,0,Black,1134.4,324.2,False,2
platinum,830,103,0,Black,330.6,401.1,False,2
platinum,830,104,0,Black,1126.2,305.5,False,2
platinum,831,91,0,Black,313.8,582.0,False,2
platinum,831,95,0,Black,69.4,486.3,False,2
platinum,831,102,0,Black,1136.1,325.5,False,2
platinum,831,103,0,Black,340.4,399.1,False,2
platinum,831,104,0,Black,1127.1,305.2,False,2
platinum,831,105,-1,Unknown,148.5,395.5,False,2
platinum,832,91,0,Black,316.1,580.8,False,2
platinum,832,95,0,Black,68.0,489.2,False,2
platinum,832,102,0,Black,1137.8,326.9,False,2
platinum,832,103,0,Black,350.1,397.1,False,2
platinum,832,104,0,Black,1162.2,301.6,False,2
platinum,832,105,-1,Unknown,148.5,395.5,False,2
platinum,833,91,0,Black,313.5,581.3,True,3
platinum,833,95,0,Black,66.5,492.1,False,3
platinum,833,102,0,Black,1139.5,328.3,False,3
platinum,833,103,0,Black,359.9,395.1,False,3
platinum,833,104,0,Black,1174.8,301.3,False,3
platinum,833,105,-1,Unknown,148.5,395.5,False,3
platinum,834,91,0,Black,315.4,580.3,False,3
platinum,834,102,0,Black,1141.2,329.7,False,3
platinum,834,103,0,Black,369.7,393.0,False,3
platinum,834,104,0,Black,1181.1,302.2,False,3
platinum,834,105,-1,Unknown,148.5,395.5,False,3
platinum,834,106,-1,Unknown,1118.0,305.5,False,3
platinum,834,107,-1,Unknown,1147.0,303.5,False,3
platinum,835,91,0,Black,317.4,579.3,False,3
platinum,835,102,0,Black,1142.9,331.1,False,3
platinum,835,103,0,Black,379.4,391.0,False,3
platinum,835,104,0,Black,1188.8,301.9,False,3
platinum,835,105,-1,Unknown,148.5,395.5,False,3
platinum,835,106,-1,Unknown,1117.0,301.5,False,3
platinum,835,107,-1,Unknown,1147.0,303.5,False,3
platinum,836,91,0,Black,319.3,578.3,False,3
platinum,836,102,0,Black,1144.6,332.5,False,3
platinum,836,103,0,Black,389.2,389.0,False,3
platinum,836,104,0,Black,1203.1,301.8,False,3
platinum,836,105,-1,Unknown,148.5,395.5,False,3
platinum,836,106,-1,Unknown,1116.0,297.5,False,3
platinum,836,107,-1,Unknown,1130.5,301.5,False,3
platinum,837,91,0,Black,321.2,577.3,False,3
platinum,837,102,0,Black,1146.3,333.8,False,3
platinum,837,103,0,Black,398.9,387.0,False,3
platinum,837,104,0,Black,1209.7,301.8,False,3
platinum,837,105,-1,Unknown,148.5,395.5,False,3
platinum,837,106,-1,Unknown,1115.0,293.5,False,3
platinum,837,107,-1,Unknown,1119.4,302.2,False,3
platinum,837,108,-1,Unknown,927.0,346.0,False,3
platinum,838,91,0,Black,323.1,576.2,False,3
platinum,838,102,0,Black,1148.0,335.2,False,3
platinum,838,103,0,Black,408.7,384.9,False,3
platinum,838,104,0,Black,1199.5,301.8,False,3
platinum,838,105,-1,Unknown,148.5,395.5,False,3
platinum,838,106,-1,Unknown,1114.0,289.5,False,3
platinum,838,107,-1,Unknown,1109.5,302.3,False,3
platinum,838,108,-1,Unknown,927.0,346.0,False,3
platinum,839,91,0,Black,325.0,575.2,False,3
platinum,839,103,0,Black,418.5,382.9,False,3
platinum,839,104,0,Black,1206.4,302.8,False,3
platinum,839,105,-1,Unknown,148.5,395.5,False,3
platinum,839,106,-1,Unknown,1113.0,285.5,False,3
platinum,839,107,-1,Unknown,1099.6,302.3,False,3
platinum,839,108,-1,Unknown,928.5,350.0,False,3
platinum,840,91,0,Black,327.0,574.2,False,3
platinum,840,103,0,Black,428.2,380.9,False,3
platinum,840,104,0,Black,1209.3,302.9,False,3
platinum,840,105,-1,Unknown,131.0,385.5,False,3
platinum,840,106,-1,Unknown,1112.0,281.5,False,3
platinum,840,107,-1,Unknown,1089.7,302.3,False,3
platinum,840,108,-1,Unknown,929.2,352.0,False,3
platinum,841,91,0,Black,328.9,573.2,False,3
platinum,841,103,0,Black,438.0,378.9,False,3
platinum,841,104,0,Black,1215.5,302.7,False,3
platinum,841,105,-1,Unknown,129.1,384.4,False,3
platinum,841,106,-1,Unknown,1111.0,277.5,False,3
platinum,841,107,-1,Unknown,1079.7,302.4,False,3
platinum,841,108,-1,Unknown,927.6,353.1,False,3
platinum,842,91,0,Black,330.8,572.2,False,3
platinum,842,103,0,Black,447.7,376.9,False,3
platinum,842,104,0,Black,1211.5,306.0,False,3
platinum,842,105,-1,Unknown,127.8,390.4,False,3
platinum,842,106,-1,Unknown,1110.0,273.5,False,3
platinum,842,107,-1,Unknown,1069.8,302.4,False,3
platinum,842,108,-1,Unknown,925.9,355.3,False,3
platinum,843,91,0,Black,332.7,571.1,False,3
platinum,843,103,0,Black,457.5,374.8,False,3
platinum,843,104,0,Black,1211.8,307.4,False,3
platinum,843,105,-1,Unknown,126.0,390.4,False,3
platinum,843,106,-1,Unknown,1109.0,269.5,False,3
platinum,843,107,-1,Unknown,1059.9,302.4,False,3
platinum,843,108,-1,Unknown,925.3,357.1,False,3
platinum,844,91,0,Black,334.6,570.1,False,3
platinum,844,103,0,Black,467.3,372.8,False,3
platinum,844,104,0,Black,1216.5,307.7,False,3
platinum,844,105,-1,Unknown,124.2,390.4,False,3
platinum,844,106,-1,Unknown,1108.0,265.5,False,3
platinum,844,107,-1,Unknown,1049.9,302.5,False,3
platinum,844,108,0,Black,928.3,357.7,False,3
platinum,845,91,0,Black,336.6,569.1,False,3
platinum,845,103,0,Black,477.0,370.8,False,3
platinum,845,104,0,Black,1221.2,308.0,False,3
platinum,845,105,-1,Unknown,122.3,390.3,False,3
platinum,845,106,-1,Unknown,1107.0,261.5,False,3
platinum,845,107,-1,Unknown,1040.0,302.5,False,3
platinum,845,108,0,Black,928.8,357.0,False,3
platinum,846,91,0,Black,338.5,568.1,False,3
platinum,846,103,0,Black,374.3,413.8,False,3
platinum,846,104,0,Black,1226.0,308.3,False,3
platinum,846,105,0,Black,131.8,394.5,False,3
platinum,846,106,-1,Unknown,1106.0,257.6,False,3
platinum,846,107,-1,Unknown,1030.1,302.5,False,3
platinum,846,108,0,Black,928.3,357.7,False,3
platinum,847,91,0,Black,340.4,567.1,False,3
platinum,847,103,0,Black,378.3,414.0,False,3
platinum,847,104,0,Black,1230.7,308.6,False,3
platinum,847,105,0,Black,135.2,397.8,False,3
platinum,847,106,-1,Unknown,1105.0,253.6,False,3
platinum,847,107,-1,Unknown,1020.1,302.6,False,3
platinum,847,108,0,Black,927.8,357.6,False,3
platinum,848,91,0,Black,342.3,566.1,False,3
platinum,848,103,0,Black,382.3,414.3,False,3
platinum,848,104,0,Black,1235.4,308.9,False,3
platinum,848,105,0,Black,135.4,399.2,False,3
platinum,848,106,-1,Unknown,1104.0,249.6,False,3
platinum,848,107,-1,Unknown,1010.2,302.6,False,3
platinum,848,108,0,Black,926.6,356.1,False,3
platinum,848,109,0,Black,1036.0,328.5,False,3
platinum,849,91,0,Black,344.2,565.0,False,3
platinum,849,103,0,Black,386.4,414.6,False,3
platinum,849,104,0,Black,1240.1,309.2,False,3
platinum,849,105,0,Black,135.4,396.4,False,3
platinum,849,106,-1,Unknown,1103.0,245.6,False,3
platinum,849,107,-1,Unknown,1000.3,302.7,False,3
platinum,849,108,0,Black,926.5,354.2,False,3
platinum,849,109,0,Black,1040.0,328.0,False,3
platinum,850,91,0,Black,346.2,564.0,False,3
platinum,850,103,0,Black,390.4,414.9,False,3
platinum,850,104,0,Black,1244.8,309.5,False,3
platinum,850,105,0,Black,137.4,394.3,False,3
platinum,850,106,-1,Unknown,1102.0,241.6,False,3
platinum,850,107,-1,Unknown,990.3,302.7,False,3
platinum,850,108,0,Black,924.8,353.2,False,3
platinum,850,109,0,Black,1044.0,327.5,False,3
platinum,851,91,0,Black,348.1,563.0,False,3
platinum,851,103,0,Black,399.0,402.3,False,3
platinum,851,104,0,Black,1249.5,309.8,False,3
platinum,851,105,0,Black,141.5,395.8,False,3
platinum,851,106,-1,Unknown,1101.0,237.6,False,3
platinum,851,107,-1,Unknown,980.4,302.7,False,3
platinum,851,108,0,Black,924.4,353.3,False,3
platinum,851,109,0,Black,1048.0,327.0,False,3
platinum,851,110,-1,Unknown,759.0,493.5,False,3
platinum,852,91,0,Black,350.0,562.0,False,3
platinum,852,103,0,Black,402.4,401.9,False,3
platinum,852,104,0,Black,1254.2,310.1,False,3
platinum,852,105,0,Black,146.6,395.1,False,3
platinum,852,106,-1,Unknown,1100.0,233.6,False,3
platinum,852,107,-1,Unknown,970.5,302.8,False,3
platinum,852,108,0,Black,925.6,354.3,False,3
platinum,852,109,0,Black,1052.0,326.5,False,3
platinum,852,110,-1,Unknown,759.0,493.5,False,3
platinum,853,91,0,Black,351.9,561.0,False,3
platinum,853,103,0,Black,406.7,401.2,False,3
platinum,853,104,0,Black,1258.9,310.3,False,3
platinum,853,105,0,Black,147.6,395.3,False,3
platinum,853,106,-1,Unknown,1099.0,229.6,False,3
platinum,853,107,-1,Unknown,960.5,302.8,False,3
platinum,853,108,0,Black,925.1,353.2,False,3
platinum,853,109,0,Black,1049.0,313.1,False,3
platinum,853,110,-1,Unknown,759.0,493.5,False,3
platinum,854,103,0,Black,411.0,400.5,False,3
platinum,854,104,0,Black,1263.6,310.6,False,3
platinum,854,105,0,Black,148.6,395.5,False,3
platinum,854,106,-1,Unknown,1098.0,225.6,False,3
platinum,854,107,-1,Unknown,950.6,302.8,False,3
platinum,854,108,0,Black,928.9,351.4,False,3
platinum,854,109,0,Black,1040.0,316.5,False,3
platinum,854,110,-1,Unknown,759.0,493.5,False,3
platinum,855,103,0,Black,415.3,399.8,False,3
platinum,855,104,0,Black,1268.3,310.9,False,3
platinum,855,105,0,Black,149.6,395.7,False,3
platinum,855,106,-1,Unknown,1097.0,221.6,False,3
platinum,855,107,-1,Unknown,940.7,302.9,False,3
platinum,855,108,0,Black,929.1,351.3,False,3
platinum,855,109,0,Black,1019.3,319.7,False,3
platinum,855,110,-1,Unknown,759.0,493.5,False,3
platinum,856,103,0,Black,419.6,399.2,False,3
platinum,856,104,0,Black,1273.0,311.2,False,3
platinum,856,105,0,Black,182.6,412.2,False,3
platinum,856,107,-1,Unknown,930.7,302.9,False,3
platinum,856,108,0,Black,929.5,350.3,False,3
platinum,856,109,0,Black,1034.7,308.9,False,3
platinum,856,110,-1,Unknown,759.0,493.5,False,3
platinum,856,111,-1,Unknown,1191.0,311.0,False,3
platinum,857,103,0,Black,340.8,412.1,False,3
platinum,857,104,0,Black,1277.7,311.5,False,3
platinum,857,105,0,Black,186.3,413.8,False,3
platinum,857,107,-1,Unknown,920.8,302.9,False,3
platinum,857,108,0,Black,926.2,351.4,False,3
platinum,857,109,0,Black,1034.0,306.2,False,3
platinum,857,110,-1,Unknown,759.0,493.5,False,3
platinum,857,111,-1,Unknown,1191.0,311.0,False,3
platinum,858,103,0,Black,333.4,414.5,False,3
platinum,858,104,0,Black,1282.4,311.8,False,3
platinum,858,105,0,Black,190.0,415.4,False,3
platinum,858,108,0,Black,924.4,352.7,False,3
platinum,858,109,0,Black,1056.2,296.3,False,3
platinum,858,110,-1,Unknown,759.0,493.5,False,3
platinum,858,111,-1,Unknown,1191.0,311.0,False,3
platinum,858,112,0,Black,457.5,365.5,False,3
platinum,859,103,0,Black,330.7,415.1,False,3
platinum,859,104,0,Black,1287.1,312.1,False,3
platinum,859,105,0,Black,193.7,417.0,False,3
platinum,859,108,0,Black,916.8,352.9,False,3
platinum,859,109,0,Black,1063.0,292.9,False,3
platinum,859,110,-1,Unknown,759.0,493.5,False,3
platinum,859,111,-1,Unknown,1191.0,311.0,False,3
platinum,859,112,0,Black,453.5,362.0,False,3
platinum,859,113,-1,Unknown,1059.0,519.5,False,3
platinum,860,103,0,Black,328.1,415.7,False,3
platinum,860,104,0,Black,1291.8,312.4,False,3
platinum,860,105,0,Black,197.3,418.6,False,3
platinum,860,108,0,Black,916.3,353.0,False,3
platinum,860,109,0,Black,1065.8,289.3,False,3
platinum,860,110,-1,Unknown,767.5,478.5,False,3
platinum,860,111,-1,Unknown,1205.0,312.5,False,3
platinum,860,112,0,Black,449.5,358.5,False,3
platinum,860,113,-1,Unknown,1058.5,520.5,False,3
platinum,860,114,0,Black,302.0,547.5,False,3
platinum,861,103,0,Black,325.5,412.3,False,3
platinum,861,104,0,Black,1296.5,312.7,False,3
platinum,861,105,0,Black,201.0,420.1,False,3
platinum,861,108,0,Black,914.5,353.7,False,3
platinum,861,109,0,Black,1067.0,292.2,False,3
platinum,861,110,-1,Unknown,768.4,476.8,False,3
platinum,861,111,-1,Unknown,1206.6,312.2,False,3
platinum,861,112,0,Black,467.1,360.4,False,3
platinum,861,113,-1,Unknown,1058.0,521.5,False,3
platinum,861,114,0,Black,302.0,547.5,False,3
platinum,862,103,0,Black,319.6,412.8,False,3
platinum,862,104,0,Black,1301.2,313.0,False,3
platinum,862,105,0,Black,204.7,421.7,False,3
platinum,862,108,0,Black,904.3,355.2,False,3
platinum,862,109,0,Black,1069.7,289.3,False,3
platinum,862,110,-1,Unknown,769.4,475.2,False,3
platinum,862,111,0,Black,1206.5,312.1,False,3
platinum,862,112,0,Black,472.9,359.4,False,3
platinum,862,113,-1,Unknown,1057.5,522.5,False,3
platinum,862,114,0,Black,302.0,547.5,False,3
platinum,863,103,0,Black,317.5,413.0,False,3
platinum,863,104,0,Black,1305.9,313.3,False,3
platinum,863,105,0,Black,208.4,423.3,False,3
platinum,863,108,0,Black,902.5,355.5,False,3
platinum,863,109,0,Black,1072.3,286.4,False,3
platinum,863,110,-1,Unknown,770.3,473.5,False,3
platinum,863,111,0,Black,1197.6,314.9,False,3
platinum,863,112,0,Black,474.5,352.2,False,3
platinum,863,113,-1,Unknown,1057.0,523.5,False,3
platinum,863,114,0,Black,302.0,547.5,False,3
platinum,864,103,0,Black,319.5,411.8,False,3
platinum,864,105,0,Black,212.1,424.9,False,3
platinum,864,108,0,Black,900.6,355.8,False,3
platinum,864,109,0,Black,1075.0,283.5,False,3
platinum,864,110,-1,Unknown,771.3,471.8,False,3
platinum,864,111,0,Black,1204.4,313.1,False,3
platinum,864,112,0,Black,479.2,349.6,False,3
platinum,864,113,-1,Unknown,1056.5,524.5,False,3
platinum,864,114,0,Black,302.0,547.5,False,3
platinum,865,103,0,Black,311.5,411.0,False,3
platinum,865,105,0,Black,215.8,426.5,False,3
platinum,865,108,0,Black,898.8,356.1,False,3
platinum,865,109,0,Black,1077.7,280.5,False,3
platinum,865,110,-1,Unknown,772.2,470.2,False,3
platinum,865,111,0,Black,1209.6,309.6,False,3
platinum,865,112,0,Black,478.9,347.4,False,3
platinum,865,113,-1,Unknown,1061.5,521.5,False,3
platinum,865,114,0,Black,322.0,557.0,False,3
platinum,866,103,0,Black,307.9,412.3,False,3
platinum,866,105,0,Black,219.5,428.0,False,3
platinum,866,108,0,Black,896.9,356.3,False,3
platinum,866,109,0,Black,1080.4,277.6,False,3
platinum,866,110,-1,Unknown,773.2,468.5,False,3
platinum,866,111,0,Black,1211.7,308.7,False,3
platinum,866,112,0,Black,480.8,346.7,False,3
platinum,866,113,-1,Unknown,1061.3,520.8,False,3
platinum,866,114,0,Black,323.4,556.3,False,3
platinum,867,103,0,Black,304.9,412.5,False,3
platinum,867,105,0,Black,223.1,429.6,False,3
platinum,867,108,0,Black,895.1,356.6,False,3
platinum,867,109,0,Black,1083.1,274.7,False,3
platinum,867,110,-1,Unknown,774.1,466.8,False,3
platinum,867,111,0,Black,1211.8,309.4,False,3
platinum,867,112,0,Black,478.3,346.9,False,3
platinum,867,113,-1,Unknown,1061.7,520.9,False,3
platinum,867,114,0,Black,325.1,555.0,False,3
platinum,868,103,0,Black,301.9,412.6,False,3
platinum,868,105,0,Black,226.8,431.2,False,3
platinum,868,108,0,Black,893.2,356.9,False,3
platinum,868,109,0,Black,1085.7,271.8,False,3
platinum,868,110,-1,Unknown,775.1,465.2,False,3
platinum,868,111,0,Black,1213.2,309.1,False,3
platinum,868,112,0,Black,472.6,347.0,False,3
platinum,868,113,-1,Unknown,1062.1,521.0,False,3
platinum,868,114,0,Black,327.9,555.5,False,3
platinum,869,103,0,Black,298.9,412.8,False,3
platinum,869,105,0,Black,230.5,432.8,False,3
platinum,869,108,0,Black,891.4,357.1,False,3
platinum,869,109,0,Black,1088.4,268.9,False,3
platinum,869,110,-1,Unknown,776.0,463.5,False,3
platinum,869,111,0,Black,1214.7,308.7,False,3
platinum,869,112,0,Black,474.0,345.4,False,3
platinum,869,113,-1,Unknown,1062.5,517.1,False,3
platinum,869,114,0,Black,330.8,556.0,False,3
platinum,870,103,0,Black,295.9,412.9,False,3
platinum,870,105,0,Black,234.2,434.4,False,3
platinum,870,108,0,Black,889.5,357.4,False,3
platinum,870,109,0,Black,1091.1,266.0,False,3
platinum,870,110,-1,Unknown,776.9,461.8,False,3
platinum,870,111,0,Black,1216.1,308.4,False,3
platinum,870,112,0,Black,475.5,343.8,False,3
platinum,870,113,-1,Unknown,1062.9,516.7,False,3
platinum,870,114,0,Black,333.6,556.5,False,3
platinum,871,103,0,Black,292.9,413.1,False,3
platinum,871,105,0,Black,237.9,435.9,False,3
platinum,871,108,0,Black,887.7,357.7,False,3
platinum,871,109,0,Black,1093.8,263.0,False,3
platinum,871,110,-1,Unknown,777.9,460.2,False,3
platinum,871,111,0,Black,1217.6,308.0,False,3
platinum,871,112,0,Black,477.0,342.1,False,3
platinum,871,113,-1,Unknown,1063.3,516.2,False,3
platinum,871,114,0,Black,336.5,557.0,False,3
platinum,872,103,0,Black,289.9,413.2,False,3
platinum,872,105,0,Black,241.6,437.5,False,3
platinum,872,108,0,Black,885.8,357.9,False,3
platinum,872,109,0,Black,1096.5,260.1,False,3
platinum,872,110,-1,Unknown,778.8,458.5,False,3
platinum,872,111,0,Black,1219.0,307.7,False,3
platinum,872,112,0,Black,478.4,340.5,False,3
platinum,872,113,-1,Unknown,1063.8,515.8,False,3
platinum,872,114,0,Black,339.3,557.5,False,3
platinum,873,103,0,Black,286.9,413.4,False,3
platinum,873,105,0,Black,245.3,439.1,False,3
platinum,873,108,0,Black,884.0,358.2,False,3
platinum,873,109,0,Black,1099.2,257.2,False,3
platinum,873,110,-1,Unknown,779.8,456.8,False,3
platinum,873,111,0,Black,1220.5,307.3,False,3
platinum,873,112,0,Black,479.9,338.9,False,3
platinum,873,113,-1,Unknown,1064.2,515.3,False,3
platinum,873,114,0,Black,342.2,558.0,False,3
platinum,874,103,0,Black,284.0,413.5,False,3
platinum,874,105,0,Black,249.0,440.7,False,3
platinum,874,108,0,Black,882.1,358.5,False,3
platinum,874,109,0,Black,1101.8,254.3,False,3
platinum,874,110,-1,Unknown,780.7,455.2,False,3
platinum,874,111,0,Black,1221.9,307.0,False,3
platinum,874,112,0,Black,481.4,337.2,False,3
platinum,874,113,-1,Unknown,1064.6,514.9,False,3
platinum,874,114,0,Black,345.0,558.5,False,3
platinum,875,103,0,Black,281.0,413.7,False,3
platinum,875,105,0,Black,252.6,442.3,False,3
platinum,875,108,0,Black,880.3,358.7,False,3
platinum,875,109,0,Black,1104.5,251.4,False,3
platinum,875,110,-1,Unknown,781.7,453.5,False,3
platinum,875,111,0,Black,1223.3,306.6,False,3
platinum,875,112,0,Black,482.8,335.6,False,3
platinum,875,113,-1,Unknown,1065.0,514.4,False,3
platinum,875,114,0,Black,347.9,559.0,False,3
platinum,876,103,0,Black,278.0,413.8,False,3
platinum,876,105,0,Black,256.3,443.8,False,3
platinum,876,108,0,Black,878.4,359.0,False,3
platinum,876,109,0,Black,1107.2,248.5,False,3
platinum,876,110,-1,Unknown,782.6,451.8,False,3
platinum,876,111,0,Black,1224.8,306.3,False,3
platinum,876,112,0,Black,484.3,334.0,False,3
platinum,876,113,-1,Unknown,1065.4,514.0,False,3
platinum,876,114,0,Black,350.7,559.5,False,3
platinum,876,115,-1,Unknown,1073.5,301.0,False,3
platinum,877,103,0,Black,275.0,414.0,False,3
platinum,877,108,0,Black,876.5,359.3,False,3
platinum,877,109,0,Black,1109.9,245.6,False,3
platinum,877,110,-1,Unknown,783.6,450.2,False,3
platinum,877,111,0,Black,1226.2,305.9,False,3
platinum,877,112,0,Black,485.8,332.4,False,3
platinum,877,113,-1,Unknown,1065.8,513.6,False,3
platinum,877,114,0,Black,353.6,560.0,False,3
platinum,877,115,-1,Unknown,1073.5,301.0,False,3
platinum,878,103,0,Black,272.0,414.1,False,3
platinum,878,108,0,Black,874.5,372.3,False,3
platinum,878,109,0,Black,1112.6,242.6,False,3
platinum,878,110,-1,Unknown,784.5,448.5,False,3
platinum,878,111,0,Black,1227.7,305.6,False,3
platinum,878,112,0,Black,487.3,330.7,False,3
platinum,878,113,-1,Unknown,1066.3,513.1,False,3
platinum,878,114,0,Black,356.4,560.5,False,3
platinum,878,115,-1,Unknown,1073.5,301.0,False,3
platinum,879,103,0,Black,269.0,414.3,False,3
platinum,879,108,0,Black,872.6,373.2,False,3
platinum,879,109,0,Black,1115.2,239.7,False,3
platinum,879,110,-1,Unknown,785.4,446.8,False,3
platinum,879,111,0,Black,1229.1,305.2,False,3
platinum,879,112,0,Black,488.7,329.1,False,3
platinum,879,113,-1,Unknown,1060.2,516.4,False,3
platinum,879,114,0,Black,359.3,561.0,False,3
platinum,879,115,-1,Unknown,1073.5,301.0,False,3
platinum,880,103,0,Black,266.0,414.4,False,3
platinum,880,108,0,Black,870.8,374.1,False,3
platinum,880,109,0,Black,1117.9,236.8,False,3
platinum,880,110,-1,Unknown,786.4,445.2,False,3
platinum,880,111,0,Black,1230.6,304.9,False,3
platinum,880,112,0,Black,490.2,327.5,False,3
platinum,880,113,-1,Unknown,1060.2,516.2,False,3
platinum,880,114,0,Black,362.2,561.5,False,3
platinum,880,115,-1,Unknown,1073.5,301.0,False,3
platinum,880,116,-1,Unknown,1096.0,658.5,False,3
platinum,881,103,0,Black,263.1,414.6,False,3
platinum,881,108,0,Black,868.9,375.1,False,3
platinum,881,109,0,Black,1120.6,233.9,False,3
platinum,881,111,0,Black,1232.0,304.5,False,3
platinum,881,112,0,Black,454.2,355.9,False,3
platinum,881,113,-1,Unknown,1060.1,516.0,False,3
platinum,881,114,0,Black,365.0,562.0,False,3
platinum,881,115,-1,Unknown,1073.5,301.0,False,3
platinum,881,116,-1,Unknown,1095.5,657.5,False,3
platinum,882,103,0,Black,260.1,414.7,False,3
platinum,882,108,0,Black,867.1,376.0,False,3
platinum,882,111,0,Black,1233.5,304.2,False,3
platinum,882,112,0,Black,453.5,356.1,False,3
platinum,882,113,-1,Unknown,1060.1,515.8,False,3
platinum,882,114,0,Black,367.9,562.6,False,3
platinum,882,115,-1,Unknown,1073.5,301.0,False,3
platinum,882,116,-1,Unknown,1095.5,657.4,False,3
platinum,883,103,0,Black,257.1,414.9,False,3
platinum,883,108,0,Black,865.2,376.9,False,3
platinum,883,111,0,Black,1234.9,303.9,False,3
platinum,883,112,0,Black,455.3,360.8,False,3
platinum,883,113,-1,Unknown,1064.9,516.8,False,3
platinum,883,114,0,Black,370.7,563.1,False,3
platinum,883,115,-1,Unknown,1072.0,306.5,False,3
platinum,883,116,0,Black,1094.6,657.5,False,3
platinum,884,103,0,Black,254.1,415.0,False,3
platinum,884,108,0,Black,863.3,377.8,False,3
platinum,884,111,0,Black,1236.4,303.5,False,3
platinum,884,112,0,Black,453.6,356.7,False,3
platinum,884,113,-1,Unknown,1064.4,517.6,False,3
platinum,884,114,0,Black,373.6,563.6,False,3
platinum,884,115,-1,Unknown,1069.8,307.8,False,3
platinum,884,116,0,Black,1093.6,657.5,False,3
platinum,885,103,0,Black,251.1,415.2,False,3
platinum,885,108,0,Black,861.5,378.7,False,3
platinum,885,111,0,Black,1237.8,303.2,False,3
platinum,885,112,0,Black,454.3,355.3,False,3
platinum,885,113,-1,Unknown,1064.7,517.6,False,3
platinum,885,114,0,Black,376.4,564.1,False,3
platinum,885,115,-1,Unknown,1068.3,308.6,False,3
platinum,885,116,0,Black,1093.0,657.4,False,3
platinum,886,103,0,Black,248.1,415.3,False,3
platinum,886,108,0,Black,859.6,379.7,False,3
platinum,886,111,0,Black,1239.3,302.8,False,3
platinum,886,112,0,Black,453.8,355.3,False,3
platinum,886,113,-1,Unknown,1065.0,517.6,False,3
platinum,886,114,0,Black,379.3,564.6,False,3
platinum,886,115,-1,Unknown,1067.6,309.4,False,3
platinum,886,116,0,Black,1092.3,657.3,False,3
platinum,887,108,0,Black,857.7,380.6,False,3
platinum,887,111,0,Black,1240.7,302.5,False,3
platinum,887,112,0,Black,453.2,355.3,False,3
platinum,887,113,-1,Unknown,1063.4,513.7,False,3
platinum,887,114,0,Black,382.1,565.1,False,3
platinum,887,115,-1,Unknown,1066.8,310.3,False,3
platinum,887,116,0,Black,1091.6,657.3,False,3
platinum,888,108,0,Black,855.9,381.5,False,3
platinum,888,112,0,Black,452.7,355.3,False,3
platinum,888,113,-1,Unknown,1063.5,513.4,False,3
platinum,888,115,-1,Unknown,1066.0,311.1,False,3
platinum,888,116,0,Black,1091.0,657.2,False,3
platinum,889,108,0,Black,854.0,382.4,False,3
platinum,889,112,0,Black,452.2,355.3,False,3
platinum,889,113,-1,Unknown,1063.6,513.1,False,3
platinum,889,115,-1,Unknown,1065.2,312.0,False,3
platinum,889,116,0,Black,1090.3,657.1,False,3
platinum,890,108,0,Black,852.2,383.3,False,3
platinum,890,112,0,Black,451.6,355.2,False,3
platinum,890,113,-1,Unknown,1063.7,512.7,False,3
platinum,890,115,-1,Unknown,1064.4,312.9,False,3
platinum,890,116,0,Black,1089.6,657.1,False,3
platinum,891,108,0,Black,850.3,384.3,False,3
platinum,891,112,0,Black,451.1,355.2,False,3
platinum,891,113,-1,Unknown,1063.9,512.4,False,3
platinum,891,115,-1,Unknown,1045.0,297.4,False,3
platinum,891,116,0,Black,1089.0,657.0,False,3
platinum,892,108,0,Black,848.4,385.2,False,3
platinum,892,112,0,Black,450.6,355.2,False,3
platinum,892,113,-1,Unknown,1064.0,512.0,False,3
platinum,892,115,0,Black,1040.0,296.9,False,3
platinum,892,116,0,Black,1088.3,656.9,False,3
platinum,893,108,0,Black,846.6,386.1,False,3
platinum,893,112,0,Black,450.1,355.2,False,3
platinum,893,113,-1,Unknown,1064.1,511.7,False,3
platinum,893,115,0,Black,1037.4,296.7,False,3
platinum,893,116,0,Black,1087.6,656.9,False,3
platinum,894,108,0,Black,956.2,364.4,False,3
platinum,894,112,0,Black,449.5,355.2,False,3
platinum,894,113,-1,Unknown,1064.2,511.4,False,3
platinum,894,115,0,Black,1035.1,297.6,False,3
platinum,894,116,0,Black,1087.0,656.8,False,3
platinum,895,108,0,Black,958.6,363.7,False,3
platinum,895,112,0,Black,449.0,355.2,False,3
platinum,895,113,-1,Unknown,1064.4,511.0,False,3
platinum,895,115,0,Black,1031.1,298.0,False,3
platinum,895,116,0,Black,1086.3,656.8,False,3
platinum,896,108,0,Black,962.4,363.4,False,3
platinum,896,112,0,Black,448.5,355.1,False,3
platinum,896,113,-1,Unknown,1064.5,510.7,False,3
platinum,896,115,0,Black,1026.1,297.5,False,3
platinum,896,116,0,Black,1085.6,656.7,False,3
platinum,897,108,0,Black,966.1,363.1,False,3
platinum,897,112,0,Black,447.9,355.1,False,3
platinum,897,113,-1,Unknown,1064.6,510.3,False,3
platinum,897,115,0,Black,1020.3,295.7,False,3
platinum,897,116,0,Black,1085.0,656.6,False,3
platinum,898,108,0,Black,969.9,362.9,False,3
platinum,898,112,0,Black,447.4,355.1,False,3
platinum,898,113,-1,Unknown,1064.7,510.0,False,3
platinum,898,115,0,Black,1016.6,294.4,False,3
platinum,898,116,0,Black,1084.3,656.6,False,3
platinum,899,108,0,Black,973.6,362.6,False,3
platinum,899,112,0,Black,446.9,355.1,False,3
platinum,899,113,-1,Unknown,1064.8,509.7,False,3
platinum,899,115,0,Black,1012.4,292.9,False,3
platinum,899,116,0,Black,1083.6,656.5,False,3
platinum,900,108,0,Black,977.5,364.7,False,3
platinum,900,112,0,Black,446.4,355.1,False,3
platinum,900,113,-1,Unknown,1065.0,509.3,False,3
platinum,900,115,0,Black,1006.7,292.4,False,3
platinum,900,116,0,Black,1082.9,656.4,False,3
platinum,900,117,0,Black,198.0,361.5,False,3
platinum,901,108,0,Black,981.2,364.7,False,3
platinum,901,112,0,Black,445.8,355.1,False,3
platinum,901,113,-1,Unknown,1065.1,509.0,False,3
platinum,901,115,0,Black,1002.9,291.7,False,3
platinum,901,116,0,Black,1082.3,656.4,False,3
platinum,901,117,0,Black,198.0,361.5,False,3
platinum,902,108,0,Black,985.0,364.6,False,3
platinum,902,112,0,Black,445.3,355.0,False,3
platinum,902,113,-1,Unknown,1065.2,508.6,False,3
platinum,902,115,0,Black,999.2,291.0,False,3
platinum,902,116,0,Black,1081.6,656.3,False,3
platinum,902,117,0,Black,198.0,361.5,False,3
platinum,903,108,0,Black,988.8,364.5,False,3
platinum,903,112,0,Black,444.8,355.0,False,3
platinum,903,113,-1,Unknown,1065.3,508.3,False,3
platinum,903,115,0,Black,995.5,290.2,False,3
platinum,903,116,0,Black,1080.9,656.2,False,3
platinum,903,117,0,Black,198.0,361.5,False,3
platinum,904,108,0,Black,992.5,364.4,False,3
platinum,904,112,0,Black,444.2,355.0,False,3
platinum,904,113,-1,Unknown,1065.5,507.9,False,3
platinum,904,115,0,Black,991.8,289.5,False,3
platinum,904,116,0,Black,1080.3,656.2,False,3
platinum,904,117,0,Black,198.0,361.5,False,3
platinum,905,108,0,Black,996.3,364.3,False,3
platinum,905,112,0,Black,443.7,355.0,False,3
platinum,905,113,-1,Unknown,1065.6,507.6,False,3
platinum,905,115,0,Black,988.0,288.8,False,3
platinum,905,117,0,Black,198.0,361.5,False,3
platinum,906,108,0,Black,1000.0,364.3,False,3
platinum,906,113,-1,Unknown,1065.7,507.3,False,3
platinum,906,115,0,Black,984.3,288.1,False,3
platinum,906,117,0,Black,198.0,361.5,False,3
platinum,907,108,0,Black,1003.8,364.2,False,3
platinum,907,113,-1,Unknown,1065.8,506.9,False,3
platinum,907,115,0,Black,980.6,287.4,False,3
platinum,907,117,0,Black,198.0,361.5,False,3
platinum,907,118,-1,Unknown,336.5,553.0,False,3
platinum,908,108,0,Black,1007.5,364.1,False,3
platinum,908,115,0,Black,976.8,286.7,False,3
platinum,908,117,0,Black,198.0,361.5,False,3
platinum,908,118,-1,Unknown,336.5,553.0,False,3
platinum,909,108,0,Black,1011.3,364.0,False,3
platinum,909,115,0,Black,973.1,286.0,False,3
platinum,909,117,0,Black,198.0,361.5,False,3
platinum,909,118,-1,Unknown,336.5,553.0,False,3
platinum,910,108,0,Black,1015.1,363.9,False,3
platinum,910,115,0,Black,969.4,285.2,False,3
platinum,910,117,0,Black,198.0,361.5,False,3
platinum,910,118,-1,Unknown,334.5,554.0,False,3
platinum,911,108,0,Black,1018.8,363.8,False,3
platinum,911,115,0,Black,965.7,284.5,False,3
platinum,911,117,0,Black,198.0,361.5,False,3
platinum,911,118,-1,Unknown,333.8,554.3,False,3
platinum,912,108,0,Black,1022.6,363.8,False,3
platinum,912,115,0,Black,961.9,283.8,False,3
platinum,912,117,0,Black,198.0,361.5,False,3
platinum,912,118,-1,Unknown,333.2,554.7,False,3
platinum,913,108,0,Black,1026.3,363.7,False,3
platinum,913,115,0,Black,958.2,283.1,False,3
platinum,913,117,0,Black,198.0,361.5,False,3
platinum,913,118,-1,Unknown,332.5,555.0,False,3
platinum,913,119,0,Black,815.5,411.5,False,3
platinum,914,108,0,Black,992.3,373.3,False,3
platinum,914,115,0,Black,954.5,282.4,False,3
platinum,914,117,0,Black,198.0,361.5,False,3
platinum,914,118,-1,Unknown,331.8,555.3,False,3
platinum,914,119,0,Black,815.5,411.5,False,3
platinum,915,108,0,Black,989.2,373.9,False,3
platinum,915,115,0,Black,840.1,290.3,False,3
platinum,915,117,0,Black,198.0,361.5,False,3
platinum,915,118,-1,Unknown,331.2,555.7,False,3
platinum,915,119,0,Black,815.5,411.5,False,3
platinum,915,120,-1,Unknown,653.5,517.5,False,3
platinum,916,108,0,Black,992.8,373.1,False,3
platinum,916,115,0,Black,835.3,290.0,False,3
platinum,916,117,0,Black,198.0,361.5,False,3
platinum,916,118,-1,Unknown,330.5,556.0,False,3
platinum,916,119,0,Black,815.5,411.5,False,3
platinum,916,120,-1,Unknown,665.0,518.5,False,3
platinum,917,108,0,Black,994.3,373.5,False,3
platinum,917,115,0,Black,826.1,289.8,False,3
platinum,917,117,0,Black,198.0,361.5,False,3
platinum,917,118,-1,Unknown,329.8,556.3,False,3
platinum,917,119,0,Black,815.5,411.5,False,3
platinum,917,120,-1,Unknown,679.3,521.4,False,3
platinum,918,108,0,Black,970.1,387.8,False,3
platinum,918,115,0,Black,816.9,289.5,False,3
platinum,918,117,0,Black,198.0,361.5,False,3
platinum,918,118,-1,Unknown,329.2,556.7,False,3
platinum,918,119,0,Black,815.5,411.5,False,3
platinum,918,120,-1,Unknown,693.1,523.9,False,3
platinum,919,108,0,Black,969.3,389.5,False,3
platinum,919,115,0,Black,807.6,289.2,False,3
platinum,919,117,0,Black,198.0,361.5,False,3
platinum,919,118,-1,Unknown,328.5,557.0,False,3
platinum,919,119,0,Black,815.5,411.5,False,3
platinum,919,120,-1,Unknown,700.9,528.8,False,3
platinum,920,108,0,Black,971.2,391.8,False,3
platinum,920,115,0,Black,814.3,291.6,False,3
platinum,920,117,0,Black,198.0,361.5,False,3
platinum,920,118,-1,Unknown,327.8,557.3,False,3
platinum,920,119,0,Black,815.5,411.5,False,3
platinum,920,120,-1,Unknown,712.5,529.4,False,3
platinum,920,121,-1,Unknown,786.5,294.5,False,3
platinum,920,122,-1,Unknown,1077.0,292.0,False,3
platinum,921,108,0,Black,973.2,393.5,False,3
platinum,921,115,0,Black,806.4,291.6,False,3
platinum,921,118,-1,Unknown,327.2,557.7,False,3
platinum,921,119,0,Black,815.5,411.5,False,3
platinum,921,120,-1,Unknown,724.2,532.0,False,3
platinum,921,121,-1,Unknown,790.0,298.5,False,3
platinum,921,122,-1,Unknown,1077.0,292.0,False,3
platinum,922,108,0,Black,976.6,391.1,False,3
platinum,922,115,0,Black,798.4,291.5,False,3
platinum,922,118,-1,Unknown,326.5,558.0,False,3
platinum,922,119,0,Black,815.5,411.5,False,3
platinum,922,120,-1,Unknown,730.6,530.8,False,3
platinum,922,121,0,Black,785.5,295.0,False,3
platinum,922,122,-1,Unknown,1079.5,291.5,False,3
platinum,923,108,0,Black,988.3,387.6,False,3
platinum,923,115,0,Black,790.5,291.5,False,3
platinum,923,118,-1,Unknown,325.8,558.3,False,3
platinum,923,119,0,Black,815.5,411.5,False,3
platinum,923,120,-1,Unknown,739.3,530.4,False,3
platinum,923,121,0,Black,782.5,292.9,False,3
platinum,923,122,-1,Unknown,1080.7,291.3,False,3
platinum,924,108,0,Black,1001.2,380.0,False,3
platinum,924,115,0,Black,782.6,291.5,False,3
platinum,924,118,-1,Unknown,325.2,558.7,False,3
platinum,924,119,0,Black,815.5,411.5,False,3
platinum,924,120,-1,Unknown,747.5,529.6,False,3
platinum,924,121,0,Black,779.5,290.7,False,3
platinum,924,122,-1,Unknown,1082.0,291.0,False,3
platinum,925,108,0,Black,1011.6,374.5,False,3
platinum,925,115,0,Black,774.7,291.4,False,3
platinum,925,118,-1,Unknown,324.5,559.0,False,3
platinum,925,119,0,Black,815.5,411.5,False,3
platinum,925,120,-1,Unknown,757.6,530.8,False,3
platinum,925,121,0,Black,776.5,288.6,False,3
platinum,925,122,-1,Unknown,1083.2,290.8,False,3
platinum,926,108,0,Black,1019.4,370.7,False,3
platinum,926,115,0,Black,766.7,291.4,False,3
platinum,926,118,-1,Unknown,323.8,559.3,False,3
platinum,926,119,0,Black,815.5,411.5,False,3
platinum,926,120,-1,Unknown,767.7,532.0,False,3
platinum,926,121,0,Black,773.5,286.5,False,3
platinum,926,122,-1,Unknown,1084.5,290.5,False,3
platinum,927,108,0,Black,1018.7,368.0,False,3
platinum,927,115,0,Black,758.8,291.3,False,3
platinum,927,118,-1,Unknown,323.2,559.7,False,3
platinum,927,119,0,Black,815.5,411.5,False,3
platinum,927,120,-1,Unknown,777.8,533.2,False,3
platinum,927,121,0,Black,770.5,284.4,False,3
platinum,927,122,-1,Unknown,1085.7,290.3,False,3
platinum,928,108,0,Black,1021.7,367.1,False,3
platinum,928,115,0,Black,750.9,291.3,False,3
platinum,928,118,-1,Unknown,322.5,560.0,False,3
platinum,928,119,0,Black,815.5,411.5,False,3
platinum,928,120,-1,Unknown,787.8,534.4,False,3
platinum,928,121,0,Black,767.5,282.3,False,3
platinum,928,122,-1,Unknown,1091.0,282.6,False,3
platinum,929,108,0,Black,1024.7,366.2,False,3
platinum,929,115,0,Black,743.0,291.2,False,3
platinum,929,118,-1,Unknown,321.8,560.3,False,3
platinum,929,119,0,Black,815.5,411.5,False,3
platinum,929,120,-1,Unknown,797.9,535.6,False,3
platinum,929,121,0,Black,764.5,280.1,False,3
platinum,929,122,-1,Unknown,1092.8,281.2,False,3
platinum,930,108,0,Black,1027.7,365.3,False,3
platinum,930,115,0,Black,735.1,291.2,False,3
platinum,930,118,-1,Unknown,342.0,554.0,False,3
platinum,930,119,0,Black,815.5,411.5,False,3
platinum,930,120,-1,Unknown,808.0,536.8,False,3
platinum,930,121,0,Black,761.5,278.0,False,3
platinum,930,122,-1,Unknown,1094.7,279.8,False,3
platinum,931,108,0,Black,1030.7,364.4,False,3
platinum,931,115,0,Black,727.1,291.2,False,3
platinum,931,118,-1,Unknown,341.8,554.4,False,3
platinum,931,119,0,Black,815.5,411.5,False,3
platinum,931,120,-1,Unknown,818.1,537.9,False,3
platinum,931,121,0,Black,758.5,275.9,False,3
platinum,931,122,-1,Unknown,1096.6,278.4,False,3
platinum,932,108,0,Black,1033.7,363.5,False,3
platinum,932,115,0,Black,661.6,310.0,False,3
platinum,932,118,-1,Unknown,342.1,554.4,False,3
platinum,932,119,0,Black,815.5,411.5,False,3
platinum,932,120,-1,Unknown,828.2,539.1,False,3
platinum,932,121,0,Black,755.5,273.8,False,3
platinum,932,122,-1,Unknown,1098.4,277.0,False,3
platinum,933,108,0,Black,1024.5,351.4,False,3
platinum,933,115,0,Black,656.6,305.2,False,3
platinum,933,118,-1,Unknown,342.4,554.4,False,3
platinum,933,119,0,Black,815.5,411.5,False,3
platinum,933,120,-1,Unknown,838.2,540.3,False,3
platinum,933,121,0,Black,752.5,271.7,False,3
platinum,933,122,-1,Unknown,1100.3,275.6,False,3
platinum,933,123,-1,Unknown,1040.5,324.5,False,3
platinum,934,108,0,Black,1026.6,349.7,False,3
platinum,934,115,0,Black,645.8,305.8,False,3
platinum,934,118,-1,Unknown,346.7,557.8,False,3
platinum,934,120,-1,Unknown,848.3,541.5,False,3
platinum,934,121,0,Black,749.5,269.6,False,3
platinum,934,122,-1,Unknown,1102.1,274.2,False,3
platinum,934,123,-1,Unknown,1040.5,324.5,False,3
platinum,935,108,0,Black,1028.7,348.0,False,3
platinum,935,115,0,Black,635.0,306.4,False,3
platinum,935,118,0,Black,348.8,558.1,False,3
platinum,935,120,-1,Unknown,858.4,542.7,False,3
platinum,935,121,0,Black,746.5,267.4,False,3
platinum,935,122,-1,Unknown,1104.0,272.8,False,3
platinum,935,123,-1,Unknown,1040.5,324.5,False,3
platinum,936,108,0,Black,1111.5,361.2,False,3
platinum,936,115,0,Black,624.2,307.0,False,3
platinum,936,118,0,Black,349.9,559.1,False,3
platinum,936,120,-1,Unknown,868.5,543.9,False,3
platinum,936,121,0,Black,743.5,265.3,False,3
platinum,936,122,-1,Unknown,1105.9,271.4,False,3
platinum,936,123,-1,Unknown,1040.5,324.5,False,3
platinum,937,108,0,Black,1127.8,362.3,False,3
platinum,937,115,0,Black,613.4,307.6,False,3
platinum,937,118,0,Black,349.9,558.5,False,3
platinum,937,120,-1,Unknown,878.5,545.1,False,3
platinum,937,121,0,Black,740.5,263.2,False,3
platinum,937,122,-1,Unknown,1107.7,270.0,False,3
platinum,937,123,-1,Unknown,1040.5,324.5,False,3
platinum,938,108,0,Black,1137.1,361.9,False,3
platinum,938,115,0,Black,602.7,308.2,False,3
platinum,938,118,0,Black,350.6,557.0,False,3
platinum,938,120,-1,Unknown,888.6,546.3,False,3
platinum,938,121,0,Black,737.5,261.1,False,3
platinum,938,122,-1,Unknown,1109.6,268.6,False,3
platinum,938,123,-1,Unknown,1040.5,324.5,False,3
platinum,939,108,0,Black,1146.3,361.5,False,3
platinum,939,115,0,Black,591.9,308.8,False,3
platinum,939,118,0,Black,351.4,555.4,False,3
platinum,939,120,-1,Unknown,898.7,547.5,False,3
platinum,939,121,0,Black,734.5,259.0,False,3
platinum,939,122,-1,Unknown,1111.5,267.2,False,3
platinum,939,123,-1,Unknown,1040.5,324.5,False,3
platinum,940,108,0,Black,1155.6,361.1,False,3
platinum,940,115,0,Black,581.1,309.4,False,3
platinum,940,118,0,Black,352.7,554.5,False,3
platinum,940,120,-1,Unknown,908.8,548.7,False,3
platinum,940,121,0,Black,731.5,256.8,False,3
platinum,940,122,-1,Unknown,1113.3,265.8,False,3
platinum,940,123,-1,Unknown,1040.5,319.5,False,3
platinum,941,108,0,Black,1164.9,360.7,False,3
platinum,941,115,0,Black,570.3,310.0,False,3
platinum,941,118,0,Black,353.5,553.5,False,3
platinum,941,120,-1,Unknown,918.8,549.9,False,3
platinum,941,121,0,Black,728.5,254.7,False,3
platinum,941,122,-1,Unknown,1115.2,264.4,False,3
platinum,941,123,-1,Unknown,1041.6,316.8,False,3
platinum,942,108,0,Black,1174.1,360.3,False,3
platinum,942,115,0,Black,559.5,310.6,False,3
platinum,942,118,0,Black,353.8,553.1,False,3
platinum,942,120,-1,Unknown,928.9,551.0,False,3
platinum,942,121,0,Black,725.5,252.6,False,3
platinum,942,122,-1,Unknown,1117.0,263.0,False,3
platinum,942,123,-1,Unknown,1043.7,315.9,False,3
platinum,942,124,0,Black,996.5,474.5,False,3
platinum,943,108,0,Black,1183.4,359.9,False,3
platinum,943,115,0,Black,548.7,311.2,False,3
platinum,943,118,0,Black,353.9,553.9,False,3
platinum,943,120,-1,Unknown,939.0,552.2,False,3
platinum,943,122,-1,Unknown,1118.9,261.6,False,3
platinum,943,123,0,Black,1047.9,315.6,False,3
platinum,943,124,0,Black,996.5,474.5,False,3
platinum,944,108,0,Black,1185.5,345.4,False,3
platinum,944,115,0,Black,537.9,311.8,False,3
platinum,944,118,0,Black,355.8,557.2,False,3
platinum,944,120,-1,Unknown,949.1,553.4,False,3
platinum,944,122,-1,Unknown,1120.8,260.2,False,3
platinum,944,123,0,Black,1054.5,315.9,False,3
platinum,944,124,0,Black,996.5,474.5,False,3
platinum,945,108,0,Black,1194.2,344.1,False,3
platinum,945,115,0,Black,527.1,312.4,False,3
platinum,945,118,0,Black,358.5,559.8,False,3
platinum,945,122,-1,Unknown,1122.6,258.8,False,3
platinum,945,123,0,Black,1058.9,315.1,False,3
platinum,945,124,0,Black,996.5,474.5,False,3
platinum,946,108,0,Black,1203.0,342.7,False,3
platinum,946,115,0,Black,516.3,313.0,False,3
platinum,946,118,0,Black,357.5,563.0,False,3
platinum,946,122,-1,Unknown,1124.5,257.4,False,3
platinum,946,123,0,Black,1062.5,311.8,False,3
platinum,946,124,0,Black,996.5,474.5,False,3
platinum,947,108,0,Black,1211.7,341.3,False,3
platinum,947,115,0,Black,505.5,313.6,False,3
platinum,947,118,0,Black,357.5,564.5,False,3
platinum,947,122,-1,Unknown,1126.4,256.0,False,3
platinum,947,123,0,Black,1070.4,313.6,False,3
platinum,947,124,0,Black,996.5,474.5,False,3
platinum,948,108,0,Black,1220.5,339.9,False,3
platinum,948,115,0,Black,494.7,314.2,False,3
platinum,948,118,0,Black,359.0,567.1,False,3
platinum,948,122,-1,Unknown,1128.2,254.6,False,3
platinum,948,123,0,Black,1080.5,314.9,False,3
platinum,948,124,0,Black,996.5,474.5,False,3
platinum,949,108,0,Black,1229.3,338.5,False,3
platinum,949,115,0,Black,483.9,314.8,False,3
platinum,949,118,0,Black,361.3,569.0,False,3
platinum,949,123,0,Black,1080.6,316.5,False,3
platinum,949,124,0,Black,996.5,474.5,False,3
platinum,950,108,0,Black,1238.0,337.1,False,3
platinum,950,115,0,Black,473.1,315.4,False,3
platinum,950,118,0,Black,364.3,570.0,False,3
platinum,950,123,0,Black,1082.1,314.8,False,3
platinum,950,124,0,Black,996.5,474.5,False,3
platinum,951,108,0,Black,1246.8,335.8,False,3
platinum,951,115,0,Black,462.3,316.0,False,3
platinum,951,118,0,Black,362.6,570.3,False,3
platinum,951,123,0,Black,1082.9,313.1,False,3
platinum,951,124,0,Black,996.5,474.5,False,3
platinum,952,108,0,Black,1255.5,334.4,False,3
platinum,952,115,0,Black,451.5,316.6,False,3
platinum,952,118,0,Black,360.9,569.8,False,3
platinum,952,123,0,Black,1085.3,312.2,False,3
platinum,952,124,0,Black,996.5,474.5,False,3
platinum,952,125,0,Black,948.5,420.0,False,3
platinum,952,126,-1,Unknown,602.5,294.5,False,3
platinum,953,108,0,Black,1264.3,333.0,False,3
platinum,953,115,0,Black,440.7,317.2,False,3
platinum,953,118,0,Black,362.8,569.9,False,3
platinum,953,123,0,Black,1089.5,309.2,False,3
platinum,953,124,0,Black,996.5,474.5,False,3
platinum,953,125,0,Black,949.0,422.0,False,3
platinum,953,126,-1,Unknown,600.5,293.5,False,3
platinum,954,108,0,Black,1273.0,331.6,False,3
platinum,954,118,0,Black,365.5,569.2,False,3
platinum,954,123,0,Black,1092.9,305.2,False,3
platinum,954,124,0,Black,996.5,474.5,False,3
platinum,954,125,0,Black,941.0,416.0,False,3
platinum,954,126,0,Black,603.2,293.4,False,3
platinum,955,108,0,Black,1281.8,330.2,False,3
platinum,955,118,0,Black,370.1,567.0,False,3
platinum,955,123,0,Black,1094.1,302.1,False,3
platinum,955,124,0,Black,996.5,474.5,False,3
platinum,955,125,0,Black,941.7,409.8,False,3
platinum,955,126,0,Black,605.0,293.2,False,3
platinum,956,108,0,Black,1290.5,328.8,False,3
platinum,956,118,0,Black,373.4,566.1,False,3
platinum,956,123,0,Black,1096.7,295.7,False,3
platinum,956,124,0,Black,996.5,474.5,False,3
platinum,956,125,0,Black,961.6,409.2,False,3
platinum,956,126,0,Black,606.9,293.0,False,3
platinum,957,108,0,Black,1299.3,327.4,False,3
platinum,957,118,0,Black,374.9,565.8,False,3
platinum,957,123,0,Black,1103.8,295.3,False,3
platinum,957,124,0,Black,996.5,474.5,False,3
platinum,957,125,0,Black,977.0,411.4,False,3
platinum,957,126,0,Black,608.7,292.7,False,3
platinum,957,127,-1,Unknown,865.0,438.5,False,3
platinum,958,108,0,Black,1308.1,326.1,False,3
platinum,958,118,0,Black,375.2,566.0,False,3
platinum,958,123,0,Black,1108.0,295.5,False,3
platinum,958,124,0,Black,996.5,474.5,False,3
platinum,958,125,0,Black,979.3,412.0,False,3
platinum,958,126,0,Black,610.5,292.5,False,3
platinum,958,127,-1,Unknown,867.5,436.5,False,3
platinum,959,108,0,Black,1316.8,324.7,False,3
platinum,959,118,0,Black,375.2,567.7,False,3
platinum,959,123,0,Black,1111.5,294.0,False,3
platinum,959,124,0,Black,996.5,474.5,False,3
platinum,959,125,0,Black,981.2,411.5,False,3
platinum,959,126,0,Black,612.3,292.3,False,3
platinum,959,127,-1,Unknown,870.0,434.5,False,3
platinum,960,108,0,Black,1325.6,323.3,False,3
platinum,960,118,0,Black,376.4,568.0,False,3
platinum,960,123,0,Black,1113.1,299.4,False,3
platinum,960,124,0,Black,996.5,474.5,False,3
platinum,960,125,0,Black,979.1,411.8,False,3
platinum,960,126,0,Black,614.1,292.0,False,3
platinum,960,127,-1,Unknown,872.5,432.5,False,3
platinum,960,128,0,Black,1191.5,421.0,False,3
platinum,961,108,0,Black,1334.3,321.9,False,3
platinum,961,118,0,Black,377.6,568.4,False,3
platinum,961,123,0,Black,1111.8,302.2,False,3
platinum,961,124,0,Black,996.5,474.5,False,3
platinum,961,125,0,Black,983.8,410.8,False,3
platinum,961,126,0,Black,616.0,291.8,False,3
platinum,961,127,-1,Unknown,875.0,430.5,False,3
platinum,961,128,0,Black,1191.5,423.5,False,3
platinum,962,108,0,Black,1343.1,320.5,False,3
platinum,962,118,0,Black,373.5,581.9,False,3
platinum,962,123,0,Black,1111.9,302.9,False,3
platinum,962,124,0,Black,996.5,474.5,False,3
platinum,962,125,0,Black,983.7,416.7,False,3
platinum,962,126,0,Black,617.8,291.6,False,3
platinum,962,127,0,Black,848.6,432.0,False,3
platinum,962,128,0,Black,1191.5,426.0,False,3
platinum,963,108,0,Black,1351.8,319.1,False,3
platinum,963,118,0,Black,370.4,584.5,False,3
platinum,963,123,0,Black,1108.0,305.1,False,3
platinum,963,125,0,Black,984.8,420.6,False,3
platinum,963,126,0,Black,619.6,291.3,False,3
platinum,963,127,0,Black,848.1,432.8,False,3
platinum,963,128,0,Black,1191.5,428.5,False,3
platinum,963,129,-1,Unknown,130.5,352.5,False,3
platinum,964,108,0,Black,1360.6,317.8,False,3
platinum,964,118,0,Black,368.0,587.6,False,3
platinum,964,123,0,Black,1110.0,304.9,False,3
platinum,964,125,0,Black,985.5,424.7,False,3
platinum,964,126,0,Black,621.4,291.1,False,3
platinum,964,127,0,Black,846.6,435.9,False,3
platinum,964,128,0,Black,1191.5,431.0,False,3
platinum,964,129,-1,Unknown,130.5,352.5,False,3
platinum,964,130,-1,Unknown,667.0,432.5,False,3
platinum,965,118,0,Black,367.7,594.0,False,3
platinum,965,123,0,Black,1112.0,304.7,False,3
platinum,965,125,0,Black,984.6,428.1,False,3
platinum,965,126,0,Black,623.3,290.9,False,3
platinum,965,127,0,Black,845.5,439.4,False,3
platinum,965,128,0,Black,1191.5,433.5,False,3
platinum,965,129,-1,Unknown,130.5,352.5,False,3
platinum,965,130,-1,Unknown,667.0,432.5,False,3
platinum,966,118,0,Black,365.7,598.6,False,3
platinum,966,123,0,Black,1111.9,309.5,False,3
platinum,966,125,0,Black,983.9,431.1,False,3
platinum,966,126,0,Black,625.1,290.6,False,3
platinum,966,127,0,Black,842.9,439.0,False,3
platinum,966,128,0,Black,1191.5,436.0,False,3
platinum,966,129,-1,Unknown,130.5,352.5,False,3
platinum,966,130,-1,Unknown,667.0,432.5,False,3
platinum,967,118,0,Black,364.2,602.3,False,3
platinum,967,123,0,Black,1109.5,308.6,False,3
platinum,967,125,0,Black,984.8,433.8,False,3
platinum,967,126,0,Black,626.9,290.4,False,3
platinum,967,127,0,Black,840.1,439.4,False,3
platinum,967,128,0,Black,1191.5,438.5,False,3
platinum,967,129,-1,Unknown,130.5,352.5,False,3
platinum,967,130,-1,Unknown,667.0,432.5,False,3
platinum,968,118,0,Black,363.7,604.3,False,3
platinum,968,123,0,Black,1110.0,309.2,False,3
platinum,968,125,0,Black,982.4,436.7,False,3
platinum,968,126,0,Black,628.7,290.1,False,3
platinum,968,127,0,Black,837.3,439.8,False,3
platinum,968,128,0,Black,1191.5,441.0,False,3
platinum,968,129,-1,Unknown,130.5,352.5,False,3
platinum,968,130,-1,Unknown,667.0,432.5,False,3
platinum,969,118,0,Black,363.8,604.3,False,3
platinum,969,123,0,Black,1112.4,309.1,False,3
platinum,969,125,0,Black,980.8,437.5,False,3
platinum,969,126,0,Black,630.6,289.9,False,3
platinum,969,127,0,Black,834.5,440.2,False,3
platinum,969,128,0,Black,1191.5,443.5,False,3
platinum,969,129,-1,Unknown,130.5,352.5,False,3
platinum,969,130,-1,Unknown,667.0,432.5,False,3
platinum,970,118,0,Black,364.5,603.9,False,3
platinum,970,123,0,Black,1113.9,309.3,False,3
platinum,970,125,0,Black,984.4,437.7,False,3
platinum,970,126,0,Black,632.4,289.7,False,3
platinum,970,127,0,Black,831.7,440.6,False,3
platinum,970,128,0,Black,1191.5,446.0,False,3
platinum,970,129,-1,Unknown,130.5,352.5,False,3
platinum,970,130,-1,Unknown,667.0,432.5,False,3
platinum,971,118,0,Black,365.8,604.0,False,3
platinum,971,123,0,Black,1115.4,309.4,False,3
platinum,971,125,0,Black,987.3,436.7,False,3
platinum,971,126,0,Black,634.2,289.4,False,3
platinum,971,127,0,Black,828.9,441.0,False,3
platinum,971,128,0,Black,1191.5,448.5,False,3
platinum,971,129,-1,Unknown,130.5,352.5,False,3
platinum,971,130,-1,Unknown,667.0,432.5,False,3
platinum,972,118,0,Black,365.8,605.8,False,3
platinum,972,123,0,Black,1112.0,311.2,False,3
platinum,972,125,0,Black,989.1,437.9,False,3
platinum,972,126,0,Black,636.0,289.2,False,3
platinum,972,127,0,Black,826.0,441.4,False,3
platinum,972,128,0,Black,1191.5,451.0,False,3
platinum,972,129,-1,Unknown,130.5,352.5,False,3
platinum,972,130,-1,Unknown,667.0,432.5,False,3
platinum,973,118,0,Black,366.0,600.2,False,3
platinum,973,123,0,Black,1112.0,310.5,False,3
platinum,973,125,0,Black,990.9,439.1,False,3
platinum,973,126,0,Black,637.9,289.0,False,3
platinum,973,127,0,Black,823.2,441.8,False,3
platinum,973,128,0,Black,1191.5,453.5,False,3
platinum,973,129,-1,Unknown,130.5,352.5,False,3
platinum,973,130,-1,Unknown,667.0,432.5,False,3
platinum,974,118,0,Black,365.0,597.8,False,3
platinum,974,123,0,Black,1113.0,310.7,False,3
platinum,974,125,0,Black,992.7,440.2,False,3
platinum,974,126,0,Black,639.7,288.7,False,3
platinum,974,127,0,Black,820.4,442.2,False,3
platinum,974,128,0,Black,1191.5,456.0,False,3
platinum,974,129,-1,Unknown,130.5,352.5,False,3
platinum,974,130,-1,Unknown,667.0,432.5,False,3
platinum,975,118,0,Black,363.7,597.6,False,3
platinum,975,123,0,Black,1111.7,306.7,False,3
platinum,975,125,0,Black,994.5,441.4,False,3
platinum,975,127,0,Black,817.6,442.7,False,3
platinum,975,128,0,Black,1191.5,458.5,False,3
platinum,975,129,-1,Unknown,130.5,352.5,False,3
platinum,975,130,-1,Unknown,667.0,432.5,False,3
platinum,976,118,0,Black,368.1,598.4,False,3
platinum,976,123,0,Black,1105.5,307.2,False,3
platinum,976,125,0,Black,996.3,442.6,False,3
platinum,976,127,0,Black,814.8,443.1,False,3
platinum,976,128,0,Black,1191.5,461.0,False,3
platinum,976,129,-1,Unknown,130.5,352.5,False,3
platinum,976,130,-1,Unknown,667.0,432.5,False,3
platinum,976,131,-1,Unknown,1163.5,411.5,False,3
platinum,977,118,0,Black,368.3,599.2,False,3
platinum,977,123,0,Black,1098.7,306.4,False,3
platinum,977,125,0,Black,998.1,443.7,False,3
platinum,977,127,0,Black,812.0,443.5,False,3
platinum,977,128,0,Black,1191.5,463.5,False,3
platinum,977,129,-1,Unknown,130.5,352.5,False,3
platinum,977,130,-1,Unknown,667.0,432.5,False,3
platinum,977,131,-1,Unknown,1163.5,411.5,False,3
platinum,978,118,0,Black,368.6,599.9,False,3
platinum,978,123,0,Black,1094.8,305.4,False,3
platinum,978,125,0,Black,999.9,444.9,False,3
platinum,978,127,0,Black,809.2,443.9,False,3
platinum,978,128,0,Black,1191.5,465.9,False,3
platinum,978,129,-1,Unknown,130.5,352.5,False,3
platinum,978,130,-1,Unknown,667.0,432.5,False,3
platinum,978,131,-1,Unknown,1163.5,411.5,False,3
platinum,979,118,0,Black,363.5,597.6,False,3
platinum,979,123,0,Black,1090.1,305.1,False,3
platinum,979,125,0,Black,1006.3,423.7,False,3
platinum,979,127,0,Black,806.4,444.3,False,3
platinum,979,128,0,Black,1191.5,468.4,False,3
platinum,979,129,-1,Unknown,130.5,352.5,False,3
platinum,979,130,-1,Unknown,667.0,432.5,False,3
platinum,979,131,-1,Unknown,1163.5,411.5,False,3
platinum,980,118,0,Black,363.1,597.7,False,3
platinum,980,123,0,Black,1098.1,305.3,False,3
platinum,980,125,0,Black,1006.1,422.8,False,3
platinum,980,127,0,Black,803.6,444.7,False,3
platinum,980,128,0,Black,1191.5,470.9,False,3
platinum,980,129,-1,Unknown,130.5,352.5,False,3
platinum,980,130,-1,Unknown,667.0,432.5,False,3
platinum,980,131,-1,Unknown,1170.5,417.5,False,3
platinum,981,118,0,Black,368.9,601.3,False,3
platinum,981,123,0,Black,1098.9,303.4,False,3
platinum,981,125,0,Black,1008.0,422.3,False,3
platinum,981,127,0,Black,800.8,445.1,False,3
platinum,981,128,0,Black,1191.5,473.4,False,3
platinum,981,129,-1,Unknown,130.5,352.5,False,3
platinum,981,130,-1,Unknown,667.0,432.5,False,3
platinum,981,131,-1,Unknown,1172.2,419.0,False,3
platinum,982,118,0,Black,369.2,602.1,False,3
platinum,982,123,0,Black,1098.3,302.4,False,3
platinum,982,125,0,Black,1009.9,421.9,False,3
platinum,982,127,0,Black,797.9,445.5,False,3
platinum,982,129,-1,Unknown,130.5,352.5,False,3
platinum,982,130,-1,Unknown,667.0,432.5,False,3
platinum,982,131,-1,Unknown,1174.0,420.5,False,3
platinum,983,118,0,Black,363.7,603.7,False,3
platinum,983,123,0,Black,1097.7,302.6,False,3
platinum,983,125,0,Black,994.4,420.7,False,3
platinum,983,127,0,Black,795.1,445.9,False,3
platinum,983,129,-1,Unknown,130.5,352.5,False,3
platinum,983,130,-1,Unknown,667.0,432.5,False,3
platinum,983,131,-1,Unknown,1175.7,422.0,False,3
platinum,984,118,0,Black,363.8,604.5,False,3
platinum,984,123,0,Black,1094.9,302.1,False,3
platinum,984,125,0,Black,994.9,420.2,False,3
platinum,984,127,0,Black,792.3,446.3,False,3
platinum,984,130,-1,Unknown,724.5,377.5,False,3
platinum,984,131,-1,Unknown,1177.5,423.5,False,3
platinum,984,132,0,Black,411.5,294.5,False,3
platinum,985,118,0,Black,362.3,604.1,False,3
platinum,985,123,0,Black,1092.8,302.9,False,3
platinum,985,125,0,Black,995.4,419.7,False,3
platinum,985,127,0,Black,789.5,446.8,False,3
platinum,985,130,0,Black,718.5,376.0,False,3
platinum,985,131,-1,Unknown,1180.5,417.7,False,3
platinum,985,132,0,Black,411.5,294.5,False,3
platinum,985,133,-1,Unknown,851.0,455.5,False,3
platinum,986,118,0,Black,361.0,606.9,False,3
platinum,986,123,0,Black,1090.1,304.8,False,3
platinum,986,125,0,Black,983.3,427.0,False,3
platinum,986,127,0,Black,786.7,447.2,False,3
platinum,986,130,0,Black,720.5,373.3,False,3
platinum,986,131,0,Black,1175.0,416.2,False,3
platinum,986,132,0,Black,411.5,294.5,False,3
platinum,986,133,-1,Unknown,851.0,455.5,False,3
platinum,986,134,-1,Unknown,137.5,399.5,False,3
platinum,987,118,0,Black,361.9,609.6,False,3
platinum,987,123,0,Black,1077.0,306.2,False,3
platinum,987,125,0,Black,978.9,426.7,False,3
platinum,987,130,0,Black,722.6,370.7,False,3
platinum,987,131,0,Black,1169.5,416.4,False,3
platinum,987,132,0,Black,411.5,294.5,False,3
platinum,987,133,-1,Unknown,851.0,455.5,False,3
platinum,987,134,-1,Unknown,133.0,401.5,False,3
platinum,988,118,0,Black,361.2,610.5,False,3
platinum,988,123,0,Black,1071.4,305.8,False,3
platinum,988,125,0,Black,978.0,426.8,False,3
platinum,988,130,0,Black,724.7,368.0,False,3
platinum,988,131,0,Black,1166.8,415.2,False,3
platinum,988,132,0,Black,411.5,294.5,False,3
platinum,988,133,-1,Unknown,851.0,455.5,False,3
platinum,988,134,0,Black,125.2,407.3,False,3
platinum,989,118,0,Black,358.4,610.9,False,3
platinum,989,123,0,Black,1070.0,305.6,False,3
platinum,989,125,0,Black,977.1,427.0,False,3
platinum,989,130,0,Black,726.8,365.4,False,3
platinum,989,131,0,Black,1164.4,415.7,False,3
platinum,989,132,0,Black,411.5,294.5,False,3
platinum,989,133,-1,Unknown,851.0,455.5,False,3
platinum,989,134,0,Black,121.8,401.9,False,3
platinum,990,118,0,Black,357.9,606.1,False,3
platinum,990,123,0,Black,1069.6,304.6,False,3
platinum,990,125,0,Black,976.1,427.1,False,3
platinum,990,130,0,Black,728.9,362.7,False,3
platinum,990,131,0,Black,1172.6,414.2,False,3
platinum,990,132,0,Black,411.5,294.5,False,3
platinum,990,133,-1,Unknown,851.0,455.5,False,3
platinum,990,134,0,Black,116.6,401.6,False,3
platinum,991,118,0,Black,357.8,607.5,False,3
platinum,991,123,0,Black,1066.5,304.8,False,3
platinum,991,125,0,Black,966.7,422.2,False,3
platinum,991,130,0,Black,665.9,394.4,False,3
platinum,991,131,0,Black,1178.9,411.4,False,3
platinum,991,132,0,Black,411.5,294.5,False,3
platinum,991,133,-1,Unknown,851.0,455.5,False,3
platinum,991,134,0,Black,119.0,404.1,False,3
platinum,992,118,0,Black,359.1,607.0,False,3
platinum,992,123,0,Black,1067.1,304.6,False,3
platinum,992,125,0,Black,967.1,421.0,False,3
platinum,992,130,0,Black,668.4,398.7,False,3
platinum,992,131,0,Black,1183.0,404.4,False,3
platinum,992,132,0,Black,411.5,294.5,False,3
platinum,992,133,-1,Unknown,851.0,455.5,False,3
platinum,992,134,0,Black,118.5,404.5,False,3
platinum,993,118,0,Black,357.6,606.2,False,3
platinum,993,123,0,Black,1062.8,304.8,False,3
platinum,993,125,0,Black,965.7,420.6,False,3
platinum,993,130,0,Black,668.8,402.7,False,3
platinum,993,131,0,Black,1184.3,403.2,False,3
platinum,993,132,0,Black,411.5,294.5,False,3
platinum,993,133,-1,Unknown,854.0,457.0,False,3
platinum,993,134,0,Black,118.1,400.5,False,3
platinum,993,135,0,Black,770.0,334.0,False,3
platinum,994,118,0,Black,357.7,604.6,False,3
platinum,994,123,0,Black,1057.0,306.6,False,3
platinum,994,125,0,Black,964.2,420.2,False,3
platinum,994,130,0,Black,669.4,407.8,False,3
platinum,994,131,0,Black,1185.7,402.0,False,3
platinum,994,132,0,Black,411.5,294.5,False,3
platinum,994,133,-1,Unknown,850.5,447.3,False,3
platinum,994,134,0,Black,115.9,400.1,False,3
platinum,994,135,0,Black,772.5,331.0,False,3
platinum,995,118,0,Black,357.3,604.7,False,3
platinum,995,123,0,Black,1057.1,307.9,False,3
platinum,995,125,0,Black,962.8,419.9,False,3
platinum,995,130,0,Black,667.3,409.1,False,3
platinum,995,131,0,Black,1187.1,400.8,False,3
platinum,995,132,0,Black,411.5,294.5,False,3
platinum,995,133,-1,Unknown,850.2,445.8,False,3
platinum,995,134,0,Black,113.7,399.7,False,3
platinum,995,135,0,Black,775.0,328.0,False,3
platinum,996,118,0,Black,357.0,604.9,False,3
platinum,996,123,0,Black,1054.9,308.1,False,3
platinum,996,125,0,Black,961.4,419.5,False,3
platinum,996,130,0,Black,665.1,410.4,False,3
platinum,996,131,0,Black,1188.4,399.6,False,3
platinum,996,132,0,Black,411.5,294.5,False,3
platinum,996,133,-1,Unknown,849.9,444.2,False,3
platinum,996,134,0,Black,111.5,399.3,False,3
platinum,996,135,0,Black,777.0,330.4,False,3
platinum,997,118,0,Black,356.6,605.0,False,3
platinum,997,123,0,Black,1081.4,301.5,False,3
platinum,997,125,0,Black,960.0,419.1,False,3
platinum,997,130,0,Black,662.9,411.6,False,3
platinum,997,131,0,Black,1189.8,398.4,False,3
platinum,997,132,0,Black,411.5,294.5,False,3
platinum,997,133,-1,Unknown,849.6,442.7,False,3
platinum,997,134,0,Black,109.3,398.9,False,3
platinum,997,135,0,Black,779.3,329.9,False,3
platinum,998,118,0,Black,367.0,595.0,False,3
platinum,998,123,0,Black,1081.7,301.2,False,3
platinum,998,125,0,Black,958.5,418.8,False,3
platinum,998,130,0,Black,660.8,412.9,False,3
platinum,998,131,0,Black,1198.4,396.1,False,3
platinum,998,132,0,Black,411.5,294.5,False,3
platinum,998,133,-1,Unknown,800.2,445.6,False,3
platinum,998,134,0,Black,107.1,398.5,False,3
platinum,998,135,0,Black,781.6,329.3,False,3
platinum,999,118,0,Black,367.4,594.3,False,3
platinum,999,123,0,Black,1084.3,299.4,False,3
platinum,999,125,0,Black,957.1,418.4,False,3
platinum,999,130,0,Black,658.6,414.2,False,3
platinum,999,131,0,Black,1200.4,394.8,False,3
platinum,999,132,0,Black,411.5,294.5,False,3
platinum,999,133,-1,Unknown,793.7,444.6,False,3
platinum,999,134,0,Black,104.9,398.1,False,3
platinum,999,135,0,Black,783.8,328.8,False,3
platinum,1000,118,0,Black,375.8,592.4,False,3
platinum,1000,123,0,Black,1084.8,298.9,False,3
platinum,1000,125,0,Black,955.7,418.0,False,3
platinum,1000,130,0,Black,656.4,415.5,False,3
platinum,1000,131,0,Black,1202.3,393.5,False,3
platinum,1000,132,0,Black,411.5,294.5,False,3
platinum,1000,133,-1,Unknown,787.2,443.6,False,3
platinum,1000,134,0,Black,124.0,403.7,False,3
platinum,1000,135,0,Black,786.1,328.2,False,3
platinum,1001,118,0,Black,376.3,591.9,False,3
platinum,1001,123,0,Black,1108.0,286.4,False,3
platinum,1001,125,0,Black,954.3,417.7,False,3
platinum,1001,130,0,Black,654.3,416.8,False,3
platinum,1001,131,0,Black,1204.2,392.3,False,3
platinum,1001,132,0,Black,411.5,294.5,False,3
platinum,1001,133,-1,Unknown,780.7,442.6,False,3
platinum,1001,134,0,Black,122.5,407.1,False,3
platinum,1001,135,0,Black,788.4,327.7,False,3
platinum,1002,118,0,Black,377.4,591.1,False,3
platinum,1002,123,0,Black,1110.5,284.9,False,3
platinum,1002,125,0,Black,952.9,417.3,False,3
platinum,1002,130,0,Black,652.1,418.1,False,3
platinum,1002,131,0,Black,1206.2,391.0,False,3
platinum,1002,132,0,Black,411.5,294.5,False,3
platinum,1002,133,-1,Unknown,774.2,441.6,False,3
platinum,1002,134,0,Black,123.0,408.8,False,3
platinum,1002,135,0,Black,790.7,327.1,False,3
platinum,1003,118,0,Black,387.0,594.7,False,3
platinum,1003,123,0,Black,1116.1,284.6,False,3
platinum,1003,125,0,Black,905.5,417.5,False,3
platinum,1003,130,0,Black,650.0,419.3,False,3
platinum,1003,131,0,Black,1208.1,389.7,False,3
platinum,1003,132,0,Black,411.5,294.5,False,3
platinum,1003,133,-1,Unknown,767.7,440.6,False,3
platinum,1003,134,0,Black,122.7,409.4,False,3
platinum,1003,135,0,Black,792.9,326.6,False,3
platinum,1004,118,0,Black,388.8,594.3,False,3
platinum,1004,123,0,Black,1118.9,285.8,False,3
platinum,1004,125,0,Black,901.3,417.1,False,3
platinum,1004,130,0,Black,647.8,420.6,False,3
platinum,1004,131,0,Black,1210.0,388.4,False,3
platinum,1004,132,0,Black,411.5,294.5,False,3
platinum,1004,133,-1,Unknown,761.2,439.7,False,3
platinum,1004,134,0,Black,122.4,410.0,False,3
platinum,1004,135,0,Black,795.2,326.1,False,3
platinum,1005,118,0,Black,390.6,594.0,False,3
platinum,1005,123,0,Black,1121.7,284.6,False,3
platinum,1005,125,0,Black,897.1,416.8,False,3
platinum,1005,130,0,Black,645.6,421.9,False,3
platinum,1005,131,0,Black,1212.0,387.2,False,3
platinum,1005,133,-1,Unknown,754.7,438.7,False,3
platinum,1005,134,0,Black,122.1,410.6,False,3
platinum,1005,135,0,Black,797.5,325.5,False,3
platinum,1006,118,0,Black,387.5,593.5,False,3
platinum,1006,123,0,Black,1124.4,283.4,False,3
platinum,1006,125,0,Black,892.9,416.5,False,3
platinum,1006,130,0,Black,643.5,423.2,False,3
platinum,1006,131,0,Black,1213.9,385.9,False,3
platinum,1006,133,-1,Unknown,748.2,437.7,False,3
platinum,1006,134,0,Black,121.8,411.2,False,3
platinum,1006,135,0,Black,799.8,325.0,False,3
platinum,1007,118,0,Black,386.3,592.7,False,3
platinum,1007,123,0,Black,1127.1,282.2,False,3
platinum,1007,125,0,Black,888.7,416.2,False,3
platinum,1007,130,0,Black,641.3,424.5,False,3
platinum,1007,131,0,Black,1215.9,384.6,False,3
platinum,1007,133,-1,Unknown,741.7,436.7,False,3
platinum,1007,134,0,Black,121.5,411.8,False,3
platinum,1007,135,0,Black,802.1,324.4,False,3
platinum,1008,118,0,Black,387.4,592.3,False,3
platinum,1008,123,0,Black,1129.8,281.0,False,3
platinum,1008,125,0,Black,884.5,415.8,False,3
platinum,1008,130,0,Black,639.1,425.8,False,3
platinum,1008,131,0,Black,1217.8,383.3,False,3
platinum,1008,133,-1,Unknown,735.2,435.7,False,3
platinum,1008,134,0,Black,121.2,412.3,False,3
platinum,1008,135,0,Black,804.3,323.9,False,3
platinum,1008,136,-1,Unknown,1172.5,451.5,False,3
platinum,1009,118,0,Black,388.6,591.9,False,3
platinum,1009,123,0,Black,1132.5,279.8,False,3
platinum,1009,125,0,Black,880.3,415.5,False,3
platinum,1009,130,0,Black,637.0,427.1,False,3
platinum,1009,131,0,Black,1219.7,382.1,False,3
platinum,1009,133,-1,Unknown,728.6,434.7,False,3
platinum,1009,134,0,Black,120.9,412.9,False,3
platinum,1009,135,0,Black,806.6,323.3,False,3
platinum,1009,136,-1,Unknown,1172.5,451.5,False,3
platinum,1010,118,0,Black,394.1,588.2,False,3
platinum,1010,123,0,Black,1135.3,278.6,False,3
platinum,1010,125,0,Black,876.1,415.2,False,3
platinum,1010,130,0,Black,634.8,428.3,False,3
platinum,1010,131,0,Black,1221.7,380.8,False,3
platinum,1010,133,-1,Unknown,722.1,433.7,False,3
platinum,1010,134,0,Black,120.5,413.5,False,3
platinum,1010,135,0,Black,808.9,322.8,False,3
platinum,1010,136,-1,Unknown,1172.5,451.5,False,3
platinum,1011,118,0,Black,397.3,585.8,False,3
platinum,1011,123,0,Black,1138.0,277.4,False,3
platinum,1011,125,0,Black,871.9,414.8,False,3
platinum,1011,130,0,Black,632.7,429.6,False,3
platinum,1011,131,0,Black,1223.6,379.5,False,3
platinum,1011,133,-1,Unknown,715.6,432.7,False,3
platinum,1011,134,0,Black,120.2,414.1,False,3
platinum,1011,135,0,Black,811.2,322.2,False,3
platinum,1011,136,-1,Unknown,1172.5,451.5,False,3
platinum,1011,137,-1,Unknown,431.5,315.0,False,3
platinum,1012,118,0,Black,400.6,584.7,False,3
platinum,1012,123,0,Black,1140.7,276.3,False,3
platinum,1012,125,0,Black,867.7,414.5,False,3
platinum,1012,130,0,Black,630.5,430.9,False,3
platinum,1012,131,0,Black,1225.5,378.2,False,3
platinum,1012,133,-1,Unknown,709.1,431.8,False,3
platinum,1012,134,0,Black,119.9,414.7,False,3
platinum,1012,135,0,Black,813.4,321.7,False,3
platinum,1012,136,-1,Unknown,1172.5,451.5,False,3
platinum,1012,137,-1,Unknown,431.5,315.0,False,3
platinum,1013,118,0,Black,404.4,583.9,False,3
platinum,1013,123,0,Black,1143.4,275.1,False,3
platinum,1013,125,0,Black,863.5,414.2,False,3
platinum,1013,130,0,Black,628.3,432.2,False,3
platinum,1013,131,0,Black,1227.5,377.0,False,3
platinum,1013,133,-1,Unknown,702.6,430.8,False,3
platinum,1013,134,0,Black,119.6,415.3,False,3
platinum,1013,135,0,Black,815.7,321.2,False,3
platinum,1013,136,-1,Unknown,1172.5,451.5,False,3
platinum,1013,137,-1,Unknown,431.5,315.0,False,3
platinum,1014,118,0,Black,410.1,583.0,False,3
platinum,1014,123,0,Black,1146.2,273.9,False,3
platinum,1014,125,0,Black,859.3,413.8,False,3
platinum,1014,130,0,Black,626.2,433.5,False,3
platinum,1014,131,0,Black,1156.2,393.7,False,3
platinum,1014,133,-1,Unknown,696.1,429.8,False,3
platinum,1014,134,0,Black,119.3,415.9,False,3
platinum,1014,135,0,Black,818.0,320.6,False,3
platinum,1014,136,-1,Unknown,1172.5,451.5,False,3
platinum,1014,137,-1,Unknown,431.5,315.0,False,3
platinum,1015,118,0,Black,412.4,582.2,False,3
platinum,1015,123,0,Black,1148.9,272.7,False,3
platinum,1015,125,0,Black,855.1,413.5,False,3
platinum,1015,131,0,Black,1154.4,393.4,False,3
platinum,1015,133,-1,Unknown,689.6,428.8,False,3
platinum,1015,134,0,Black,119.0,416.4,False,3
platinum,1015,135,0,Black,820.3,320.1,False,3
platinum,1015,136,-1,Unknown,1172.5,451.5,False,3
platinum,1015,137,-1,Unknown,431.5,315.0,False,3
platinum,1016,118,0,Black,414.7,581.3,False,3
platinum,1016,123,0,Black,1151.6,271.5,False,3
platinum,1016,125,0,Black,850.9,413.2,False,3
platinum,1016,131,0,Black,1152.6,393.0,False,3
platinum,1016,133,-1,Unknown,683.1,427.8,False,3
platinum,1016,134,0,Black,118.7,417.0,False,3
platinum,1016,135,0,Black,822.5,319.5,False,3
platinum,1016,136,-1,Unknown,1172.5,451.5,False,3
platinum,1016,137,-1,Unknown,431.5,315.0,False,3
platinum,1017,118,0,Black,417.1,580.5,False,3
platinum,1017,123,0,Black,1138.4,288.5,False,3
platinum,1017,125,0,Black,846.7,412.8,False,3
platinum,1017,131,0,Black,1150.8,392.6,False,3
platinum,1017,133,-1,Unknown,676.6,426.8,False,3
platinum,1017,134,0,Black,118.4,417.6,False,3
platinum,1017,136,-1,Unknown,1172.5,451.5,False,3
platinum,1017,137,-1,Unknown,451.0,316.0,False,3
platinum,1017,138,-1,Unknown,151.5,330.0,False,3
platinum,1018,118,0,Black,419.4,579.6,False,3
platinum,1018,123,0,Black,1148.3,288.8,False,3
platinum,1018,125,0,Black,842.5,412.5,False,3
platinum,1018,131,0,Black,1149.0,392.3,False,3
platinum,1018,133,-1,Unknown,670.1,425.8,False,3
platinum,1018,134,0,Black,118.0,418.2,False,3
platinum,1018,136,-1,Unknown,1172.5,451.5,False,3
platinum,1018,137,-1,Unknown,454.2,316.2,False,3
platinum,1018,138,-1,Unknown,157.0,333.0,False,3
platinum,1019,118,0,Black,421.8,578.8,False,3
platinum,1019,123,0,Black,1151.9,288.9,False,3
platinum,1019,125,0,Black,838.3,412.2,False,3
platinum,1019,131,0,Black,1147.2,391.9,False,3
platinum,1019,134,0,Black,117.7,418.8,False,3
platinum,1019,136,-1,Unknown,1172.5,451.5,False,3
platinum,1019,137,-1,Unknown,457.5,316.3,False,3
platinum,1019,138,-1,Unknown,159.2,336.9,False,3
platinum,1020,118,0,Black,424.1,577.9,False,3
platinum,1020,123,0,Black,1154.8,287.9,False,3
platinum,1020,125,0,Black,834.1,411.8,False,3
platinum,1020,131,0,Black,1145.4,391.6,False,3
platinum,1020,134,0,Black,117.4,419.4,False,3
platinum,1020,136,-1,Unknown,1172.5,451.5,False,3
platinum,1020,137,-1,Unknown,460.7,316.5,False,3
platinum,1020,138,-1,Unknown,162.0,340.7,False,3
platinum,1021,118,0,Black,426.4,577.1,False,3
platinum,1021,123,0,Black,1156.2,286.9,False,3
platinum,1021,125,0,Black,829.9,411.5,False,3
platinum,1021,131,0,Black,1143.6,391.2,False,3
platinum,1021,134,0,Black,117.1,420.0,False,3
platinum,1021,136,-1,Unknown,1172.5,451.5,False,3
platinum,1021,137,-1,Unknown,464.0,316.7,False,3
platinum,1021,138,-1,Unknown,164.9,344.5,False,3
platinum,1022,118,0,Black,428.8,576.2,False,3
platinum,1022,123,0,Black,1158.6,286.7,False,3
platinum,1022,125,0,Black,825.7,411.2,False,3
platinum,1022,131,0,Black,1141.8,390.9,False,3
platinum,1022,134,0,Black,116.8,420.5,False,3
platinum,1022,136,-1,Unknown,1172.5,451.5,False,3
platinum,1022,137,-1,Unknown,467.2,316.8,False,3
platinum,1022,138,-1,Unknown,167.7,348.2,False,3
platinum,1023,118,0,Black,431.1,575.4,False,3
platinum,1023,123,0,Black,1161.1,286.4,False,3
platinum,1023,125,0,Black,821.5,410.8,False,3
platinum,1023,131,0,Black,1140.0,390.5,False,3
platinum,1023,136,-1,Unknown,1172.5,451.5,False,3
platinum,1023,137,-1,Unknown,470.5,317.0,False,3
platinum,1023,138,-1,Unknown,170.5,352.0,False,3
platinum,1024,118,0,Black,433.5,574.5,False,3
platinum,1024,123,0,Black,1163.6,286.1,False,3
platinum,1024,131,0,Black,1138.2,390.2,False,3
platinum,1024,136,-1,Unknown,1172.5,451.5,False,3
platinum,1024,137,-1,Unknown,473.7,317.2,False,3
platinum,1024,138,-1,Unknown,173.0,341.7,False,3
platinum,1024,139,-1,Unknown,610.0,327.5,False,3
platinum,1025,118,0,Black,435.8,573.6,False,3
platinum,1025,123,0,Black,1166.0,285.9,False,3
platinum,1025,131,0,Black,1136.4,389.8,False,3
platinum,1025,136,-1,Unknown,1172.5,451.5,False,3
platinum,1025,137,-1,Unknown,477.0,317.3,False,3
platinum,1025,138,0,Black,178.5,341.2,False,3
platinum,1025,139,-1,Unknown,610.0,327.5,False,3
platinum,1026,118,0,Black,438.1,572.8,False,3
platinum,1026,123,0,Black,1168.5,285.6,False,3
platinum,1026,131,0,Black,1134.6,389.4,False,3
platinum,1026,136,-1,Unknown,1172.5,451.5,False,3
platinum,1026,137,-1,Unknown,480.2,317.5,False,3
platinum,1026,138,0,Black,182.6,341.4,False,3
platinum,1026,139,-1,Unknown,610.0,327.5,False,3
platinum,1027,118,0,Black,440.5,571.9,False,3
platinum,1027,123,0,Black,1171.0,285.4,False,3
platinum,1027,131,0,Black,1132.8,389.1,False,3
platinum,1027,136,-1,Unknown,1172.5,451.5,False,3
platinum,1027,137,-1,Unknown,483.5,317.7,False,3
platinum,1027,138,0,Black,188.0,340.1,False,3
platinum,1027,139,-1,Unknown,639.5,317.5,False,3
platinum,1028,118,0,Black,442.8,571.1,False,3
platinum,1028,123,0,Black,1160.4,282.2,False,3
platinum,1028,131,0,Black,1131.0,388.7,False,3
platinum,1028,136,-1,Unknown,1172.5,451.5,False,3
platinum,1028,137,-1,Unknown,486.7,317.8,False,3
platinum,1028,138,0,Black,191.6,340.7,False,3
platinum,1028,139,-1,Unknown,655.1,324.5,False,3
platinum,1029,118,0,Black,445.1,570.2,False,3
platinum,1029,123,0,Black,1160.9,279.9,False,3
platinum,1029,131,0,Black,1129.2,388.4,False,3
platinum,1029,137,-1,Unknown,490.0,318.0,False,3
platinum,1029,138,0,Black,195.2,341.4,False,3
platinum,1029,139,-1,Unknown,667.6,325.9,False,3
platinum,1030,118,0,Black,447.5,569.4,False,3
platinum,1030,123,0,Black,1160.8,281.0,False,3
platinum,1030,131,0,Black,1127.4,388.0,False,3
platinum,1030,137,-1,Unknown,493.2,318.2,False,3
platinum,1030,138,0,Black,198.8,342.0,False,3
platinum,1030,139,-1,Unknown,680.0,327.2,False,3
platinum,1031,118,0,Black,449.8,568.5,False,3
platinum,1031,123,0,Black,1160.7,281.2,False,3
platinum,1031,131,0,Black,1125.6,387.7,False,3
platinum,1031,137,-1,Unknown,496.5,318.3,False,3
platinum,1031,138,0,Black,202.4,342.7,False,3
platinum,1031,139,-1,Unknown,692.4,328.5,False,3
platinum,1032,118,0,Black,452.2,567.7,False,3
platinum,1032,123,0,Black,1161.9,280.8,False,3
platinum,1032,131,0,Black,1123.7,387.3,False,3
platinum,1032,137,-1,Unknown,499.7,318.5,False,3
platinum,1032,138,0,Black,206.0,343.3,False,3
platinum,1032,139,-1,Unknown,704.9,329.9,False,3
platinum,1033,118,0,Black,492.0,548.2,False,3
platinum,1033,123,0,Black,1152.6,285.5,False,3
platinum,1033,131,0,Black,1121.9,387.0,False,3
platinum,1033,137,-1,Unknown,503.0,318.7,False,3
platinum,1033,138,0,Black,209.6,344.0,False,3
platinum,1033,139,-1,Unknown,717.3,331.2,False,3
platinum,1033,140,-1,Unknown,1198.5,416.5,False,3
platinum,1034,118,0,Black,496.1,546.5,False,3
platinum,1034,123,0,Black,1152.9,285.5,False,3
platinum,1034,131,0,Black,1120.1,386.6,False,3
platinum,1034,137,-1,Unknown,506.2,318.8,False,3
platinum,1034,138,0,Black,213.2,344.6,False,3
platinum,1034,139,-1,Unknown,729.8,332.5,False,3
platinum,1034,140,-1,Unknown,1198.5,416.5,False,3
platinum,1035,118,0,Black,500.2,544.8,False,3
platinum,1035,123,0,Black,1153.2,285.6,False,3
platinum,1035,137,-1,Unknown,509.5,319.0,False,3
platinum,1035,138,0,Black,216.8,345.2,False,3
platinum,1035,139,-1,Unknown,742.2,333.9,False,3
platinum,1035,140,-1,Unknown,1198.5,416.5,False,3
platinum,1036,118,0,Black,504.3,543.1,False,3
platinum,1036,123,0,Black,1153.4,285.6,False,3
platinum,1036,137,-1,Unknown,512.7,319.2,False,3
platinum,1036,138,0,Black,220.4,345.9,False,3
platinum,1036,139,-1,Unknown,754.6,335.2,False,3
platinum,1036,140,-1,Unknown,1198.5,416.5,False,3
platinum,1037,118,0,Black,508.4,541.3,False,3
platinum,1037,123,0,Black,1153.7,285.6,False,3
platinum,1037,137,-1,Unknown,516.0,319.3,False,3
platinum,1037,138,0,Black,224.0,346.5,False,3
platinum,1037,139,-1,Unknown,767.1,336.5,False,3
platinum,1037,140,-1,Unknown,1198.5,416.5,False,3
platinum,1038,118,0,Black,512.5,539.6,False,3
platinum,1038,123,0,Black,1154.0,285.7,False,3
platinum,1038,138,0,Black,227.6,347.2,False,3
platinum,1038,139,-1,Unknown,779.5,337.9,False,3
platinum,1038,140,-1,Unknown,1218.0,407.0,False,3
platinum,1039,118,0,Black,516.6,537.9,False,3
platinum,1039,123,0,Black,1154.2,285.7,False,3
platinum,1039,138,0,Black,231.2,347.8,False,3
platinum,1039,139,-1,Unknown,791.9,339.2,False,3
platinum,1039,140,-1,Unknown,1219.7,410.3,False,3
platinum,1040,118,0,Black,520.7,536.2,False,3
platinum,1040,123,0,Black,1154.5,285.8,False,3
platinum,1040,138,0,Black,234.8,348.4,False,3
platinum,1040,139,-1,Unknown,804.4,340.5,False,3
platinum,1040,140,-1,Unknown,1223.0,409.9,False,3
platinum,1041,118,0,Black,524.8,534.5,False,3
platinum,1041,123,0,Black,1154.8,285.8,False,3
platinum,1041,138,0,Black,238.4,349.1,False,3
platinum,1041,139,-1,Unknown,816.8,341.9,False,3
platinum,1041,140,-1,Unknown,1226.3,409.4,False,3
platinum,1041,141,0,Black,1200.5,503.0,False,3
platinum,1042,118,0,Black,528.9,532.7,False,3
platinum,1042,123,0,Black,1155.0,285.8,False,3
platinum,1042,138,0,Black,242.0,349.7,False,3
platinum,1042,139,-1,Unknown,829.3,343.2,False,3
platinum,1042,140,-1,Unknown,1229.6,409.0,False,3
platinum,1042,141,0,Black,1198.5,506.0,False,3
platinum,1043,118,0,Black,533.0,531.0,False,3
platinum,1043,123,0,Black,1155.3,285.9,False,3
platinum,1043,138,0,Black,245.6,350.4,False,3
platinum,1043,139,-1,Unknown,841.7,344.5,False,3
platinum,1043,140,-1,Unknown,1232.9,408.6,False,3
platinum,1043,141,0,Black,1197.0,507.1,False,3
platinum,1044,118,0,Black,537.1,529.3,False,3
platinum,1044,123,0,Black,1155.6,285.9,False,3
platinum,1044,138,0,Black,249.2,351.0,False,3
platinum,1044,139,-1,Unknown,854.1,345.9,False,3
platinum,1044,140,-1,Unknown,1236.1,408.1,False,3
platinum,1044,141,0,Black,1191.7,523.3,False,3
platinum,1045,118,0,Black,541.1,527.6,False,3
platinum,1045,123,0,Black,1155.8,286.0,False,3
platinum,1045,138,0,Black,252.9,351.7,False,3
platinum,1045,139,-1,Unknown,866.6,347.2,False,3
platinum,1045,140,-1,Unknown,1239.4,407.7,False,3
platinum,1045,141,0,Black,1187.3,542.6,False,3
platinum,1046,118,0,Black,545.2,525.8,False,3
platinum,1046,123,0,Black,1156.1,286.0,False,3
platinum,1046,138,0,Black,256.5,352.3,False,3
platinum,1046,139,-1,Unknown,879.0,348.5,False,3
platinum,1046,140,-1,Unknown,1242.7,407.3,False,3
platinum,1046,141,0,Black,1181.3,551.8,False,3
platinum,1047,118,0,Black,549.3,524.1,False,3
platinum,1047,123,0,Black,1156.4,286.0,False,3
platinum,1047,138,0,Black,260.1,352.9,False,3
platinum,1047,139,-1,Unknown,891.5,349.9,False,3
platinum,1047,140,-1,Unknown,1246.0,406.8,False,3
platinum,1047,141,0,Black,1177.0,554.9,False,3
platinum,1048,118,0,Black,553.4,522.4,False,3
platinum,1048,123,0,Black,1156.6,286.1,False,3
platinum,1048,139,-1,Unknown,903.9,351.2,False,3
platinum,1048,140,-1,Unknown,1249.3,406.4,False,3
platinum,1048,141,0,Black,1172.6,564.8,False,3
platinum,1049,118,0,Black,557.5,520.7,False,3
platinum,1049,123,0,Black,1156.9,286.1,False,3
platinum,1049,140,-1,Unknown,1252.6,405.9,False,3
platinum,1049,141,0,Black,1168.2,574.6,False,3
platinum,1050,118,0,Black,561.6,519.0,False,3
platinum,1050,123,0,Black,1157.2,286.2,False,3
platinum,1050,140,-1,Unknown,1255.8,405.5,False,3
platinum,1050,141,0,Black,1156.9,577.5,False,3
platinum,1050,142,0,Black,1165.5,562.5,False,3
platinum,1051,118,0,Black,565.7,517.2,False,3
platinum,1051,123,0,Black,1157.4,286.2,False,3
platinum,1051,140,-1,Unknown,1259.1,405.1,False,3
platinum,1051,141,0,Black,1155.4,585.4,False,3
platinum,1051,142,0,Black,1165.5,562.5,False,3
platinum,1052,118,0,Black,569.8,515.5,False,3
platinum,1052,123,0,Black,1157.7,286.2,False,3
platinum,1052,140,-1,Unknown,1262.4,404.6,False,3
platinum,1052,141,0,Black,1153.5,588.0,False,3
platinum,1052,142,0,Black,1165.5,562.5,False,3
platinum,1053,118,0,Black,573.9,513.8,False,3
platinum,1053,123,0,Black,1158.0,286.3,False,3
platinum,1053,140,-1,Unknown,1265.7,404.2,False,3
platinum,1053,141,0,Black,1154.3,589.3,False,3
platinum,1053,142,0,Black,1165.5,562.5,False,3
platinum,1054,140,-1,Unknown,1269.0,403.8,False,3
platinum,1054,141,0,Black,1155.5,588.9,False,3
platinum,1054,142,0,Black,1165.5,562.5,False,3
platinum,1055,140,-1,Unknown,1272.3,403.3,False,3
platinum,1055,141,0,Black,1152.2,595.2,False,3
platinum,1055,142,0,Black,1165.5,562.5,False,3
platinum,1056,140,-1,Unknown,1275.5,402.9,False,3
platinum,1056,141,0,Black,1156.4,586.3,False,3
platinum,1056,142,0,Black,1165.5,562.5,False,3
platinum,1057,140,-1,Unknown,1278.8,402.5,False,3
platinum,1057,141,0,Black,1153.8,591.1,False,3
platinum,1057,142,0,Black,1165.5,562.5,False,3
platinum,1058,140,-1,Unknown,1282.1,402.0,False,3
platinum,1058,141,0,Black,1151.3,595.9,False,3
platinum,1058,142,0,Black,1165.5,562.5,False,3
platinum,1059,140,-1,Unknown,1285.4,401.6,False,3
platinum,1059,141,0,Black,1148.7,600.7,False,3
platinum,1059,142,0,Black,1164.5,569.0,False,3
platinum,1060,141,0,Black,1161.5,553.8,False,3
platinum,1060,142,0,Black,1164.1,566.3,False,3
platinum,1061,141,0,Black,1160.2,554.2,False,3
platinum,1061,142,0,Black,1164.0,566.2,False,3
platinum,1062,141,0,Black,1159.0,554.6,False,3
platinum,1062,142,0,Black,1164.3,564.7,False,3
platinum,1063,141,0,Black,1157.8,554.9,False,3
platinum,1063,142,0,Black,1163.7,562.5,False,3
platinum,1064,141,0,Black,1156.5,555.3,False,3
platinum,1064,142,0,Black,1163.9,561.0,False,3
platinum,1065,141,0,Black,1155.3,555.7,False,3
platinum,1065,142,0,Black,1164.3,559.8,False,3
platinum,1066,141,0,Black,1154.1,556.1,False,3
platinum,1066,142,0,Black,1166.4,557.4,False,3
platinum,1066,143,0,Black,316.5,382.5,False,3
platinum,1066,144,0,Black,1197.5,260.5,False,3
platinum,1066,145,0,Black,929.0,411.0,False,3
platinum,1067,141,0,Black,1152.8,556.4,False,3
platinum,1067,142,0,Black,1167.9,555.2,False,3
platinum,1067,143,0,Black,316.5,382.5,False,3
platinum,1067,144,0,Black,1197.0,254.0,False,3
platinum,1067,145,0,Black,925.5,404.5,False,3
platinum,1068,141,0,Black,1151.6,556.8,False,3
platinum,1068,142,0,Black,1168.1,552.1,False,3
platinum,1068,143,0,Black,316.5,382.5,False,3
platinum,1068,144,0,Black,1195.1,248.9,False,3
platinum,1068,145,0,Black,923.4,404.6,False,3
platinum,1069,141,0,Black,1150.4,557.2,False,3
platinum,1069,142,0,Black,1169.1,551.3,False,3
platinum,1069,143,0,Black,316.5,382.5,False,3
platinum,1069,144,0,Black,1193.5,249.4,False,3
platinum,1069,145,0,Black,924.8,403.9,False,3
platinum,1070,141,0,Black,1149.1,557.5,False,3
platinum,1070,142,0,Black,1169.5,550.1,False,3
platinum,1070,143,0,Black,316.5,382.5,False,3
platinum,1070,144,0,Black,1191.2,260.7,False,3
platinum,1070,145,0,Black,924.4,403.0,False,3
platinum,1071,141,0,Black,1147.9,557.9,False,3
platinum,1071,142,0,Black,1171.5,549.8,False,3
platinum,1071,143,0,Black,316.5,382.5,False,3
platinum,1071,144,0,Black,1189.3,263.2,False,3
platinum,1071,145,0,Black,924.0,402.1,False,3
platinum,1072,141,0,Black,1146.7,558.3,False,3
platinum,1072,142,0,Black,1172.7,548.6,False,3
platinum,1072,143,0,Black,316.5,382.5,False,3
platinum,1072,144,0,Black,1185.8,231.3,False,3
platinum,1072,145,0,Black,923.5,401.2,False,3
platinum,1072,146,-1,Unknown,1169.0,330.5,False,3
platinum,1073,141,0,Black,1145.4,558.7,False,3
platinum,1073,142,0,Black,1173.3,547.4,False,3
platinum,1073,143,0,Black,316.5,382.5,False,3
platinum,1073,144,0,Black,1182.8,226.5,False,3
platinum,1073,145,0,Black,923.1,400.3,False,3
platinum,1073,146,-1,Unknown,1169.0,330.5,False,3
platinum,1074,141,0,Black,1144.2,559.0,False,3
platinum,1074,142,0,Black,1173.9,546.3,False,3
platinum,1074,143,0,Black,316.5,382.5,False,3
platinum,1074,144,0,Black,1180.1,224.3,False,3
platinum,1074,145,0,Black,922.7,399.4,False,3
platinum,1074,146,-1,Unknown,1169.0,330.5,False,3
platinum,1075,141,0,Black,1142.9,559.4,False,3
platinum,1075,142,0,Black,1174.6,545.2,False,3
platinum,1075,143,0,Black,316.5,382.5,False,3
platinum,1075,144,0,Black,1175.9,218.6,False,3
platinum,1075,145,0,Black,921.5,398.0,False,3
platinum,1075,146,-1,Unknown,1169.0,330.5,False,3
platinum,1076,141,0,Black,1141.7,559.8,False,3
platinum,1076,142,0,Black,1175.2,544.1,False,3
platinum,1076,143,0,Black,316.5,382.5,False,3
platinum,1076,144,0,Black,1172.7,218.3,False,3
platinum,1076,145,0,Black,921.0,397.0,False,3
platinum,1076,146,-1,Unknown,1169.0,330.5,False,3
platinum,1077,141,0,Black,1140.5,560.2,False,3
platinum,1077,142,0,Black,1175.8,543.0,False,3
platinum,1077,143,0,Black,316.5,382.5,False,3
platinum,1077,144,0,Black,1167.3,217.1,False,3
platinum,1077,145,0,Black,920.5,396.1,False,3
platinum,1077,146,-1,Unknown,1169.0,330.5,False,3
platinum,1078,141,0,Black,1139.2,560.5,False,3
platinum,1078,142,0,Black,1176.4,541.9,False,3
platinum,1078,143,0,Black,316.5,382.5,False,3
platinum,1078,144,0,Black,1163.4,217.1,False,3
platinum,1078,145,0,Black,919.9,395.1,False,3
platinum,1078,146,-1,Unknown,1169.0,330.5,False,3
platinum,1079,141,0,Black,1138.0,560.9,False,3
platinum,1079,142,0,Black,1177.0,540.8,False,3
platinum,1079,143,0,Black,316.5,382.5,False,3
platinum,1079,144,0,Black,1159.7,215.3,False,3
platinum,1079,145,0,Black,919.4,394.1,False,3
platinum,1079,146,-1,Unknown,1169.0,330.5,False,3
platinum,1080,141,0,Black,1136.8,561.3,False,3
platinum,1080,142,0,Black,1171.3,541.4,False,3
platinum,1080,143,0,Black,316.5,382.5,False,3
platinum,1080,144,0,Black,1155.8,216.7,False,3
platinum,1080,145,0,Black,918.9,393.2,False,3
platinum,1080,146,-1,Unknown,1169.0,330.5,False,3
platinum,1081,142,0,Black,1171.2,541.2,False,3
platinum,1081,143,0,Black,316.5,382.5,False,3
platinum,1081,144,0,Black,1151.5,221.3,False,3
platinum,1081,145,0,Black,918.4,392.2,False,3
platinum,1081,146,-1,Unknown,1169.0,330.5,False,3
platinum,1082,142,0,Black,1171.3,540.2,False,3
platinum,1082,143,0,Black,316.5,382.5,False,3
platinum,1082,144,0,Black,1148.0,225.1,False,3
platinum,1082,145,0,Black,917.8,391.2,False,3
platinum,1082,146,-1,Unknown,1157.5,346.5,False,3
platinum,1083,142,0,Black,1171.5,539.3,False,3
platinum,1083,143,0,Black,316.5,382.5,False,3
platinum,1083,144,0,Black,1144.6,223.7,False,3
platinum,1083,145,0,Black,917.3,390.3,False,3
platinum,1083,146,-1,Unknown,1156.1,347.3,False,3
platinum,1084,142,0,Black,1171.6,538.4,False,3
platinum,1084,143,0,Black,316.5,382.5,False,3
platinum,1084,144,0,Black,1141.2,222.4,False,3
platinum,1084,145,0,Black,916.8,389.3,False,3
platinum,1084,146,-1,Unknown,1154.9,348.8,False,3
platinum,1085,142,0,Black,1171.8,537.4,False,3
platinum,1085,143,0,Black,316.5,382.5,False,3
platinum,1085,144,0,Black,1137.8,221.1,False,3
platinum,1085,145,0,Black,916.3,388.3,False,3
platinum,1085,146,-1,Unknown,1153.7,350.3,False,3
platinum,1086,142,0,Black,1171.9,536.5,False,3
platinum,1086,143,0,Black,316.5,382.5,False,3
platinum,1086,144,0,Black,1134.4,219.8,False,3
platinum,1086,145,0,Black,915.7,387.4,False,3
platinum,1086,146,-1,Unknown,1152.5,351.8,False,3
platinum,1087,142,0,Black,1172.1,535.6,False,3
platinum,1087,144,0,Black,1130.9,218.5,False,3
platinum,1087,145,0,Black,915.2,386.4,False,3
platinum,1087,146,-1,Unknown,1151.4,353.3,False,3
platinum,1088,142,0,Black,1172.2,534.7,False,3
platinum,1088,144,0,Black,1127.5,217.2,False,3
platinum,1088,145,0,Black,914.7,385.4,False,3
platinum,1088,146,-1,Unknown,1150.2,354.8,False,3
platinum,1089,142,0,Black,1172.4,533.7,False,3
platinum,1089,144,0,Black,1124.1,215.9,False,3
platinum,1089,145,0,Black,914.2,384.5,False,3
platinum,1089,146,-1,Unknown,1149.0,356.3,False,3
platinum,1090,142,0,Black,1172.5,532.8,False,3
platinum,1090,144,0,Black,1120.7,214.6,False,3
platinum,1090,145,0,Black,913.6,383.5,False,3
platinum,1090,146,-1,Unknown,1147.8,357.7,False,3
platinum,1091,142,0,Black,1172.7,531.9,False,3
platinum,1091,144,0,Black,1117.3,213.3,False,3
platinum,1091,145,0,Black,913.1,382.5,False,3
platinum,1091,146,-1,Unknown,1146.6,359.2,False,3
platinum,1092,142,0,Black,1172.8,530.9,False,3
platinum,1092,144,0,Black,1113.8,212.0,False,3
platinum,1092,145,0,Black,912.6,381.6,False,3
platinum,1092,146,-1,Unknown,1145.4,360.7,False,3
platinum,1093,142,0,Black,1173.0,530.0,False,3
platinum,1093,144,0,Black,1061.5,239.6,False,3
platinum,1093,145,0,Black,912.1,380.6,False,3
platinum,1093,146,-1,Unknown,1144.2,362.2,False,3
platinum,1094,142,0,Black,1173.1,529.1,False,3
platinum,1094,144,0,Black,1055.1,240.1,False,3
platinum,1094,145,0,Black,911.5,379.6,False,3
platinum,1094,146,-1,Unknown,1143.1,363.7,False,3
platinum,1095,142,0,Black,1173.3,528.2,False,3
platinum,1095,144,0,Black,1048.6,240.6,False,3
platinum,1095,145,0,Black,911.0,378.7,False,3
platinum,1095,146,-1,Unknown,1141.9,365.2,False,3
platinum,1096,142,0,Black,1173.4,527.2,False,3
platinum,1096,144,0,Black,1042.0,244.8,False,3
platinum,1096,146,-1,Unknown,1140.7,366.7,False,3
platinum,1097,142,0,Black,1173.6,526.3,False,3
platinum,1097,144,0,Black,1035.6,245.6,False,3
platinum,1097,146,-1,Unknown,1139.5,368.2,False,3
platinum,1098,142,0,Black,1173.8,525.4,False,3
platinum,1098,144,0,Black,1029.1,246.4,False,3
platinum,1098,146,-1,Unknown,1138.3,369.7,False,3
platinum,1099,142,0,Black,1173.9,524.4,False,3
platinum,1099,144,0,Black,1022.7,247.2,False,3
platinum,1099,146,-1,Unknown,1137.1,371.1,False,3
platinum,1100,142,0,Black,1174.1,523.5,False,3
platinum,1100,144,0,Black,1016.2,247.9,False,3
platinum,1100,146,-1,Unknown,1136.0,372.6,False,3
platinum,1101,142,0,Black,1174.2,522.6,False,3
platinum,1101,144,0,Black,1009.7,248.7,False,3
platinum,1101,146,-1,Unknown,1134.8,374.1,False,3
platinum,1102,144,0,Black,1003.3,249.5,False,3
platinum,1102,146,-1,Unknown,1133.6,375.6,False,3
platinum,1103,144,0,Black,996.8,250.3,False,3
platinum,1103,146,-1,Unknown,1132.4,377.1,False,3
platinum,1104,144,0,Black,990.4,251.1,False,3
platinum,1105,144,0,Black,983.9,251.9,False,3
platinum,1106,144,0,Black,977.4,252.7,False,3
platinum,1107,144,0,Black,971.0,253.4,False,3
platinum,1108,144,0,Black,964.5,254.2,False,3
platinum,1109,144,0,Black,958.1,255.0,False,3
platinum,1110,144,0,Black,951.6,255.8,False,3
platinum,1111,144,0,Black,945.1,256.6,False,3
platinum,1112,144,0,Black,938.7,257.4,False,3
platinum,1113,144,0,Black,932.2,258.2,False,3
platinum,1114,144,0,Black,925.8,259.0,False,3
platinum,1115,144,0,Black,919.3,259.7,False,3
platinum,1116,144,0,Black,912.9,260.5,False,3
platinum,1137,147,-1,Unknown,1190.5,376.0,False,3
platinum,1138,147,-1,Unknown,1190.5,376.0,False,3
platinum,1139,147,-1,Unknown,1190.5,376.0,False,3
platinum,1140,147,-1,Unknown,1190.5,376.0,False,3
platinum,1141,147,-1,Unknown,1190.5,376.0,False,3
platinum,1142,147,-1,Unknown,1190.5,376.0,False,3
platinum,1143,147,-1,Unknown,1190.5,376.0,False,3
platinum,1144,147,-1,Unknown,1190.5,376.0,False,3
platinum,1145,147,-1,Unknown,1190.5,376.0,False,3
platinum,1146,147,-1,Unknown,1190.5,376.0,False,3
platinum,1147,147,-1,Unknown,1190.5,376.0,False,3
platinum,1148,147,-1,Unknown,1190.5,376.0,False,3
platinum,1149,147,-1,Unknown,1190.5,376.0,False,3
platinum,1150,147,-1,Unknown,1190.5,376.0,False,3
platinum,1151,147,-1,Unknown,1190.5,376.0,False,3
platinum,1152,147,-1,Unknown,1190.5,376.0,False,3
platinum,1153,147,-1,Unknown,1190.5,376.0,False,3
platinum,1154,147,-1,Unknown,1190.5,376.0,False,3
platinum,1155,147,-1,Unknown,1190.5,376.0,False,3
platinum,1156,147,-1,Unknown,1190.5,376.0,False,3
platinum,1157,147,-1,Unknown,1190.5,376.0,False,3
platinum,1181,148,0,Black,536.5,374.0,False,3
platinum,1182,148,0,Black,535.5,372.5,False,3
platinum,1183,148,0,Black,531.7,370.1,False,3
platinum,1184,148,0,Black,528.4,367.8,False,3
platinum,1185,148,0,Black,525.1,365.5,False,3
platinum,1186,148,0,Black,521.8,363.3,False,3
platinum,1187,148,0,Black,518.5,361.0,False,3
platinum,1188,148,0,Black,515.2,358.7,False,3
platinum,1189,148,0,Black,511.9,356.5,False,3
platinum,1190,148,0,Black,508.6,354.2,False,3
platinum,1191,148,0,Black,505.3,351.9,False,3
platinum,1192,148,0,Black,502.0,349.7,False,3
platinum,1193,148,0,Black,498.7,347.4,False,3
platinum,1194,148,0,Black,495.4,345.2,False,3
platinum,1195,148,0,Black,492.2,342.9,False,3
platinum,1196,148,0,Black,488.9,340.6,False,3
platinum,1197,148,0,Black,485.6,338.4,False,3
platinum,1198,148,0,Black,482.3,336.1,False,3
platinum,1199,148,0,Black,479.0,333.8,False,3
platinum,1200,148,0,Black,475.7,331.6,False,3
platinum,1201,148,0,Black,472.4,329.3,False,3
platinum,1202,148,0,Black,469.1,327.0,False,3
platinum,1203,148,0,Black,465.8,324.8,False,3
platinum,1219,149,0,Black,1206.0,595.0,False,3
platinum,1220,149,0,Black,1204.5,592.5,False,3
platinum,1221,149,0,Black,1203.0,590.0,False,3
platinum,1222,149,0,Black,1201.5,587.5,False,3
platinum,1222,150,0,Black,932.5,255.0,False,3
platinum,1223,149,0,Black,1200.0,585.0,False,3
platinum,1223,150,0,Black,932.5,255.0,False,3
platinum,1224,149,0,Black,1198.5,582.5,False,3
platinum,1224,150,0,Black,932.5,255.0,False,3
platinum,1225,149,0,Black,1197.0,580.0,False,3
platinum,1225,150,0,Black,932.5,255.0,False,3
platinum,1226,149,0,Black,1195.5,577.5,False,3
platinum,1226,150,0,Black,932.5,255.0,False,3
platinum,1227,149,0,Black,1194.0,575.0,False,3
platinum,1227,150,0,Black,932.5,255.0,False,3
platinum,1228,149,0,Black,1192.5,572.5,False,3
platinum,1228,150,0,Black,932.5,255.0,False,3
platinum,1229,149,0,Black,1182.0,601.0,False,3
platinum,1229,150,0,Black,932.5,255.0,False,3
platinum,1230,149,0,Black,1180.6,600.5,False,3
platinum,1230,150,0,Black,932.5,255.0,False,3
platinum,1231,149,0,Black,1177.4,601.1,False,3
platinum,1231,150,0,Black,932.5,255.0,False,3
platinum,1232,149,0,Black,1176.6,598.6,False,3
platinum,1232,150,0,Black,932.5,255.0,False,3
platinum,1233,149,0,Black,1175.1,599.3,False,3
platinum,1233,150,0,Black,932.5,255.0,False,3
platinum,1234,149,0,Black,1173.6,595.9,False,3
platinum,1234,150,0,Black,932.5,255.0,False,3
platinum,1235,149,0,Black,1170.9,596.0,False,3
platinum,1235,150,0,Black,932.5,255.0,False,3
platinum,1236,149,0,Black,1168.7,596.0,False,3
platinum,1236,150,0,Black,932.5,255.0,False,3
platinum,1237,149,0,Black,1166.5,596.0,False,3
platinum,1237,150,0,Black,932.5,255.0,False,3
platinum,1238,149,0,Black,1164.3,595.9,False,3
platinum,1238,150,0,Black,932.5,255.0,False,3
platinum,1239,149,0,Black,1162.1,595.9,False,3
platinum,1239,150,0,Black,932.5,255.0,False,3
platinum,1240,149,0,Black,1160.0,595.9,False,3
platinum,1240,150,0,Black,932.5,255.0,False,3
platinum,1241,149,0,Black,1162.6,603.9,False,3
platinum,1241,150,0,Black,932.5,255.0,False,3
platinum,1242,149,0,Black,1159.9,604.1,False,3
platinum,1242,150,0,Black,932.5,255.0,False,3
platinum,1243,149,0,Black,1158.7,603.6,False,3
platinum,1244,149,0,Black,1157.9,604.0,False,3
platinum,1245,149,0,Black,1157.7,602.9,False,3
platinum,1246,149,0,Black,1157.3,603.1,False,3
platinum,1246,151,0,Black,919.5,380.0,False,3
platinum,1247,149,0,Black,1157.3,603.8,False,3
platinum,1247,151,0,Black,916.5,380.5,False,3
platinum,1248,149,0,Black,1156.0,603.1,False,3
platinum,1248,151,0,Black,914.9,381.5,False,3
platinum,1249,149,0,Black,1156.8,603.8,False,3
platinum,1249,151,0,Black,913.9,382.1,False,3
platinum,1250,149,0,Black,1156.9,604.3,False,3
platinum,1250,151,0,Black,914.4,383.0,False,3
platinum,1251,149,0,Black,1156.3,605.9,False,3
platinum,1251,151,0,Black,915.0,384.7,False,3
platinum,1252,149,0,Black,1153.5,606.8,False,3
platinum,1252,151,0,Black,914.6,385.6,False,3
platinum,1253,149,0,Black,1152.3,607.2,False,3
platinum,1253,151,0,Black,914.4,385.8,False,3
platinum,1254,149,0,Black,1151.1,607.7,False,3
platinum,1254,151,0,Black,915.4,386.6,False,3
platinum,1255,149,0,Black,1150.0,608.2,False,3
platinum,1255,151,0,Black,915.4,387.8,False,3
platinum,1256,149,0,Black,1148.8,608.6,False,3
platinum,1256,151,0,Black,916.5,388.9,False,3
platinum,1257,149,0,Black,1147.7,609.1,False,3
platinum,1257,151,0,Black,917.8,389.3,False,3
platinum,1258,149,0,Black,1146.5,609.6,False,3
platinum,1258,151,0,Black,920.0,388.1,False,3
platinum,1259,149,0,Black,1147.4,604.4,False,3
platinum,1259,151,0,Black,922.5,387.2,False,3
platinum,1260,149,0,Black,1146.3,604.4,False,3
platinum,1260,151,0,Black,923.1,387.7,False,3
platinum,1261,149,0,Black,1145.3,604.5,False,3
platinum,1261,151,0,Black,923.8,388.1,False,3
platinum,1262,149,0,Black,1144.3,604.6,False,3
platinum,1262,151,0,Black,924.5,388.6,False,3
platinum,1263,149,0,Black,1143.3,604.7,False,3
platinum,1263,151,0,Black,925.2,389.1,False,3
platinum,1264,149,0,Black,1142.3,604.7,False,3
platinum,1264,151,0,Black,925.8,389.5,False,3
platinum,1265,149,0,Black,1141.3,604.8,False,3
platinum,1265,151,0,Black,926.5,390.0,False,3
platinum,1266,149,0,Black,1140.3,604.9,False,3
platinum,1266,151,0,Black,927.2,390.4,False,3
platinum,1267,149,0,Black,1139.2,604.9,False,3
platinum,1267,151,0,Black,927.9,390.9,False,3
platinum,1268,149,0,Black,1138.2,605.0,False,3
platinum,1268,151,0,Black,928.5,391.3,False,3
platinum,1269,149,0,Black,1137.2,605.1,False,3
platinum,1269,151,0,Black,929.2,391.8,False,3
platinum,1270,149,0,Black,1136.2,605.1,False,3
platinum,1270,151,0,Black,929.9,392.2,False,3
platinum,1271,149,0,Black,1155.9,593.3,False,3
platinum,1271,151,0,Black,930.6,392.7,False,3
platinum,1272,149,0,Black,1156.1,592.7,False,3
platinum,1272,151,0,Black,931.2,393.2,False,3
platinum,1273,149,0,Black,1154.1,592.4,False,3
platinum,1273,151,0,Black,931.9,393.6,False,3
platinum,1274,149,0,Black,1154.1,591.8,False,3
platinum,1274,151,0,Black,932.6,394.1,False,3
platinum,1275,149,0,Black,1156.8,593.8,False,3
platinum,1275,151,0,Black,933.3,394.5,False,3
platinum,1276,149,0,Black,1157.0,593.4,False,3
platinum,1276,151,0,Black,933.9,395.0,False,3
platinum,1277,149,0,Black,1157.2,593.0,False,3
platinum,1277,151,0,Black,934.6,395.4,False,3
platinum,1278,149,0,Black,1157.5,592.7,False,3
platinum,1278,151,0,Black,935.3,395.9,False,3
platinum,1279,149,0,Black,1157.7,592.3,False,3
platinum,1279,151,0,Black,936.0,396.4,False,3
platinum,1280,149,0,Black,1157.9,591.9,False,3
platinum,1281,149,0,Black,1158.2,591.5,False,3
platinum,1282,149,0,Black,1158.4,591.2,False,3
platinum,1283,149,0,Black,1158.7,590.8,False,3
platinum,1284,149,0,Black,1158.9,590.4,False,3
platinum,1285,149,0,Black,1159.1,590.1,False,3
platinum,1286,149,0,Black,1159.4,589.7,False,3
platinum,1287,149,0,Black,1159.6,589.3,False,3
platinum,1288,149,0,Black,1159.9,588.9,False,3
platinum,1289,149,0,Black,1160.1,588.6,False,3
platinum,1290,149,0,Black,1160.3,588.2,False,3
platinum,1291,149,0,Black,1160.6,587.8,False,3
platinum,1292,149,0,Black,1160.8,587.5,False,3
platinum,1293,149,0,Black,1161.0,587.1,False,3
platinum,1294,149,0,Black,1161.3,586.7,False,3
platinum,1295,149,0,Black,1161.5,586.3,False,3
platinum,1304,152,-1,Unknown,1170.5,613.0,False,3
platinum,1305,152,-1,Unknown,1169.0,614.0,False,3
platinum,1306,152,-1,Unknown,1170.3,611.7,False,3
platinum,1307,152,-1,Unknown,1171.1,610.0,False,3
platinum,1308,152,-1,Unknown,1173.4,616.4,False,3
platinum,1309,152,-1,Unknown,1174.7,617.5,False,3
platinum,1310,152,-1,Unknown,1176.0,618.6,False,3
platinum,1311,152,-1,Unknown,1177.3,619.7,False,3
platinum,1312,152,-1,Unknown,1178.6,620.8,False,3
platinum,1313,152,0,Black,1178.1,630.6,False,3
platinum,1314,152,0,Black,1180.5,629.4,False,3
platinum,1315,152,0,Black,1181.7,631.3,False,3
platinum,1316,152,0,Black,1182.9,633.1,False,3
platinum,1317,152,0,Black,1184.1,634.9,False,3
platinum,1318,152,0,Black,1196.2,610.7,False,3
platinum,1319,152,0,Black,1198.8,605.9,False,3
platinum,1320,152,0,Black,1199.4,603.6,False,3
platinum,1321,152,0,Black,1200.9,602.4,False,3
platinum,1322,152,0,Black,1201.3,600.4,False,3
platinum,1323,152,0,Black,1203.3,599.1,False,3
platinum,1324,152,0,Black,1205.2,597.8,False,3
platinum,1325,152,0,Black,1207.1,596.5,False,3
platinum,1326,152,0,Black,1209.0,595.2,False,3
platinum,1327,152,0,Black,1210.9,593.8,False,3
platinum,1328,152,0,Black,1212.9,592.5,False,3
platinum,1329,152,0,Black,1214.8,591.2,False,3
platinum,1330,152,0,Black,1216.7,589.9,False,3
platinum,1331,152,0,Black,1218.6,588.6,False,3
platinum,1332,152,0,Black,1220.5,587.3,False,3
platinum,1333,152,0,Black,1222.5,586.0,False,3
platinum,1334,152,0,Black,1224.4,584.6,False,3
platinum,1335,152,0,Black,1226.3,583.3,False,3
platinum,1336,152,0,Black,1228.2,582.0,False,3
platinum,1337,152,0,Black,1230.1,580.7,False,3
platinum,1338,152,0,Black,1232.1,579.4,False,3
platinum,1339,152,0,Black,1234.0,578.1,False,3
platinum,1340,152,0,Black,1235.9,576.8,False,3
platinum,1341,152,0,Black,1237.8,575.4,False,3
platinum,1342,152,0,Black,1239.7,574.1,False,3
platinum,1368,153,0,Black,1182.5,337.5,False,3
platinum,1369,153,0,Black,1180.5,337.5,False,3
platinum,1370,153,0,Black,1179.9,337.5,False,3
platinum,1371,153,0,Black,1181.6,338.3,False,3
platinum,1372,153,0,Black,1182.0,338.8,False,3
platinum,1373,153,0,Black,1182.4,339.2,False,3
platinum,1374,153,0,Black,1182.8,339.6,False,3
platinum,1375,153,0,Black,1177.7,336.2,False,3
platinum,1376,153,0,Black,1177.4,335.6,False,3
platinum,1377,153,0,Black,1176.9,335.3,False,3
platinum,1378,153,0,Black,1176.4,335.0,False,3
platinum,1379,153,0,Black,1176.4,333.7,False,3
platinum,1380,153,0,Black,1176.0,333.2,False,3
platinum,1381,153,0,Black,1175.5,332.8,False,3
platinum,1382,153,0,Black,1175.1,332.4,False,3
platinum,1383,153,0,Black,1174.6,332.0,False,3
platinum,1384,153,0,Black,1174.2,331.5,False,3
platinum,1385,153,0,Black,1173.7,331.1,False,3
platinum,1386,153,0,Black,1173.3,330.7,False,3
platinum,1387,153,0,Black,1172.8,330.3,False,3
platinum,1388,153,0,Black,1172.4,329.8,False,3
platinum,1389,153,0,Black,1171.9,329.4,False,3
platinum,1390,153,0,Black,1171.5,329.0,False,3
platinum,1391,153,0,Black,1175.9,329.0,False,3
platinum,1392,153,0,Black,1175.7,328.6,False,3
platinum,1393,153,0,Black,1175.6,328.2,False,3
platinum,1394,153,0,Black,1175.4,327.8,False,3
platinum,1395,153,0,Black,1175.3,327.4,False,3
platinum,1396,153,0,Black,1175.1,327.0,False,3
platinum,1397,153,0,Black,1175.0,326.6,False,3
platinum,1398,153,0,Black,1174.8,326.2,False,3
platinum,1399,153,0,Black,1174.7,325.8,False,3
platinum,1399,154,-1,Unknown,1206.5,631.5,False,3
platinum,1400,153,0,Black,1174.5,325.4,False,3
platinum,1400,154,-1,Unknown,1206.5,631.5,False,3
platinum,1401,153,0,Black,1174.4,325.0,False,3
platinum,1401,154,-1,Unknown,1206.5,631.5,False,3
platinum,1402,153,0,Black,1174.2,324.6,False,3
platinum,1402,154,-1,Unknown,1206.5,631.5,False,3
platinum,1403,153,0,Black,1174.1,324.2,False,3
platinum,1403,154,-1,Unknown,1206.5,631.5,False,3
platinum,1404,153,0,Black,1173.9,323.8,False,3
platinum,1404,154,-1,Unknown,1206.5,631.5,False,3
platinum,1405,153,0,Black,1173.8,323.4,False,3
platinum,1405,154,-1,Unknown,1206.5,631.5,False,3
platinum,1406,153,0,Black,1173.6,323.0,False,3
platinum,1406,154,-1,Unknown,1206.5,631.5,False,3
platinum,1407,153,0,Black,1173.5,322.6,False,3
platinum,1407,154,-1,Unknown,1202.5,632.0,False,3
platinum,1408,153,0,Black,1173.3,322.2,False,3
platinum,1408,154,-1,Unknown,1202.0,632.4,False,3
platinum,1409,153,0,Black,1173.2,321.8,False,3
platinum,1409,154,-1,Unknown,1201.2,632.2,False,3
platinum,1410,153,0,Black,1173.0,321.4,False,3
platinum,1410,154,0,Black,1200.5,632.1,False,3
platinum,1411,153,0,Black,1172.8,321.0,False,3
platinum,1411,154,0,Black,1200.3,631.4,False,3
platinum,1412,154,0,Black,1199.8,631.3,False,3
platinum,1413,154,0,Black,1199.3,631.2,False,3
platinum,1414,154,0,Black,1198.8,631.1,False,3
platinum,1415,154,0,Black,1198.3,631.0,False,3
platinum,1416,154,0,Black,1197.7,630.9,False,3
platinum,1417,154,0,Black,1197.2,630.9,False,3
platinum,1418,154,0,Black,1196.7,630.8,False,3
platinum,1419,154,0,Black,1196.2,630.7,False,3
platinum,1420,154,0,Black,1195.7,630.6,False,3
platinum,1420,155,0,Black,782.0,202.5,False,3
platinum,1420,156,0,Black,890.0,273.5,False,3
platinum,1421,154,0,Black,1200.8,632.9,False,3
platinum,1421,155,0,Black,788.0,207.0,False,3
platinum,1421,156,0,Black,886.5,272.0,False,3
platinum,1422,154,0,Black,1200.9,633.0,False,3
platinum,1422,155,0,Black,787.4,210.1,False,3
platinum,1422,156,0,Black,888.6,278.0,False,3
platinum,1423,154,0,Black,1200.9,632.7,False,3
platinum,1423,155,0,Black,789.3,208.4,False,3
platinum,1423,156,0,Black,889.7,282.6,False,3
platinum,1424,154,0,Black,1200.9,632.3,False,3
platinum,1424,155,0,Black,797.1,207.1,False,3
platinum,1424,156,0,Black,890.8,287.3,False,3
platinum,1425,154,0,Black,1201.0,632.1,False,3
platinum,1425,155,0,Black,798.7,206.7,False,3
platinum,1425,156,0,Black,891.9,291.9,False,3
platinum,1426,154,0,Black,1201.3,631.4,False,3
platinum,1426,155,0,Black,801.8,206.6,False,3
platinum,1426,156,0,Black,893.0,296.5,False,3
platinum,1427,154,0,Black,1201.4,631.4,False,3
platinum,1427,155,0,Black,804.9,206.5,False,3
platinum,1427,156,0,Black,894.1,301.1,False,3
platinum,1428,154,0,Black,1201.5,631.8,False,3
platinum,1428,155,0,Black,808.0,206.4,False,3
platinum,1428,156,0,Black,895.2,305.7,False,3
platinum,1429,154,0,Black,1201.5,632.2,False,3
platinum,1429,155,0,Black,811.0,206.3,False,3
platinum,1429,156,0,Black,896.3,310.4,False,3
platinum,1430,154,0,Black,1201.5,632.4,False,3
platinum,1430,155,0,Black,814.1,206.1,False,3
platinum,1430,156,0,Black,897.4,315.0,False,3
platinum,1431,154,0,Black,1201.5,632.5,False,3
platinum,1431,155,0,Black,817.2,206.0,False,3
platinum,1431,156,0,Black,898.4,319.6,False,3
platinum,1432,154,0,Black,1201.5,632.2,False,3
platinum,1432,155,0,Black,820.3,205.9,False,3
platinum,1432,156,0,Black,899.5,324.2,False,3
platinum,1433,154,0,Black,1201.2,633.4,False,3
platinum,1433,155,0,Black,823.4,205.8,False,3
platinum,1433,156,0,Black,900.6,328.8,False,3
platinum,1434,154,0,Black,1201.0,633.2,False,3
platinum,1434,155,0,Black,826.4,205.7,False,3
platinum,1434,156,0,Black,901.7,333.4,False,3
platinum,1435,154,0,Black,1200.7,632.8,False,3
platinum,1435,155,0,Black,829.5,205.6,False,3
platinum,1435,156,0,Black,902.8,338.1,False,3
platinum,1436,154,0,Black,1200.5,632.3,False,3
platinum,1436,155,0,Black,832.6,205.5,False,3
platinum,1436,156,0,Black,903.9,342.7,False,3
platinum,1437,154,0,Black,1200.8,633.1,False,3
platinum,1437,155,0,Black,835.7,205.4,False,3
platinum,1437,156,0,Black,905.0,347.3,False,3
platinum,1438,154,0,Black,1201.2,634.7,False,3
platinum,1438,155,0,Black,838.8,205.3,False,3
platinum,1438,156,0,Black,906.1,351.9,False,3
platinum,1439,154,0,Black,1201.2,634.9,False,3
platinum,1439,155,0,Black,841.8,205.2,False,3
platinum,1439,156,0,Black,907.2,356.5,False,3
platinum,1440,154,0,Black,1201.2,635.1,False,3
platinum,1440,155,0,Black,844.9,205.1,False,3
platinum,1440,156,0,Black,908.2,361.1,False,3
platinum,1441,154,0,Black,1201.2,635.3,False,3
platinum,1441,155,0,Black,848.0,205.0,False,3
platinum,1441,156,0,Black,909.3,365.8,False,3
platinum,1442,154,0,Black,1201.2,635.5,False,3
platinum,1442,155,0,Black,851.1,204.9,False,3
platinum,1442,156,0,Black,910.4,370.4,False,3
platinum,1443,154,0,Black,1201.2,635.7,False,3
platinum,1443,155,0,Black,854.2,204.8,False,3
platinum,1444,154,0,Black,1201.2,635.9,False,3
platinum,1444,155,0,Black,857.2,204.7,False,3
platinum,1445,154,0,Black,1201.2,636.1,False,3
platinum,1445,155,0,Black,860.3,204.6,False,3
platinum,1445,157,-1,Unknown,1020.5,285.0,False,3
platinum,1446,154,0,Black,1201.2,636.3,False,3
platinum,1446,157,-1,Unknown,1020.5,285.0,False,3
platinum,1447,154,0,Black,1201.2,636.5,False,3
platinum,1447,157,-1,Unknown,1020.5,285.0,False,3
platinum,1448,154,0,Black,1201.2,636.7,False,3
platinum,1448,157,-1,Unknown,1020.5,285.0,False,3
platinum,1449,154,0,Black,1201.2,636.9,False,3
platinum,1449,157,-1,Unknown,1020.5,285.0,False,3
platinum,1450,154,0,Black,1201.2,637.1,False,3
platinum,1450,157,-1,Unknown,1020.5,285.0,False,3
platinum,1451,154,0,Black,1201.2,637.3,False,3
platinum,1451,157,-1,Unknown,1020.5,285.0,False,3
platinum,1452,154,0,Black,1201.2,637.5,False,3
platinum,1452,157,-1,Unknown,1020.5,285.0,False,3
platinum,1453,154,0,Black,1201.2,637.7,False,3
platinum,1453,157,-1,Unknown,1020.5,285.0,False,3
platinum,1454,154,0,Black,1201.2,638.0,False,3
platinum,1454,157,-1,Unknown,1020.5,285.0,False,3
platinum,1455,154,0,Black,1201.2,638.2,False,3
platinum,1455,157,-1,Unknown,1020.5,285.0,False,3
platinum,1456,154,0,Black,1201.2,638.4,False,3
platinum,1456,157,-1,Unknown,1020.5,285.0,False,3
platinum,1457,154,0,Black,1199.5,634.1,False,3
platinum,1457,157,-1,Unknown,1020.5,285.0,False,3
platinum,1458,154,0,Black,1199.4,634.0,False,3
platinum,1458,157,-1,Unknown,968.5,307.5,False,3
platinum,1459,154,0,Black,1199.4,634.0,False,3
platinum,1459,157,-1,Unknown,964.5,309.2,False,3
platinum,1460,154,0,Black,1199.3,634.0,False,3
platinum,1460,157,0,Black,988.6,303.8,False,3
platinum,1460,158,-1,Unknown,712.0,250.5,False,3
platinum,1461,154,0,Black,1199.2,634.0,False,3
platinum,1461,157,0,Black,987.8,304.7,False,3
platinum,1461,158,-1,Unknown,712.0,250.5,False,3
platinum,1462,154,0,Black,1199.1,634.0,False,3
platinum,1462,157,0,Black,987.1,305.6,False,3
platinum,1462,158,-1,Unknown,712.0,250.5,False,3
platinum,1463,154,0,Black,1197.6,633.1,False,3
platinum,1463,157,0,Black,986.3,306.5,False,3
platinum,1463,158,-1,Unknown,712.0,250.5,False,3
platinum,1464,154,0,Black,1196.8,632.3,False,3
platinum,1464,157,0,Black,985.5,307.4,False,3
platinum,1464,158,-1,Unknown,712.0,250.5,False,3
platinum,1465,154,0,Black,1196.8,632.1,False,3
platinum,1465,157,0,Black,984.7,308.3,False,3
platinum,1465,158,-1,Unknown,712.0,250.5,False,3
platinum,1466,154,0,Black,1196.5,632.0,False,3
platinum,1466,157,0,Black,984.0,309.2,False,3
platinum,1466,158,-1,Unknown,712.0,250.5,False,3
platinum,1467,154,0,Black,1196.8,632.3,False,3
platinum,1467,157,0,Black,983.2,310.1,False,3
platinum,1467,158,-1,Unknown,712.0,250.5,False,3
platinum,1468,154,0,Black,1196.5,631.7,False,3
platinum,1468,157,0,Black,982.4,311.0,False,3
platinum,1468,158,-1,Unknown,712.0,250.5,False,3
platinum,1469,154,0,Black,1196.3,631.6,False,3
platinum,1469,157,0,Black,981.6,311.9,False,3
platinum,1469,158,-1,Unknown,745.0,280.0,False,3
platinum,1470,154,0,Black,1196.2,631.5,False,3
platinum,1470,157,0,Black,980.8,312.8,False,3
platinum,1470,158,-1,Unknown,748.7,283.3,False,3
platinum,1471,154,0,Black,1196.0,631.3,False,3
platinum,1471,157,0,Black,980.1,313.7,False,3
platinum,1471,158,-1,Unknown,752.3,286.6,False,3
platinum,1472,154,0,Black,1195.8,631.2,False,3
platinum,1472,157,0,Black,979.3,314.6,False,3
platinum,1472,158,-1,Unknown,769.6,278.6,False,3
platinum,1473,154,0,Black,1195.6,631.0,False,3
platinum,1473,157,0,Black,978.5,315.5,False,3
platinum,1473,158,-1,Unknown,775.1,280.3,False,3
platinum,1474,154,0,Black,1195.4,630.9,False,3
platinum,1474,157,0,Black,977.7,316.4,False,3
platinum,1474,158,-1,Unknown,780.7,282.0,False,3
platinum,1475,154,0,Black,1195.2,630.7,False,3
platinum,1475,157,0,Black,977.0,317.3,False,3
platinum,1475,158,-1,Unknown,786.2,283.8,False,3
platinum,1476,154,0,Black,1195.0,630.6,False,3
platinum,1476,157,0,Black,976.2,318.2,False,3
platinum,1476,158,-1,Unknown,791.7,285.5,False,3
platinum,1477,154,0,Black,1194.9,630.5,False,3
platinum,1477,157,0,Black,975.4,319.2,False,3
platinum,1477,158,-1,Unknown,797.2,287.3,False,3
platinum,1478,154,0,Black,1194.7,630.3,False,3
platinum,1478,157,0,Black,974.6,320.1,False,3
platinum,1478,158,-1,Unknown,802.7,289.0,False,3
platinum,1479,154,0,Black,1194.5,630.2,False,3
platinum,1479,157,0,Black,973.9,321.0,False,3
platinum,1479,158,-1,Unknown,808.3,290.8,False,3
platinum,1480,154,0,Black,1194.3,630.0,False,3
platinum,1480,157,0,Black,973.1,321.9,False,3
platinum,1480,158,-1,Unknown,813.8,292.5,False,3
platinum,1481,154,0,Black,1194.1,629.9,False,3
platinum,1481,158,-1,Unknown,819.3,294.2,False,3
platinum,1482,154,0,Black,1193.9,629.8,False,3
platinum,1482,158,-1,Unknown,824.8,296.0,False,3
platinum,1483,154,0,Black,1190.1,634.4,False,3
platinum,1483,158,-1,Unknown,830.3,297.7,False,3
platinum,1484,154,0,Black,1189.2,634.5,False,3
platinum,1484,158,-1,Unknown,835.9,299.5,False,3
platinum,1485,154,0,Black,1188.3,636.2,False,3
platinum,1485,158,-1,Unknown,841.4,301.2,False,3
platinum,1486,154,0,Black,1187.9,635.8,False,3
platinum,1486,158,-1,Unknown,846.9,303.0,False,3
platinum,1487,154,0,Black,1187.8,634.4,False,3
platinum,1487,158,-1,Unknown,852.4,304.7,False,3
platinum,1488,154,0,Black,1188.1,634.1,False,3
platinum,1488,158,-1,Unknown,858.0,306.4,False,3
platinum,1489,154,0,Black,1188.6,634.1,False,3
platinum,1489,158,-1,Unknown,863.5,308.2,False,3
platinum,1490,154,0,Black,1188.3,634.1,False,3
platinum,1490,158,-1,Unknown,869.0,309.9,False,3
platinum,1491,154,0,Black,1188.0,634.1,False,3
platinum,1491,158,-1,Unknown,874.5,311.7,False,3
platinum,1492,154,0,Black,1187.1,636.5,False,3
platinum,1492,158,-1,Unknown,880.0,313.4,False,3
platinum,1493,154,0,Black,1187.6,637.6,False,3
platinum,1494,154,0,Black,1188.1,636.6,False,3
platinum,1494,159,-1,Unknown,1087.5,442.5,False,3
platinum,1495,154,0,Black,1188.3,636.6,False,3
platinum,1495,159,-1,Unknown,1096.5,444.0,False,3
platinum,1496,154,0,Black,1188.4,636.3,False,3
platinum,1496,159,-1,Unknown,1102.7,446.0,False,3
platinum,1497,154,0,Black,1188.7,636.5,False,3
platinum,1497,159,-1,Unknown,1104.4,447.1,False,3
platinum,1498,154,0,Black,1188.6,636.6,False,3
platinum,1498,159,-1,Unknown,1105.8,447.0,False,3
platinum,1499,154,0,Black,1188.1,637.3,False,3
platinum,1499,159,0,Black,1107.9,448.3,False,3
platinum,1500,154,0,Black,1188.0,637.5,False,3
platinum,1500,159,0,Black,1108.1,448.7,False,3
platinum,1501,154,0,Black,1187.9,637.7,False,3
platinum,1501,159,0,Black,1107.7,451.6,False,3
platinum,1502,154,0,Black,1187.7,637.8,False,3
platinum,1502,159,0,Black,1109.4,452.9,False,3
platinum,1503,154,0,Black,1187.6,638.0,False,3
platinum,1503,159,0,Black,1111.2,454.2,False,3
platinum,1504,154,0,Black,1187.5,638.2,False,3
platinum,1504,159,0,Black,1113.0,455.4,False,3
platinum,1505,154,0,Black,1187.4,638.4,False,3
platinum,1505,159,0,Black,1115.0,457.0,False,3
platinum,1506,154,0,Black,1187.2,638.5,False,3
platinum,1506,159,0,Black,1116.8,458.3,False,3
platinum,1507,154,0,Black,1187.1,638.7,False,3
platinum,1507,159,0,Black,1118.6,459.6,False,3
platinum,1508,154,0,Black,1187.0,638.9,False,3
platinum,1508,159,0,Black,1120.4,460.9,False,3
platinum,1509,154,0,Black,1186.9,639.1,False,3
platinum,1509,159,0,Black,1110.9,460.2,False,3
platinum,1510,154,0,Black,1186.7,639.2,False,3
platinum,1510,159,0,Black,1110.2,461.1,False,3
platinum,1511,154,0,Black,1186.6,639.4,False,3
platinum,1511,159,0,Black,1108.9,460.7,False,3
platinum,1512,154,0,Black,1186.5,639.6,False,3
platinum,1512,159,0,Black,1107.2,460.3,False,3
platinum,1513,154,0,Black,1186.4,639.8,False,3
platinum,1513,159,0,Black,1107.4,461.1,False,3
platinum,1514,154,0,Black,1186.2,639.9,False,3
platinum,1514,159,0,Black,1107.6,461.9,False,3
platinum,1515,154,0,Black,1186.1,640.1,False,3
platinum,1515,159,0,Black,1107.8,462.7,False,3
platinum,1516,154,0,Black,1186.0,640.3,False,3
platinum,1516,159,0,Black,1108.0,463.5,False,3
platinum,1517,154,0,Black,1185.9,640.4,False,3
platinum,1517,159,0,Black,1108.2,464.3,False,3
platinum,1518,154,0,Black,1185.7,640.6,False,3
platinum,1518,159,0,Black,1108.4,465.1,False,3
platinum,1519,154,0,Black,1185.6,640.8,False,3
platinum,1519,159,0,Black,1108.6,465.9,False,3
platinum,1520,159,0,Black,1108.9,466.8,False,3
platinum,1521,159,0,Black,1109.1,467.6,False,3
platinum,1522,159,0,Black,1109.3,468.4,False,3
platinum,1523,159,0,Black,1109.5,469.2,False,3
platinum,1524,159,0,Black,1109.7,470.0,False,3
platinum,1525,159,0,Black,1109.9,470.8,False,3
platinum,1526,159,0,Black,1110.1,471.6,False,3
platinum,1527,159,0,Black,1109.5,471.0,False,3
platinum,1528,159,0,Black,1109.7,471.8,False,3
platinum,1529,159,0,Black,1109.9,472.5,False,3
platinum,1529,160,0,Black,504.5,354.5,False,3
platinum,1530,159,0,Black,1110.0,473.2,False,3
platinum,1530,160,0,Black,504.5,354.5,False,3
platinum,1531,159,0,Black,1106.5,478.0,False,3
platinum,1531,160,0,Black,504.5,354.5,False,3
platinum,1532,159,0,Black,1106.4,479.0,False,3
platinum,1532,160,0,Black,504.5,354.5,False,3
platinum,1533,159,0,Black,1106.3,480.1,False,3
platinum,1533,160,0,Black,504.5,354.5,False,3
platinum,1534,159,0,Black,1106.1,481.1,False,3
platinum,1534,160,0,Black,504.5,354.5,False,3
platinum,1535,159,0,Black,1106.0,482.2,False,3
platinum,1535,160,0,Black,504.5,354.5,False,3
platinum,1535,161,-1,Unknown,1181.0,643.0,False,3
platinum,1536,159,0,Black,1105.9,483.2,False,3
platinum,1536,160,0,Black,504.5,354.5,False,3
platinum,1536,161,-1,Unknown,1181.0,643.0,False,3
platinum,1537,159,0,Black,1105.8,484.3,False,3
platinum,1537,160,0,Black,504.5,354.5,False,3
platinum,1537,161,-1,Unknown,1181.0,643.0,False,3
platinum,1538,159,0,Black,1105.6,485.3,False,3
platinum,1538,160,0,Black,504.5,354.5,False,3
platinum,1538,161,-1,Unknown,1181.0,643.0,False,3
platinum,1539,159,0,Black,1105.5,486.4,False,3
platinum,1539,160,0,Black,504.5,354.5,False,3
platinum,1539,161,-1,Unknown,1181.0,643.0,False,3
platinum,1540,159,0,Black,1105.4,487.4,False,3
platinum,1540,160,0,Black,504.5,354.5,False,3
platinum,1540,161,-1,Unknown,1181.0,643.0,False,3
platinum,1541,159,0,Black,1105.3,488.5,False,3
platinum,1541,160,0,Black,504.5,354.5,False,3
platinum,1541,161,-1,Unknown,1181.0,643.0,False,3
platinum,1542,159,0,Black,1105.2,489.5,False,3
platinum,1542,160,0,Black,504.5,354.5,False,3
platinum,1542,161,-1,Unknown,1181.0,643.0,False,3
platinum,1543,159,0,Black,1105.0,490.6,False,3
platinum,1543,160,0,Black,504.5,354.5,False,3
platinum,1543,161,-1,Unknown,1181.0,643.0,False,3
platinum,1544,159,0,Black,1104.9,491.6,False,3
platinum,1544,160,0,Black,504.5,354.5,False,3
platinum,1544,161,-1,Unknown,1181.0,643.0,False,3
platinum,1544,162,0,Black,1083.0,269.0,False,3
platinum,1545,159,0,Black,1104.8,492.7,False,3
platinum,1545,160,0,Black,504.5,354.5,False,3
platinum,1545,161,-1,Unknown,1181.0,643.0,False,3
platinum,1545,162,0,Black,1095.5,271.0,False,3
platinum,1546,159,0,Black,1104.7,493.7,False,3
platinum,1546,160,0,Black,504.5,354.5,False,3
platinum,1546,161,-1,Unknown,1181.0,643.0,False,3
platinum,1546,162,0,Black,1108.0,273.0,False,3
platinum,1547,159,0,Black,1104.6,494.8,False,3
platinum,1547,160,0,Black,504.5,354.5,False,3
platinum,1547,161,-1,Unknown,1181.0,643.0,False,3
platinum,1547,162,0,Black,1120.5,275.0,False,3
platinum,1548,159,0,Black,1104.4,495.8,False,3
platinum,1548,160,0,Black,504.5,354.5,False,3
platinum,1548,161,-1,Unknown,1181.0,643.0,False,3
platinum,1548,162,0,Black,1133.0,277.0,False,3
platinum,1549,159,0,Black,1104.3,496.9,False,3
platinum,1549,160,0,Black,504.5,354.5,False,3
platinum,1549,161,-1,Unknown,1181.0,643.0,False,3
platinum,1549,162,0,Black,1145.4,279.0,False,3
platinum,1550,159,0,Black,1104.2,497.9,False,3
platinum,1550,161,-1,Unknown,1181.0,643.0,False,3
platinum,1550,162,0,Black,1157.9,281.0,False,3
platinum,1551,159,0,Black,1104.1,499.0,False,3
platinum,1551,161,-1,Unknown,1181.0,643.0,False,3
platinum,1551,162,0,Black,1170.4,283.0,False,3
platinum,1552,161,-1,Unknown,1181.0,643.0,False,3
platinum,1552,162,0,Black,1182.9,285.0,False,3
platinum,1553,161,-1,Unknown,1181.0,643.0,False,3
platinum,1553,162,0,Black,1195.4,287.0,False,3
platinum,1554,161,-1,Unknown,1181.0,643.0,False,3
platinum,1554,162,0,Black,1207.9,289.0,False,3
platinum,1555,161,-1,Unknown,1181.0,643.0,False,3
platinum,1555,162,0,Black,1220.3,291.0,False,3
platinum,1556,162,0,Black,1232.8,293.0,False,3
platinum,1557,162,0,Black,1245.3,295.0,False,3
platinum,1558,162,0,Black,1257.8,297.0,False,3
platinum,1559,162,0,Black,1270.3,299.0,False,3
platinum,1560,162,0,Black,1282.8,301.0,False,3
platinum,1561,162,0,Black,1295.3,303.0,False,3
platinum,1562,162,0,Black,1307.7,305.0,False,3
platinum,1563,162,0,Black,1320.2,307.0,False,3
platinum,1564,162,0,Black,1332.7,309.0,False,3
platinum,1565,162,0,Black,1345.2,311.0,False,3
